timestamp,session,symbol,open,high,low,close,volume
2025-04-28T09:30:00-0400,2025-04-28,AURA,42.057744,42.161242,42.046097,42.110598,41431
2025-04-28T09:30:00-0400,2025-04-28,BOLT,118.300113,118.39683,118.239412,118.303618,13912
2025-04-28T09:30:00-0400,2025-04-28,CRUX,75.252944,75.50546,75.229039,75.420006,47481
2025-04-28T09:30:00-0400,2025-04-28,DUNE,23.853319,23.856846,23.813929,23.831651,44478
2025-04-28T09:30:00-0400,2025-04-28,ECHO,310.863049,312.196713,310.737089,311.707556,8271
2025-04-28T09:35:00-0400,2025-04-28,AURA,42.09148,42.139506,41.968134,41.980444,18347
2025-04-28T09:35:00-0400,2025-04-28,BOLT,118.312226,118.412011,118.269489,118.339792,10917
2025-04-28T09:35:00-0400,2025-04-28,CRUX,75.467197,75.634068,75.350345,75.390932,47896
2025-04-28T09:35:00-0400,2025-04-28,DUNE,23.83452,23.891897,23.720593,23.816551,55322
2025-04-28T09:35:00-0400,2025-04-28,ECHO,311.657547,312.227244,308.013158,308.077702,9851
2025-04-28T09:40:00-0400,2025-04-28,AURA,41.990226,42.176733,41.964476,42.072995,22914
2025-04-28T09:40:00-0400,2025-04-28,BOLT,118.377828,118.395915,118.21493,118.262463,14025
2025-04-28T09:40:00-0400,2025-04-28,CRUX,75.459211,75.465151,75.201811,75.399276,41764
2025-04-28T09:40:00-0400,2025-04-28,DUNE,23.818613,23.828704,23.706725,23.715309,39006
2025-04-28T09:40:00-0400,2025-04-28,ECHO,308.148336,308.643869,306.664885,306.744093,10336
2025-04-28T09:45:00-0400,2025-04-28,AURA,42.065117,42.105089,41.981898,42.038185,31607
2025-04-28T09:45:00-0400,2025-04-28,BOLT,118.25283,118.307365,118.050722,118.287313,26317
2025-04-28T09:45:00-0400,2025-04-28,CRUX,75.455999,75.570618,75.066397,75.346395,56316
2025-04-28T09:45:00-0400,2025-04-28,DUNE,23.673413,23.700781,23.650678,23.698271,52141
2025-04-28T09:45:00-0400,2025-04-28,ECHO,306.852902,307.608519,302.883272,304.506579,5949
2025-04-28T09:50:00-0400,2025-04-28,AURA,42.032504,42.119336,42.02475,42.105593,37715
2025-04-28T09:50:00-0400,2025-04-28,BOLT,118.234293,118.640534,118.152469,118.537283,13655
2025-04-28T09:50:00-0400,2025-04-28,CRUX,75.3943,75.73911,75.360411,75.681497,60588
2025-04-28T09:50:00-0400,2025-04-28,DUNE,23.681159,23.955837,23.642619,23.925754,60760
2025-04-28T09:50:00-0400,2025-04-28,ECHO,304.490145,306.902868,303.735171,306.294762,14048
2025-04-28T09:55:00-0400,2025-04-28,AURA,42.117745,42.151179,42.085128,42.094821,14822
2025-04-28T09:55:00-0400,2025-04-28,BOLT,118.557958,118.611199,118.517116,118.579421,16791
2025-04-28T09:55:00-0400,2025-04-28,CRUX,75.661965,75.999483,75.654211,75.993412,24920
2025-04-28T09:55:00-0400,2025-04-28,DUNE,23.909654,24.052672,23.838686,24.026774,61392
2025-04-28T09:55:00-0400,2025-04-28,ECHO,306.58069,308.709019,305.343408,307.109231,5733
2025-04-28T10:00:00-0400,2025-04-28,AURA,42.105168,42.144495,42.075053,42.115863,24488
2025-04-28T10:00:00-0400,2025-04-28,BOLT,118.571898,119.020112,117.92847,118.003806,14377
2025-04-28T10:00:00-0400,2025-04-28,CRUX,76.02465,76.267555,75.72644,75.766064,17481
2025-04-28T10:00:00-0400,2025-04-28,DUNE,24.017592,24.031962,23.972308,23.976114,60137
2025-04-28T10:00:00-0400,2025-04-28,ECHO,306.89872,307.207328,303.75837,304.840744,14741
2025-04-28T10:05:00-0400,2025-04-28,AURA,42.104016,42.176106,42.059499,42.146606,33630
2025-04-28T10:05:00-0400,2025-04-28,BOLT,118.0094,118.259069,117.917175,117.951987,15057
2025-04-28T10:05:00-0400,2025-04-28,CRUX,75.701441,75.739022,75.32364,75.395684,43911
2025-04-28T10:05:00-0400,2025-04-28,DUNE,23.968202,23.994829,23.908689,23.967547,70613
2025-04-28T10:05:00-0400,2025-04-28,ECHO,304.836552,307.445113,303.371698,306.071918,8561
2025-04-28T10:10:00-0400,2025-04-28,AURA,42.162932,42.266711,42.140236,42.166446,19262
2025-04-28T10:10:00-0400,2025-04-28,BOLT,117.929456,117.94285,117.786912,117.935397,17342
2025-04-28T10:10:00-0400,2025-04-28,CRUX,75.38908,75.434586,75.13211,75.277537,33698
2025-04-28T10:10:00-0400,2025-04-28,DUNE,23.979476,24.033706,23.861541,23.913015,51050
2025-04-28T10:10:00-0400,2025-04-28,ECHO,305.450318,305.649966,305.247319,305.504384,5071
2025-04-28T10:15:00-0400,2025-04-28,AURA,42.170992,42.25877,42.154744,42.257001,34035
2025-04-28T10:15:00-0400,2025-04-28,BOLT,117.988268,118.192189,117.860139,117.86119,22513
2025-04-28T10:15:00-0400,2025-04-28,CRUX,75.227167,75.247246,74.630965,74.81866,33132
2025-04-28T10:15:00-0400,2025-04-28,DUNE,23.922529,23.976839,23.855033,23.868791,26233
2025-04-28T10:15:00-0400,2025-04-28,ECHO,305.753091,306.535463,305.247013,305.541217,10392
2025-04-28T10:20:00-0400,2025-04-28,AURA,42.25819,42.288274,42.248207,42.266145,25660
2025-04-28T10:20:00-0400,2025-04-28,BOLT,117.917652,117.917728,117.60897,117.756348,18849
2025-04-28T10:20:00-0400,2025-04-28,CRUX,74.807838,74.945258,74.750606,74.89028,31033
2025-04-28T10:20:00-0400,2025-04-28,DUNE,23.855028,23.938518,23.767062,23.805842,90303
2025-04-28T10:20:00-0400,2025-04-28,ECHO,305.777828,306.182674,302.728193,303.658212,8565
2025-04-28T10:25:00-0400,2025-04-28,AURA,42.278377,42.303644,42.195671,42.197877,16156
2025-04-28T10:25:00-0400,2025-04-28,BOLT,117.811081,118.168017,117.67235,118.006807,23665
2025-04-28T10:25:00-0400,2025-04-28,CRUX,74.878364,74.884746,74.688261,74.781135,33942
2025-04-28T10:25:00-0400,2025-04-28,DUNE,23.794482,23.876723,23.776974,23.831399,81686
2025-04-28T10:25:00-0400,2025-04-28,ECHO,303.518088,304.650214,303.460095,303.573652,5672
2025-04-28T10:30:00-0400,2025-04-28,AURA,42.20547,42.275078,42.164464,42.234939,16899
2025-04-28T10:30:00-0400,2025-04-28,BOLT,118.008629,118.023971,117.884498,117.924825,24255
2025-04-28T10:30:00-0400,2025-04-28,CRUX,74.773259,74.873388,74.58867,74.843627,25998
2025-04-28T10:30:00-0400,2025-04-28,DUNE,23.814154,23.878771,23.729006,23.832342,36646
2025-04-28T10:30:00-0400,2025-04-28,ECHO,303.56468,304.603544,302.474894,304.49649,5800
2025-04-28T10:35:00-0400,2025-04-28,AURA,42.232129,42.267162,42.224322,42.248587,18071
2025-04-28T10:35:00-0400,2025-04-28,BOLT,117.875181,118.255884,117.795207,118.143531,8424
2025-04-28T10:35:00-0400,2025-04-28,CRUX,74.880821,75.059436,74.798344,74.96289,29967
2025-04-28T10:35:00-0400,2025-04-28,DUNE,23.814063,23.826536,23.612483,23.696874,52306
2025-04-28T10:35:00-0400,2025-04-28,ECHO,304.81075,305.24817,302.923399,303.858937,4904
2025-04-28T10:40:00-0400,2025-04-28,AURA,42.237014,42.333501,42.230712,42.257604,31028
2025-04-28T10:40:00-0400,2025-04-28,BOLT,118.071139,118.098185,117.611863,117.645359,12865
2025-04-28T10:40:00-0400,2025-04-28,CRUX,74.998788,75.047872,74.751689,74.941494,34992
2025-04-28T10:40:00-0400,2025-04-28,DUNE,23.700519,23.727709,23.557102,23.634102,45442
2025-04-28T10:40:00-0400,2025-04-28,ECHO,303.967936,304.11422,303.209631,303.55696,7213
2025-04-28T10:45:00-0400,2025-04-28,AURA,42.260018,42.295751,42.117826,42.120537,38172
2025-04-28T10:45:00-0400,2025-04-28,BOLT,117.621808,117.866594,117.579992,117.592674,14905
2025-04-28T10:45:00-0400,2025-04-28,CRUX,74.907952,75.054707,74.753529,75.054505,26696
2025-04-28T10:45:00-0400,2025-04-28,DUNE,23.61796,23.686535,23.58569,23.6411,69599
2025-04-28T10:45:00-0400,2025-04-28,ECHO,303.602337,303.948197,302.222178,303.404087,8960
2025-04-28T10:50:00-0400,2025-04-28,AURA,42.12348,42.178217,42.08156,42.156732,21519
2025-04-28T10:50:00-0400,2025-04-28,BOLT,117.576285,117.728078,117.213752,117.335155,13389
2025-04-28T10:50:00-0400,2025-04-28,CRUX,75.026659,75.277248,74.924758,75.006177,37115
2025-04-28T10:50:00-0400,2025-04-28,DUNE,23.642075,23.696748,23.45382,23.49338,37918
2025-04-28T10:50:00-0400,2025-04-28,ECHO,303.407504,304.444337,301.537874,302.540628,7555
2025-04-28T10:55:00-0400,2025-04-28,AURA,42.163762,42.20586,42.154621,42.203408,16647
2025-04-28T10:55:00-0400,2025-04-28,BOLT,117.362304,117.52856,117.106949,117.307738,19517
2025-04-28T10:55:00-0400,2025-04-28,CRUX,75.027051,75.34249,74.827979,75.265873,27843
2025-04-28T10:55:00-0400,2025-04-28,DUNE,23.475598,23.830301,23.469774,23.69684,38436
2025-04-28T10:55:00-0400,2025-04-28,ECHO,302.216683,303.008989,301.894798,302.166041,6420
2025-04-28T11:00:00-0400,2025-04-28,AURA,42.205195,42.255194,42.193415,42.243853,26857
2025-04-28T11:00:00-0400,2025-04-28,BOLT,117.275837,117.369743,117.256743,117.367245,6183
2025-04-28T11:00:00-0400,2025-04-28,CRUX,75.314437,75.348482,75.175314,75.319377,7931
2025-04-28T11:00:00-0400,2025-04-28,DUNE,23.690518,23.797166,23.586976,23.78165,30509
2025-04-28T11:00:00-0400,2025-04-28,ECHO,302.3526,302.73553,300.684154,301.72564,6544
2025-04-28T11:05:00-0400,2025-04-28,AURA,42.256061,42.2785,42.123823,42.16575,29366
2025-04-28T11:05:00-0400,2025-04-28,BOLT,117.389881,117.653074,116.700898,116.793697,8941
2025-04-28T11:05:00-0400,2025-04-28,CRUX,75.300896,75.402465,74.963067,75.077214,22121
2025-04-28T11:05:00-0400,2025-04-28,DUNE,23.772669,23.836642,23.73095,23.74848,52478
2025-04-28T11:05:00-0400,2025-04-28,ECHO,301.253769,301.823848,300.991258,301.472245,5074
2025-04-28T11:10:00-0400,2025-04-28,AURA,42.170466,42.213686,42.125801,42.151708,14808
2025-04-28T11:10:00-0400,2025-04-28,BOLT,116.727046,117.349515,116.597128,117.253631,12962
2025-04-28T11:10:00-0400,2025-04-28,CRUX,75.09428,75.104548,75.051401,75.061772,26190
2025-04-28T11:10:00-0400,2025-04-28,DUNE,23.767952,23.842085,23.628294,23.628521,54517
2025-04-28T11:10:00-0400,2025-04-28,ECHO,301.348913,302.030582,300.749718,301.279922,4050
2025-04-28T11:15:00-0400,2025-04-28,AURA,42.134414,42.210798,42.015002,42.055179,14192
2025-04-28T11:15:00-0400,2025-04-28,BOLT,117.238991,117.354328,116.902352,117.039584,8900
2025-04-28T11:15:00-0400,2025-04-28,CRUX,75.078487,75.244632,74.797829,74.872036,13481
2025-04-28T11:15:00-0400,2025-04-28,DUNE,23.628734,23.667998,23.507312,23.521324,45778
2025-04-28T11:15:00-0400,2025-04-28,ECHO,301.145597,302.300949,299.367924,300.469804,2955
2025-04-28T11:20:00-0400,2025-04-28,AURA,42.066938,42.099428,41.995161,42.004743,20061
2025-04-28T11:20:00-0400,2025-04-28,BOLT,117.103705,117.213407,116.830395,117.08801,11112
2025-04-28T11:20:00-0400,2025-04-28,CRUX,74.86178,75.245555,74.60284,75.219068,21290
2025-04-28T11:20:00-0400,2025-04-28,DUNE,23.531451,23.644578,23.506275,23.611343,43323
2025-04-28T11:20:00-0400,2025-04-28,ECHO,300.369337,301.285592,300.281477,301.055998,3846
2025-04-28T11:25:00-0400,2025-04-28,AURA,42.0162,42.085775,41.990935,42.047678,10647
2025-04-28T11:25:00-0400,2025-04-28,BOLT,117.096091,117.136033,116.763745,116.875823,14694
2025-04-28T11:25:00-0400,2025-04-28,CRUX,75.219558,75.663715,75.177356,75.568867,17708
2025-04-28T11:25:00-0400,2025-04-28,DUNE,23.601399,23.606747,23.395659,23.502599,59512
2025-04-28T11:25:00-0400,2025-04-28,ECHO,301.633439,301.858645,300.449367,300.487998,3610
2025-04-28T11:30:00-0400,2025-04-28,AURA,42.053862,42.056569,41.884545,41.88504,11955
2025-04-28T11:30:00-0400,2025-04-28,BOLT,116.934475,117.03952,116.535107,116.683809,7752
2025-04-28T11:30:00-0400,2025-04-28,CRUX,75.574455,75.578124,75.503215,75.519551,11296
2025-04-28T11:30:00-0400,2025-04-28,DUNE,23.496839,23.522442,23.418799,23.454737,29170
2025-04-28T11:30:00-0400,2025-04-28,ECHO,300.567678,301.014197,299.540401,300.426265,4364
2025-04-28T11:35:00-0400,2025-04-28,AURA,41.87085,41.944589,41.8395,41.908085,12298
2025-04-28T11:35:00-0400,2025-04-28,BOLT,116.685233,117.235231,116.340801,117.212175,7267
2025-04-28T11:35:00-0400,2025-04-28,CRUX,75.517792,75.695552,75.372223,75.553464,73826
2025-04-28T11:35:00-0400,2025-04-28,DUNE,23.449609,23.490194,23.403614,23.479389,31833
2025-04-28T11:35:00-0400,2025-04-28,ECHO,300.60567,301.257678,299.060056,300.060577,2083
2025-04-28T11:40:00-0400,2025-04-28,AURA,41.899546,41.948663,41.86778,41.917964,16288
2025-04-28T11:40:00-0400,2025-04-28,BOLT,117.236552,117.25518,116.752109,116.898398,10726
2025-04-28T11:40:00-0400,2025-04-28,CRUX,75.556665,75.653822,75.388001,75.647756,17439
2025-04-28T11:40:00-0400,2025-04-28,DUNE,23.474377,23.516839,23.467341,23.513169,30351
2025-04-28T11:40:00-0400,2025-04-28,ECHO,299.704341,300.348633,299.117364,300.011533,8254
2025-04-28T11:45:00-0400,2025-04-28,AURA,41.920729,42.02203,41.882009,41.987309,8856
2025-04-28T11:45:00-0400,2025-04-28,BOLT,116.931837,117.244348,116.838472,117.146737,4726
2025-04-28T11:45:00-0400,2025-04-28,CRUX,75.58513,75.822812,75.459768,75.683371,20371
2025-04-28T11:45:00-0400,2025-04-28,DUNE,23.493294,23.511696,23.448801,23.461894,19578
2025-04-28T11:45:00-0400,2025-04-28,ECHO,299.535309,301.800762,299.362763,301.495356,3311
2025-04-28T11:50:00-0400,2025-04-28,AURA,41.97765,42.075604,41.972421,42.053655,12194
2025-04-28T11:50:00-0400,2025-04-28,BOLT,117.13087,117.224902,116.789229,116.912562,7189
2025-04-28T11:50:00-0400,2025-04-28,CRUX,75.718029,75.836441,75.647357,75.707269,20828
2025-04-28T11:50:00-0400,2025-04-28,DUNE,23.475345,23.508727,23.421169,23.466215,51754
2025-04-28T11:50:00-0400,2025-04-28,ECHO,301.393292,303.026878,301.369895,302.212909,4178
2025-04-28T11:55:00-0400,2025-04-28,AURA,42.042287,42.192622,42.022517,42.149157,17750
2025-04-28T11:55:00-0400,2025-04-28,BOLT,116.910619,117.063649,116.742355,116.780255,10932
2025-04-28T11:55:00-0400,2025-04-28,CRUX,75.670801,76.057685,75.644298,76.014195,12491
2025-04-28T11:55:00-0400,2025-04-28,DUNE,23.465947,23.547922,23.438436,23.52516,47173
2025-04-28T11:55:00-0400,2025-04-28,ECHO,302.486816,303.628586,300.635575,302.077182,4679
2025-04-28T12:00:00-0400,2025-04-28,AURA,42.12871,42.210108,42.095284,42.167828,12275
2025-04-28T12:00:00-0400,2025-04-28,BOLT,116.843887,117.175147,116.711738,116.783042,12979
2025-04-28T12:00:00-0400,2025-04-28,CRUX,76.007722,76.143106,75.881527,75.980622,11017
2025-04-28T12:00:00-0400,2025-04-28,DUNE,23.541586,23.59032,23.492356,23.529941,26918
2025-04-28T12:00:00-0400,2025-04-28,ECHO,302.018299,302.170279,300.540405,301.462038,2729
2025-04-28T12:05:00-0400,2025-04-28,AURA,42.160828,42.349419,42.152101,42.304241,11732
2025-04-28T12:05:00-0400,2025-04-28,BOLT,116.747031,116.983868,116.580589,116.911159,15673
2025-04-28T12:05:00-0400,2025-04-28,CRUX,75.98903,76.518265,75.941508,76.458283,10289
2025-04-28T12:05:00-0400,2025-04-28,DUNE,23.545909,23.743668,23.513165,23.681812,52579
2025-04-28T12:05:00-0400,2025-04-28,ECHO,301.018279,302.808116,300.917162,302.516743,2901
2025-04-28T12:10:00-0400,2025-04-28,AURA,42.312551,42.445924,42.306556,42.4439,11441
2025-04-28T12:10:00-0400,2025-04-28,BOLT,116.870387,116.945987,116.718862,116.765538,8395
2025-04-28T12:10:00-0400,2025-04-28,CRUX,76.445287,76.482886,76.324013,76.414531,13407
2025-04-28T12:10:00-0400,2025-04-28,DUNE,23.688988,23.835474,23.657956,23.822766,24239
2025-04-28T12:10:00-0400,2025-04-28,ECHO,302.743049,305.711004,301.498802,304.495056,2563
2025-04-28T12:15:00-0400,2025-04-28,AURA,42.441698,42.451337,42.334332,42.350375,14926
2025-04-28T12:15:00-0400,2025-04-28,BOLT,116.820049,117.571364,116.626925,117.205018,16510
2025-04-28T12:15:00-0400,2025-04-28,CRUX,76.421303,76.503416,76.22473,76.255293,11316
2025-04-28T12:15:00-0400,2025-04-28,DUNE,23.83391,23.847797,23.785818,23.790664,56766
2025-04-28T12:15:00-0400,2025-04-28,ECHO,304.013778,308.574731,302.694671,307.377416,4278
2025-04-28T12:20:00-0400,2025-04-28,AURA,42.356457,42.384234,42.312372,42.324302,16356
2025-04-28T12:20:00-0400,2025-04-28,BOLT,117.111708,117.403624,117.034734,117.379706,5955
2025-04-28T12:20:00-0400,2025-04-28,CRUX,76.314994,76.362141,76.209398,76.275011,11399
2025-04-28T12:20:00-0400,2025-04-28,DUNE,23.772716,23.847985,23.757099,23.809397,42006
2025-04-28T12:20:00-0400,2025-04-28,ECHO,307.14389,308.191384,306.774059,307.874584,3953
2025-04-28T12:25:00-0400,2025-04-28,AURA,42.335313,42.385233,42.284895,42.356542,12496
2025-04-28T12:25:00-0400,2025-04-28,BOLT,117.333221,117.790864,117.247316,117.582251,6042
2025-04-28T12:25:00-0400,2025-04-28,CRUX,76.286882,76.311921,76.045712,76.104659,13297
2025-04-28T12:25:00-0400,2025-04-28,DUNE,23.822306,24.057403,23.807749,23.963453,28802
2025-04-28T12:25:00-0400,2025-04-28,ECHO,307.896965,307.946773,307.830665,307.944629,3263
2025-04-28T12:30:00-0400,2025-04-28,AURA,42.358081,42.494714,42.351545,42.430906,12756
2025-04-28T12:30:00-0400,2025-04-28,BOLT,117.611662,118.15836,117.358295,117.870428,6434
2025-04-28T12:30:00-0400,2025-04-28,CRUX,76.178649,76.371555,76.175732,76.256155,19657
2025-04-28T12:30:00-0400,2025-04-28,DUNE,23.958906,24.009027,23.94154,23.949998,51242
2025-04-28T12:30:00-0400,2025-04-28,ECHO,307.579568,309.471391,307.182535,308.935627,2069
2025-04-28T12:35:00-0400,2025-04-28,AURA,42.422957,42.43999,42.359412,42.366438,9932
2025-04-28T12:35:00-0400,2025-04-28,BOLT,117.767503,117.87779,117.663328,117.740553,8182
2025-04-28T12:35:00-0400,2025-04-28,CRUX,76.257737,76.29401,76.126012,76.137252,11743
2025-04-28T12:35:00-0400,2025-04-28,DUNE,23.929994,23.953539,23.82962,23.846951,17533
2025-04-28T12:35:00-0400,2025-04-28,ECHO,308.33248,311.661143,307.161142,310.872717,5613
2025-04-28T12:40:00-0400,2025-04-28,AURA,42.377339,42.452947,42.18635,42.238561,9766
2025-04-28T12:40:00-0400,2025-04-28,BOLT,117.746635,117.798568,117.461342,117.506142,9978
2025-04-28T12:40:00-0400,2025-04-28,CRUX,76.143595,76.2091,75.988744,75.993528,11499
2025-04-28T12:40:00-0400,2025-04-28,DUNE,23.841274,23.876777,23.526095,23.653027,26611
2025-04-28T12:40:00-0400,2025-04-28,ECHO,310.805761,311.719497,310.303542,310.962069,3314
2025-04-28T12:45:00-0400,2025-04-28,AURA,42.248072,42.253261,42.147055,42.197571,8860
2025-04-28T12:45:00-0400,2025-04-28,BOLT,117.490595,117.600898,116.903136,117.195618,9117
2025-04-28T12:45:00-0400,2025-04-28,CRUX,76.013574,76.078207,76.013302,76.042887,13165
2025-04-28T12:45:00-0400,2025-04-28,DUNE,23.675785,23.701498,23.58593,23.61484,34663
2025-04-28T12:45:00-0400,2025-04-28,ECHO,310.547245,313.196485,310.256908,312.460206,5113
2025-04-28T12:50:00-0400,2025-04-28,AURA,42.182438,42.194371,42.147616,42.179479,10480
2025-04-28T12:50:00-0400,2025-04-28,BOLT,117.212541,117.296626,117.010407,117.293038,6434
2025-04-28T12:50:00-0400,2025-04-28,CRUX,76.002258,76.160803,75.996337,76.052703,13054
2025-04-28T12:50:00-0400,2025-04-28,DUNE,23.606722,23.621926,23.562274,23.584839,21936
2025-04-28T12:50:00-0400,2025-04-28,ECHO,312.568836,314.058121,310.048048,310.911139,3010
2025-04-28T12:55:00-0400,2025-04-28,AURA,42.181717,42.258955,42.169622,42.231646,21052
2025-04-28T12:55:00-0400,2025-04-28,BOLT,117.286756,117.344863,117.008902,117.140754,6771
2025-04-28T12:55:00-0400,2025-04-28,CRUX,76.064496,76.230179,75.733114,75.812748,26013
2025-04-28T12:55:00-0400,2025-04-28,DUNE,23.579423,23.663489,23.508523,23.657768,13864
2025-04-28T12:55:00-0400,2025-04-28,ECHO,311.367947,312.802305,307.209242,308.451978,4688
2025-04-28T13:00:00-0400,2025-04-28,AURA,42.220168,42.320798,42.214711,42.308658,17682
2025-04-28T13:00:00-0400,2025-04-28,BOLT,117.166248,117.506679,117.009114,117.411991,15043
2025-04-28T13:00:00-0400,2025-04-28,CRUX,75.798914,75.818374,75.546225,75.609572,18449
2025-04-28T13:00:00-0400,2025-04-28,DUNE,23.659144,23.662135,23.57741,23.620024,33337
2025-04-28T13:00:00-0400,2025-04-28,ECHO,308.51109,312.660099,307.065142,311.590537,4958
2025-04-28T13:05:00-0400,2025-04-28,AURA,42.299326,42.338588,42.175825,42.226473,16542
2025-04-28T13:05:00-0400,2025-04-28,BOLT,117.385679,117.654399,116.836104,116.991401,8476
2025-04-28T13:05:00-0400,2025-04-28,CRUX,75.575222,75.758122,75.433154,75.515787,6985
2025-04-28T13:05:00-0400,2025-04-28,DUNE,23.622,23.63166,23.409048,23.475949,37927
2025-04-28T13:05:00-0400,2025-04-28,ECHO,312.089278,312.648991,310.773905,311.18819,3498
2025-04-28T13:10:00-0400,2025-04-28,AURA,42.234983,42.284634,42.080057,42.09045,10844
2025-04-28T13:10:00-0400,2025-04-28,BOLT,116.954018,117.031643,116.482864,116.571825,10508
2025-04-28T13:10:00-0400,2025-04-28,CRUX,75.49884,75.834438,75.469688,75.744991,13844
2025-04-28T13:10:00-0400,2025-04-28,DUNE,23.474314,23.543121,23.441485,23.492091,27656
2025-04-28T13:10:00-0400,2025-04-28,ECHO,311.107887,312.781384,310.947261,312.048387,4255
2025-04-28T13:15:00-0400,2025-04-28,AURA,42.101393,42.20272,42.092415,42.194349,7179
2025-04-28T13:15:00-0400,2025-04-28,BOLT,116.570344,116.694146,116.480391,116.563648,5314
2025-04-28T13:15:00-0400,2025-04-28,CRUX,75.701013,76.062016,75.648838,75.894331,20532
2025-04-28T13:15:00-0400,2025-04-28,DUNE,23.536347,23.655761,23.472295,23.632081,22165
2025-04-28T13:15:00-0400,2025-04-28,ECHO,312.164588,312.967171,310.832759,311.465528,2459
2025-04-28T13:20:00-0400,2025-04-28,AURA,42.191457,42.222716,42.171738,42.205659,9272
2025-04-28T13:20:00-0400,2025-04-28,BOLT,116.546392,116.826109,116.525194,116.782915,12366
2025-04-28T13:20:00-0400,2025-04-28,CRUX,75.913795,76.091987,75.762682,76.014201,9578
2025-04-28T13:20:00-0400,2025-04-28,DUNE,23.611948,23.935247,23.554922,23.823798,26511
2025-04-28T13:20:00-0400,2025-04-28,ECHO,311.913865,312.093597,309.664203,310.475153,2688
2025-04-28T13:25:00-0400,2025-04-28,AURA,42.211153,42.215281,42.113909,42.124694,13414
2025-04-28T13:25:00-0400,2025-04-28,BOLT,116.76432,116.798086,116.333188,116.540549,8699
2025-04-28T13:25:00-0400,2025-04-28,CRUX,76.001169,76.259251,75.870858,76.182385,21920
2025-04-28T13:25:00-0400,2025-04-28,DUNE,23.812871,23.843505,23.537708,23.591204,47545
2025-04-28T13:25:00-0400,2025-04-28,ECHO,310.398838,310.689221,309.082224,310.490975,4617
2025-04-28T13:30:00-0400,2025-04-28,AURA,42.120512,42.142075,42.031938,42.050587,11827
2025-04-28T13:30:00-0400,2025-04-28,BOLT,116.533803,116.773048,116.30317,116.614691,5823
2025-04-28T13:30:00-0400,2025-04-28,CRUX,76.163802,76.487874,76.045894,76.296203,14349
2025-04-28T13:30:00-0400,2025-04-28,DUNE,23.585562,23.74783,23.561829,23.70226,34361
2025-04-28T13:30:00-0400,2025-04-28,ECHO,309.918632,311.633458,309.716057,310.640254,5649
2025-04-28T13:35:00-0400,2025-04-28,AURA,42.066737,42.160919,42.05923,42.128528,16101
2025-04-28T13:35:00-0400,2025-04-28,BOLT,116.585777,116.741992,116.345303,116.361737,9346
2025-04-28T13:35:00-0400,2025-04-28,CRUX,76.349543,76.411197,76.143912,76.389453,11256
2025-04-28T13:35:00-0400,2025-04-28,DUNE,23.701323,23.712032,23.676194,23.68074,44138
2025-04-28T13:35:00-0400,2025-04-28,ECHO,310.484131,315.721781,308.773831,313.830055,9612
2025-04-28T13:40:00-0400,2025-04-28,AURA,42.146367,42.217087,42.076248,42.210297,12788
2025-04-28T13:40:00-0400,2025-04-28,BOLT,116.33102,116.48872,116.099828,116.163342,12832
2025-04-28T13:40:00-0400,2025-04-28,CRUX,76.430019,76.480863,76.030749,76.149826,13855
2025-04-28T13:40:00-0400,2025-04-28,DUNE,23.66681,23.755556,23.590606,23.634285,39121
2025-04-28T13:40:00-0400,2025-04-28,ECHO,313.82301,314.025884,313.234963,313.726114,4095
2025-04-28T13:45:00-0400,2025-04-28,AURA,42.226971,42.255427,42.115312,42.137347,13793
2025-04-28T13:45:00-0400,2025-04-28,BOLT,116.137465,116.151871,116.014851,116.039213,14166
2025-04-28T13:45:00-0400,2025-04-28,CRUX,76.176181,76.322834,76.042203,76.120334,16675
2025-04-28T13:45:00-0400,2025-04-28,DUNE,23.63258,23.689018,23.545254,23.554423,32982
2025-04-28T13:45:00-0400,2025-04-28,ECHO,313.26257,314.0812,310.625947,312.29976,4548
2025-04-28T13:50:00-0400,2025-04-28,AURA,42.145557,42.167967,41.918102,41.967812,10326
2025-04-28T13:50:00-0400,2025-04-28,BOLT,116.053209,116.101494,115.720654,115.787086,12596
2025-04-28T13:50:00-0400,2025-04-28,CRUX,76.104395,76.175474,75.762788,75.838546,25371
2025-04-28T13:50:00-0400,2025-04-28,DUNE,23.554831,23.641346,23.326595,23.3613,23752
2025-04-28T13:50:00-0400,2025-04-28,ECHO,312.332846,313.020683,311.119449,311.218689,4533
2025-04-28T13:55:00-0400,2025-04-28,AURA,41.979417,42.004845,41.915456,41.936006,9425
2025-04-28T13:55:00-0400,2025-04-28,BOLT,115.765847,115.965191,115.095613,115.201402,14503
2025-04-28T13:55:00-0400,2025-04-28,CRUX,75.837124,76.094265,75.733692,76.063589,11649
2025-04-28T13:55:00-0400,2025-04-28,DUNE,23.367713,23.443176,23.357117,23.359478,29819
2025-04-28T13:55:00-0400,2025-04-28,ECHO,311.239674,311.923371,308.937949,309.576552,3247
2025-04-28T14:00:00-0400,2025-04-28,AURA,41.914543,41.938619,41.837119,41.883051,23767
2025-04-28T14:00:00-0400,2025-04-28,BOLT,115.248728,115.728375,115.116448,115.721345,13440
2025-04-28T14:00:00-0400,2025-04-28,CRUX,76.009386,76.287984,75.889097,76.147463,21891
2025-04-28T14:00:00-0400,2025-04-28,DUNE,23.33096,23.651529,23.267965,23.613861,24776
2025-04-28T14:00:00-0400,2025-04-28,ECHO,309.40985,311.235721,308.588839,310.842778,6686
2025-04-28T14:05:00-0400,2025-04-28,AURA,41.892268,41.910728,41.793804,41.870156,11942
2025-04-28T14:05:00-0400,2025-04-28,BOLT,115.780484,115.893601,115.383494,115.437147,15876
2025-04-28T14:05:00-0400,2025-04-28,CRUX,76.217132,76.218382,76.057126,76.138351,14547
2025-04-28T14:05:00-0400,2025-04-28,DUNE,23.606169,23.639493,23.572592,23.615798,42371
2025-04-28T14:05:00-0400,2025-04-28,ECHO,311.157929,314.23136,311.122577,313.430309,5788
2025-04-28T14:10:00-0400,2025-04-28,AURA,41.882024,41.947227,41.781396,41.805825,19287
2025-04-28T14:10:00-0400,2025-04-28,BOLT,115.382028,115.703769,115.335044,115.615128,12068
2025-04-28T14:10:00-0400,2025-04-28,CRUX,76.112721,76.321295,75.888813,76.286796,17089
2025-04-28T14:10:00-0400,2025-04-28,DUNE,23.618368,23.672634,23.496634,23.517431,33606
2025-04-28T14:10:00-0400,2025-04-28,ECHO,313.447503,314.417178,310.970886,311.411584,4108
2025-04-28T14:15:00-0400,2025-04-28,AURA,41.815089,41.995973,41.778648,41.936751,15715
2025-04-28T14:15:00-0400,2025-04-28,BOLT,115.602404,115.682418,115.461619,115.522547,6465
2025-04-28T14:15:00-0400,2025-04-28,CRUX,76.308494,76.49923,76.267226,76.452048,19924
2025-04-28T14:15:00-0400,2025-04-28,DUNE,23.508839,23.657081,23.394303,23.536077,41282
2025-04-28T14:15:00-0400,2025-04-28,ECHO,311.854946,314.51081,311.353205,313.389465,5716
2025-04-28T14:20:00-0400,2025-04-28,AURA,41.938363,41.940779,41.88375,41.891155,12039
2025-04-28T14:20:00-0400,2025-04-28,BOLT,115.460439,115.685485,115.01516,115.193229,10820
2025-04-28T14:20:00-0400,2025-04-28,CRUX,76.425654,76.45571,76.388218,76.422862,17465
2025-04-28T14:20:00-0400,2025-04-28,DUNE,23.520762,23.600042,23.471259,23.5528,41723
2025-04-28T14:20:00-0400,2025-04-28,ECHO,313.836771,314.572844,313.738404,313.864382,3319
2025-04-28T14:25:00-0400,2025-04-28,AURA,41.909288,42.053258,41.89951,42.01431,23343
2025-04-28T14:25:00-0400,2025-04-28,BOLT,115.151635,115.188534,114.988753,114.999115,13878
2025-04-28T14:25:00-0400,2025-04-28,CRUX,76.46769,76.776509,76.385846,76.713387,31099
2025-04-28T14:25:00-0400,2025-04-28,DUNE,23.537606,23.722635,23.534088,23.649588,37740
2025-04-28T14:25:00-0400,2025-04-28,ECHO,313.93396,314.739629,313.764326,314.313483,6196
2025-04-28T14:30:00-0400,2025-04-28,AURA,42.010601,42.0156,41.897069,41.932367,27146
2025-04-28T14:30:00-0400,2025-04-28,BOLT,115.010407,115.107325,114.598846,114.70553,16594
2025-04-28T14:30:00-0400,2025-04-28,CRUX,76.697614,76.800757,76.310327,76.453188,32698
2025-04-28T14:30:00-0400,2025-04-28,DUNE,23.665395,23.674924,23.515413,23.538593,77816
2025-04-28T14:30:00-0400,2025-04-28,ECHO,314.56083,314.605838,311.04213,311.507994,5255
2025-04-28T14:35:00-0400,2025-04-28,AURA,41.923673,41.995482,41.914237,41.927563,21379
2025-04-28T14:35:00-0400,2025-04-28,BOLT,114.72524,114.990752,114.560625,114.981093,8149
2025-04-28T14:35:00-0400,2025-04-28,CRUX,76.457415,76.491007,76.278848,76.383486,20753
2025-04-28T14:35:00-0400,2025-04-28,DUNE,23.547077,23.765532,23.521785,23.725109,46401
2025-04-28T14:35:00-0400,2025-04-28,ECHO,311.106876,311.231763,308.769411,309.763781,4624
2025-04-28T14:40:00-0400,2025-04-28,AURA,41.946779,42.02181,41.931955,41.965687,23184
2025-04-28T14:40:00-0400,2025-04-28,BOLT,114.972203,115.002358,114.668678,114.840483,16295
2025-04-28T14:40:00-0400,2025-04-28,CRUX,76.42307,76.444067,75.92734,76.009307,12917
2025-04-28T14:40:00-0400,2025-04-28,DUNE,23.745633,23.80934,23.722076,23.791827,58737
2025-04-28T14:40:00-0400,2025-04-28,ECHO,309.680713,310.912643,305.047869,306.551493,8204
2025-04-28T14:45:00-0400,2025-04-28,AURA,41.962085,42.066891,41.957316,42.039077,24613
2025-04-28T14:45:00-0400,2025-04-28,BOLT,114.780562,114.974272,114.736176,114.854509,13897
2025-04-28T14:45:00-0400,2025-04-28,CRUX,76.024007,76.569818,76.023139,76.386359,25906
2025-04-28T14:45:00-0400,2025-04-28,DUNE,23.76101,23.908911,23.664994,23.834402,58190
2025-04-28T14:45:00-0400,2025-04-28,ECHO,306.467125,308.483686,306.147018,308.175335,6583
2025-04-28T14:50:00-0400,2025-04-28,AURA,42.070415,42.160602,41.98139,42.141791,15285
2025-04-28T14:50:00-0400,2025-04-28,BOLT,114.829609,115.399238,114.798173,115.225395,17607
2025-04-28T14:50:00-0400,2025-04-28,CRUX,76.43155,76.537719,76.390838,76.489244,34966
2025-04-28T14:50:00-0400,2025-04-28,DUNE,23.850798,23.956749,23.797112,23.821587,108963
2025-04-28T14:50:00-0400,2025-04-28,ECHO,308.104928,311.438078,307.421876,311.263425,3524
2025-04-28T14:55:00-0400,2025-04-28,AURA,42.143026,42.268297,42.110648,42.241941,31482
2025-04-28T14:55:00-0400,2025-04-28,BOLT,115.236098,115.459803,115.056731,115.368658,18815
2025-04-28T14:55:00-0400,2025-04-28,CRUX,76.50829,76.898149,76.370076,76.758449,31363
2025-04-28T14:55:00-0400,2025-04-28,DUNE,23.832559,23.858549,23.823382,23.855352,43400
2025-04-28T14:55:00-0400,2025-04-28,ECHO,311.167488,312.160092,310.493204,310.641075,6810
2025-04-28T15:00:00-0400,2025-04-28,AURA,42.229141,42.297489,42.199752,42.249145,23117
2025-04-28T15:00:00-0400,2025-04-28,BOLT,115.406999,115.476177,115.23972,115.369624,7030
2025-04-28T15:00:00-0400,2025-04-28,CRUX,76.760035,77.178351,76.616851,77.036446,38765
2025-04-28T15:00:00-0400,2025-04-28,DUNE,23.858468,23.977136,23.849778,23.970977,47778
2025-04-28T15:00:00-0400,2025-04-28,ECHO,310.864348,316.437804,309.650252,315.993789,8405
2025-04-28T15:05:00-0400,2025-04-28,AURA,42.249126,42.389948,42.227009,42.389308,10660
2025-04-28T15:05:00-0400,2025-04-28,BOLT,115.404283,115.422979,114.916589,114.992104,15589
2025-04-28T15:05:00-0400,2025-04-28,CRUX,77.072937,77.429899,76.988561,77.050003,29915
2025-04-28T15:05:00-0400,2025-04-28,DUNE,23.966795,23.99378,23.797206,23.804523,60991
2025-04-28T15:05:00-0400,2025-04-28,ECHO,316.259822,318.071797,314.936412,317.831502,6813
2025-04-28T15:10:00-0400,2025-04-28,AURA,42.382442,42.446298,42.280581,42.333368,32931
2025-04-28T15:10:00-0400,2025-04-28,BOLT,115.011581,115.675417,114.931212,115.575891,11502
2025-04-28T15:10:00-0400,2025-04-28,CRUX,76.991001,77.072082,76.819025,76.842028,35821
2025-04-28T15:10:00-0400,2025-04-28,DUNE,23.799223,23.845561,23.676537,23.780597,43967
2025-04-28T15:10:00-0400,2025-04-28,ECHO,317.893779,320.074612,316.627048,316.717433,6143
2025-04-28T15:15:00-0400,2025-04-28,AURA,42.319124,42.33262,42.278102,42.294622,18065
2025-04-28T15:15:00-0400,2025-04-28,BOLT,115.600546,115.607255,115.328704,115.412007,17894
2025-04-28T15:15:00-0400,2025-04-28,CRUX,76.875566,76.923608,76.784672,76.81333,38401
2025-04-28T15:15:00-0400,2025-04-28,DUNE,23.788663,23.816919,23.642862,23.696296,68173
2025-04-28T15:15:00-0400,2025-04-28,ECHO,316.835416,319.085852,315.298916,318.374734,4179
2025-04-28T15:20:00-0400,2025-04-28,AURA,42.305293,42.373575,42.236292,42.324366,29285
2025-04-28T15:20:00-0400,2025-04-28,BOLT,115.409362,115.84884,115.185395,115.668442,13047
2025-04-28T15:20:00-0400,2025-04-28,CRUX,76.788033,77.076784,76.743726,76.976864,22382
2025-04-28T15:20:00-0400,2025-04-28,DUNE,23.685971,23.751157,23.640642,23.747475,63713
2025-04-28T15:20:00-0400,2025-04-28,ECHO,318.679985,320.000997,317.833087,319.58373,6977
2025-04-28T15:25:00-0400,2025-04-28,AURA,42.308538,42.439347,42.301885,42.434633,21365
2025-04-28T15:25:00-0400,2025-04-28,BOLT,115.705346,115.789405,115.19962,115.272761,18783
2025-04-28T15:25:00-0400,2025-04-28,CRUX,76.957948,77.064455,76.72416,76.834213,26606
2025-04-28T15:25:00-0400,2025-04-28,DUNE,23.752219,23.84065,23.6828,23.821755,60729
2025-04-28T15:25:00-0400,2025-04-28,ECHO,320.028113,320.415685,317.225497,317.756631,9585
2025-04-28T15:30:00-0400,2025-04-28,AURA,42.449295,42.452405,42.377816,42.425455,42069
2025-04-28T15:30:00-0400,2025-04-28,BOLT,115.227701,115.572834,115.003013,115.489059,27160
2025-04-28T15:30:00-0400,2025-04-28,CRUX,76.862458,76.988359,76.745212,76.965593,47789
2025-04-28T15:30:00-0400,2025-04-28,DUNE,23.812913,23.855982,23.699524,23.740913,44250
2025-04-28T15:30:00-0400,2025-04-28,ECHO,317.431186,318.895838,316.84774,318.739234,9469
2025-04-28T15:35:00-0400,2025-04-28,AURA,42.432558,42.437829,42.381373,42.431141,24583
2025-04-28T15:35:00-0400,2025-04-28,BOLT,115.496821,115.557633,115.150695,115.15944,50828
2025-04-28T15:35:00-0400,2025-04-28,CRUX,76.953392,77.374539,76.866468,77.12841,35606
2025-04-28T15:35:00-0400,2025-04-28,DUNE,23.745431,23.802076,23.735658,23.770522,181431
2025-04-28T15:35:00-0400,2025-04-28,ECHO,318.822266,319.78606,317.644895,319.781448,12846
2025-04-28T15:40:00-0400,2025-04-28,AURA,42.420968,42.484972,42.397083,42.463012,18814
2025-04-28T15:40:00-0400,2025-04-28,BOLT,115.162606,115.307011,115.020064,115.134966,15582
2025-04-28T15:40:00-0400,2025-04-28,CRUX,77.163797,77.355975,77.026356,77.293832,21283
2025-04-28T15:40:00-0400,2025-04-28,DUNE,23.778991,23.86009,23.67035,23.85917,36451
2025-04-28T15:40:00-0400,2025-04-28,ECHO,319.56884,323.92587,318.584417,321.996637,13001
2025-04-28T15:45:00-0400,2025-04-28,AURA,42.46709,42.490451,42.427432,42.468298,35747
2025-04-28T15:45:00-0400,2025-04-28,BOLT,115.094172,115.221539,114.995715,115.119407,30063
2025-04-28T15:45:00-0400,2025-04-28,CRUX,77.313802,77.37098,76.887844,77.156654,20854
2025-04-28T15:45:00-0400,2025-04-28,DUNE,23.854629,23.884238,23.788929,23.824207,89571
2025-04-28T15:45:00-0400,2025-04-28,ECHO,322.069496,322.855715,321.121229,321.581016,7718
2025-04-28T15:50:00-0400,2025-04-28,AURA,42.497781,42.542435,42.476968,42.484192,56713
2025-04-28T15:50:00-0400,2025-04-28,BOLT,115.155599,115.658381,114.993094,115.454964,18829
2025-04-28T15:50:00-0400,2025-04-28,CRUX,77.154163,77.520928,77.135054,77.426514,24241
2025-04-28T15:50:00-0400,2025-04-28,DUNE,23.814142,23.845669,23.60706,23.625432,78656
2025-04-28T15:50:00-0400,2025-04-28,ECHO,321.610741,322.262407,319.26908,320.481146,6865
2025-04-28T15:55:00-0400,2025-04-28,AURA,42.490901,42.548332,42.484459,42.5259,39524
2025-04-28T15:55:00-0400,2025-04-28,BOLT,115.479229,115.534274,114.592213,114.935747,12500
2025-04-28T15:55:00-0400,2025-04-28,CRUX,77.406215,77.444995,77.200002,77.220037,28914
2025-04-28T15:55:00-0400,2025-04-28,DUNE,23.6512,23.734057,23.622086,23.729099,96789
2025-04-28T15:55:00-0400,2025-04-28,ECHO,320.53569,322.534557,319.194381,320.583521,14519
2025-04-29T09:30:00-0400,2025-04-29,AURA,42.297657,42.374462,42.188199,42.263688,42937
2025-04-29T09:30:00-0400,2025-04-29,BOLT,115.168032,115.216372,114.88482,114.99411,14226
2025-04-29T09:30:00-0400,2025-04-29,CRUX,78.513102,78.552074,78.217296,78.22255,24960
2025-04-29T09:30:00-0400,2025-04-29,DUNE,23.841328,23.882932,23.752839,23.853729,60452
2025-04-29T09:30:00-0400,2025-04-29,ECHO,322.005324,322.742732,320.809749,322.584852,8270
2025-04-29T09:35:00-0400,2025-04-29,AURA,42.255463,42.320367,42.21907,42.310334,22893
2025-04-29T09:35:00-0400,2025-04-29,BOLT,114.96638,115.133062,114.76176,114.829864,37733
2025-04-29T09:35:00-0400,2025-04-29,CRUX,78.217452,78.427272,77.945946,77.9858,27534
2025-04-29T09:35:00-0400,2025-04-29,DUNE,23.859284,23.990883,23.787798,23.895894,33784
2025-04-29T09:35:00-0400,2025-04-29,ECHO,322.436013,323.066301,320.501452,321.032922,9920
2025-04-29T09:40:00-0400,2025-04-29,AURA,42.31016,42.476342,42.292503,42.439248,26267
2025-04-29T09:40:00-0400,2025-04-29,BOLT,114.786982,115.076535,114.673508,114.757139,25383
2025-04-29T09:40:00-0400,2025-04-29,CRUX,77.913098,78.001305,77.636051,77.734623,26594
2025-04-29T09:40:00-0400,2025-04-29,DUNE,23.913574,23.985912,23.772227,23.840179,37924
2025-04-29T09:40:00-0400,2025-04-29,ECHO,321.320486,322.794693,320.289167,322.443805,9652
2025-04-29T09:45:00-0400,2025-04-29,AURA,42.434315,42.511239,42.431248,42.504885,31916
2025-04-29T09:45:00-0400,2025-04-29,BOLT,114.675133,115.079333,114.632445,115.078956,9587
2025-04-29T09:45:00-0400,2025-04-29,CRUX,77.702263,77.725928,77.391666,77.542215,49478
2025-04-29T09:45:00-0400,2025-04-29,DUNE,23.843579,23.876118,23.789852,23.873954,65687
2025-04-29T09:45:00-0400,2025-04-29,ECHO,322.673801,323.398407,322.521333,323.107335,6201
2025-04-29T09:50:00-0400,2025-04-29,AURA,42.512542,42.626202,42.448303,42.473595,22697
2025-04-29T09:50:00-0400,2025-04-29,BOLT,115.044533,115.396074,114.917406,115.382269,9610
2025-04-29T09:50:00-0400,2025-04-29,CRUX,77.511854,77.69657,77.496247,77.535295,31990
2025-04-29T09:50:00-0400,2025-04-29,DUNE,23.875678,24.015696,23.860804,23.928,84344
2025-04-29T09:50:00-0400,2025-04-29,ECHO,322.945509,323.523222,321.939004,322.533434,6427
2025-04-29T09:55:00-0400,2025-04-29,AURA,42.465226,42.487004,42.398342,42.417003,24631
2025-04-29T09:55:00-0400,2025-04-29,BOLT,115.382723,115.390702,115.115052,115.218633,15294
2025-04-29T09:55:00-0400,2025-04-29,CRUX,77.519317,77.698973,77.115036,77.261298,47404
2025-04-29T09:55:00-0400,2025-04-29,DUNE,23.928247,23.971211,23.86723,23.957905,39845
2025-04-29T09:55:00-0400,2025-04-29,ECHO,322.599437,326.351594,321.366052,324.89433,9158
2025-04-29T10:00:00-0400,2025-04-29,AURA,42.398116,42.43381,42.397243,42.398725,21113
2025-04-29T10:00:00-0400,2025-04-29,BOLT,115.260075,115.388586,115.255585,115.381982,10654
2025-04-29T10:00:00-0400,2025-04-29,CRUX,77.231538,77.415216,77.068305,77.402425,18383
2025-04-29T10:00:00-0400,2025-04-29,DUNE,23.946102,23.951964,23.840583,23.906412,48503
2025-04-29T10:00:00-0400,2025-04-29,ECHO,324.77439,326.431704,324.136599,325.726324,9010
2025-04-29T10:05:00-0400,2025-04-29,AURA,42.377809,42.490207,42.341051,42.487237,21228
2025-04-29T10:05:00-0400,2025-04-29,BOLT,115.416557,115.549903,115.186836,115.503934,16038
2025-04-29T10:05:00-0400,2025-04-29,CRUX,77.326643,77.512315,77.314191,77.489909,21689
2025-04-29T10:05:00-0400,2025-04-29,DUNE,23.917105,24.110773,23.881533,24.08564,87961
2025-04-29T10:05:00-0400,2025-04-29,ECHO,325.879345,325.981828,323.4497,324.19688,10209
2025-04-29T10:10:00-0400,2025-04-29,AURA,42.488905,42.582356,42.439106,42.459236,28579
2025-04-29T10:10:00-0400,2025-04-29,BOLT,115.567295,115.78469,115.437016,115.735616,15413
2025-04-29T10:10:00-0400,2025-04-29,CRUX,77.468455,77.982242,77.368207,77.865375,20605
2025-04-29T10:10:00-0400,2025-04-29,DUNE,24.092779,24.136823,24.045844,24.127191,61947
2025-04-29T10:10:00-0400,2025-04-29,ECHO,324.062365,324.528123,321.733119,323.958833,3747
2025-04-29T10:15:00-0400,2025-04-29,AURA,42.478662,42.485705,42.43802,42.44816,21546
2025-04-29T10:15:00-0400,2025-04-29,BOLT,115.749078,115.915071,115.591688,115.614834,9578
2025-04-29T10:15:00-0400,2025-04-29,CRUX,77.874957,78.134177,77.719498,77.988513,50070
2025-04-29T10:15:00-0400,2025-04-29,DUNE,24.10633,24.28574,24.095931,24.195985,48115
2025-04-29T10:15:00-0400,2025-04-29,ECHO,324.238462,325.217665,322.781417,322.949409,4856
2025-04-29T10:20:00-0400,2025-04-29,AURA,42.432798,42.505505,42.424712,42.482211,28803
2025-04-29T10:20:00-0400,2025-04-29,BOLT,115.660212,115.725479,115.140962,115.314859,24261
2025-04-29T10:20:00-0400,2025-04-29,CRUX,77.980395,77.993392,77.746923,77.952718,24877
2025-04-29T10:20:00-0400,2025-04-29,DUNE,24.202316,24.220559,24.106501,24.143334,67685
2025-04-29T10:20:00-0400,2025-04-29,ECHO,323.001979,324.351133,321.253815,323.480579,8997
2025-04-29T10:25:00-0400,2025-04-29,AURA,42.474465,42.578268,42.39997,42.562008,21311
2025-04-29T10:25:00-0400,2025-04-29,BOLT,115.383625,116.17487,115.303293,115.915371,22139
2025-04-29T10:25:00-0400,2025-04-29,CRUX,78.01201,78.04743,77.938138,77.954352,31109
2025-04-29T10:25:00-0400,2025-04-29,DUNE,24.174888,24.264467,24.110251,24.228966,78604
2025-04-29T10:25:00-0400,2025-04-29,ECHO,322.986416,325.394471,322.453653,324.674724,4436
2025-04-29T10:30:00-0400,2025-04-29,AURA,42.568223,42.578115,42.446405,42.47495,24432
2025-04-29T10:30:00-0400,2025-04-29,BOLT,115.875845,115.965373,115.320835,115.484794,15196
2025-04-29T10:30:00-0400,2025-04-29,CRUX,77.927404,78.155308,77.855357,77.998913,27684
2025-04-29T10:30:00-0400,2025-04-29,DUNE,24.24128,24.271404,24.06197,24.092023,54225
2025-04-29T10:30:00-0400,2025-04-29,ECHO,324.014497,325.470726,322.644922,324.65432,7457
2025-04-29T10:35:00-0400,2025-04-29,AURA,42.485306,42.501762,42.429889,42.49791,22156
2025-04-29T10:35:00-0400,2025-04-29,BOLT,115.424607,115.514508,115.217744,115.42384,15362
2025-04-29T10:35:00-0400,2025-04-29,CRUX,78.043372,78.416718,77.943734,78.379771,13519
2025-04-29T10:35:00-0400,2025-04-29,DUNE,24.095263,24.186675,24.076606,24.143639,43474
2025-04-29T10:35:00-0400,2025-04-29,ECHO,324.368996,324.910038,323.907868,324.142678,7158
2025-04-29T10:40:00-0400,2025-04-29,AURA,42.52017,42.530193,42.436636,42.469422,11817
2025-04-29T10:40:00-0400,2025-04-29,BOLT,115.411042,115.837956,115.364628,115.78134,20944
2025-04-29T10:40:00-0400,2025-04-29,CRUX,78.395372,78.718234,78.381674,78.63954,48696
2025-04-29T10:40:00-0400,2025-04-29,DUNE,24.13722,24.145142,24.090075,24.134924,66388
2025-04-29T10:40:00-0400,2025-04-29,ECHO,323.87656,327.766184,322.367059,325.977412,4278
2025-04-29T10:45:00-0400,2025-04-29,AURA,42.456712,42.485512,42.320832,42.379881,16474
2025-04-29T10:45:00-0400,2025-04-29,BOLT,115.827068,116.052927,115.800611,115.961585,8684
2025-04-29T10:45:00-0400,2025-04-29,CRUX,78.592909,78.62806,78.294449,78.304011,28890
2025-04-29T10:45:00-0400,2025-04-29,DUNE,24.136394,24.183856,24.115575,24.162132,42505
2025-04-29T10:45:00-0400,2025-04-29,ECHO,325.768726,327.03483,325.020924,325.583282,4175
2025-04-29T10:50:00-0400,2025-04-29,AURA,42.358286,42.397111,42.288782,42.303957,14383
2025-04-29T10:50:00-0400,2025-04-29,BOLT,115.941051,116.222101,115.656629,115.720716,8064
2025-04-29T10:50:00-0400,2025-04-29,CRUX,78.319898,78.354626,77.961863,78.045653,21049
2025-04-29T10:50:00-0400,2025-04-29,DUNE,24.179652,24.235654,24.140681,24.156568,65502
2025-04-29T10:50:00-0400,2025-04-29,ECHO,325.418045,325.637016,325.019541,325.358638,11377
2025-04-29T10:55:00-0400,2025-04-29,AURA,42.312854,42.38206,42.278014,42.351781,11833
2025-04-29T10:55:00-0400,2025-04-29,BOLT,115.725046,115.805767,115.666543,115.72018,6099
2025-04-29T10:55:00-0400,2025-04-29,CRUX,78.033503,78.040561,77.77124,77.961004,23226
2025-04-29T10:55:00-0400,2025-04-29,DUNE,24.148589,24.265314,24.126103,24.220487,49674
2025-04-29T10:55:00-0400,2025-04-29,ECHO,325.32541,327.403279,325.017029,326.763112,5316
2025-04-29T11:00:00-0400,2025-04-29,AURA,42.340834,42.436199,42.176143,42.182526,20649
2025-04-29T11:00:00-0400,2025-04-29,BOLT,115.768724,115.818345,115.561956,115.651747,6244
2025-04-29T11:00:00-0400,2025-04-29,CRUX,77.948423,77.984775,77.783775,77.869508,13153
2025-04-29T11:00:00-0400,2025-04-29,DUNE,24.212069,24.240102,24.152268,24.199102,37408
2025-04-29T11:00:00-0400,2025-04-29,ECHO,326.197916,326.888595,324.728961,326.250279,5567
2025-04-29T11:05:00-0400,2025-04-29,AURA,42.167448,42.184809,42.117389,42.128029,11412
2025-04-29T11:05:00-0400,2025-04-29,BOLT,115.710209,115.824903,115.473452,115.586568,8935
2025-04-29T11:05:00-0400,2025-04-29,CRUX,77.823379,77.83343,77.334301,77.454745,33529
2025-04-29T11:05:00-0400,2025-04-29,DUNE,24.207606,24.282152,24.166163,24.27434,38904
2025-04-29T11:05:00-0400,2025-04-29,ECHO,326.414009,327.252436,323.867718,324.164894,7001
2025-04-29T11:10:00-0400,2025-04-29,AURA,42.113866,42.162402,41.998135,42.046884,25600
2025-04-29T11:10:00-0400,2025-04-29,BOLT,115.52284,116.05771,115.26468,115.886831,6056
2025-04-29T11:10:00-0400,2025-04-29,CRUX,77.464077,77.51779,77.22972,77.247723,31233
2025-04-29T11:10:00-0400,2025-04-29,DUNE,24.28164,24.337461,24.24512,24.279121,30812
2025-04-29T11:10:00-0400,2025-04-29,ECHO,324.052507,324.949448,318.511153,319.260799,4938
2025-04-29T11:15:00-0400,2025-04-29,AURA,42.057851,42.188094,42.004191,42.124581,19745
2025-04-29T11:15:00-0400,2025-04-29,BOLT,115.890999,116.291554,115.871925,116.167378,6445
2025-04-29T11:15:00-0400,2025-04-29,CRUX,77.253469,77.662579,77.047915,77.456786,29849
2025-04-29T11:15:00-0400,2025-04-29,DUNE,24.306488,24.407629,24.221001,24.358771,41387
2025-04-29T11:15:00-0400,2025-04-29,ECHO,319.257501,322.225137,318.900954,321.59518,5046
2025-04-29T11:20:00-0400,2025-04-29,AURA,42.132746,42.152204,42.09988,42.127822,16903
2025-04-29T11:20:00-0400,2025-04-29,BOLT,116.18716,116.545039,116.148261,116.236726,12614
2025-04-29T11:20:00-0400,2025-04-29,CRUX,77.490212,77.504201,77.249649,77.260144,21881
2025-04-29T11:20:00-0400,2025-04-29,DUNE,24.355322,24.371741,24.253763,24.359232,37021
2025-04-29T11:20:00-0400,2025-04-29,ECHO,321.497788,326.13961,321.126569,325.169986,3865
2025-04-29T11:25:00-0400,2025-04-29,AURA,42.138876,42.264493,42.092015,42.25397,6365
2025-04-29T11:25:00-0400,2025-04-29,BOLT,116.238543,116.587276,116.01758,116.363592,8266
2025-04-29T11:25:00-0400,2025-04-29,CRUX,77.255525,77.320113,77.027681,77.290911,25978
2025-04-29T11:25:00-0400,2025-04-29,DUNE,24.33025,24.369798,24.143206,24.269914,44698
2025-04-29T11:25:00-0400,2025-04-29,ECHO,324.971193,326.274123,324.002954,325.805107,6459
2025-04-29T11:30:00-0400,2025-04-29,AURA,42.232174,42.280679,42.102535,42.126032,13336
2025-04-29T11:30:00-0400,2025-04-29,BOLT,116.384669,116.38468,115.91697,116.043258,8492
2025-04-29T11:30:00-0400,2025-04-29,CRUX,77.249272,77.298316,76.807771,76.904669,14033
2025-04-29T11:30:00-0400,2025-04-29,DUNE,24.276963,24.295077,24.008512,24.066482,27694
2025-04-29T11:30:00-0400,2025-04-29,ECHO,325.858027,327.034783,321.372733,321.70509,2827
2025-04-29T11:35:00-0400,2025-04-29,AURA,42.119243,42.156071,42.02633,42.034948,11332
2025-04-29T11:35:00-0400,2025-04-29,BOLT,115.992341,116.14918,115.774504,115.947237,11173
2025-04-29T11:35:00-0400,2025-04-29,CRUX,76.909581,77.067355,76.188302,76.363503,24338
2025-04-29T11:35:00-0400,2025-04-29,DUNE,24.055845,24.097911,23.825382,23.846368,27285
2025-04-29T11:35:00-0400,2025-04-29,ECHO,321.97008,323.039086,316.74531,316.801618,7524
2025-04-29T11:40:00-0400,2025-04-29,AURA,42.031453,42.081317,42.00022,42.015888,24114
2025-04-29T11:40:00-0400,2025-04-29,BOLT,115.940092,116.167072,115.801534,115.817818,10618
2025-04-29T11:40:00-0400,2025-04-29,CRUX,76.302255,76.314386,76.121703,76.178582,25894
2025-04-29T11:40:00-0400,2025-04-29,DUNE,23.847652,23.938045,23.777233,23.860885,27128
2025-04-29T11:40:00-0400,2025-04-29,ECHO,316.365643,316.623438,313.227704,313.719206,3701
2025-04-29T11:45:00-0400,2025-04-29,AURA,42.016939,42.052575,41.998268,42.005092,16306
2025-04-29T11:45:00-0400,2025-04-29,BOLT,115.772189,116.083944,115.715796,115.916164,10436
2025-04-29T11:45:00-0400,2025-04-29,CRUX,76.209689,76.257869,76.047091,76.182239,13347
2025-04-29T11:45:00-0400,2025-04-29,DUNE,23.850475,23.907928,23.695967,23.804024,31281
2025-04-29T11:45:00-0400,2025-04-29,ECHO,313.763478,315.435571,313.164401,315.142364,5203
2025-04-29T11:50:00-0400,2025-04-29,AURA,41.993954,42.111376,41.95968,42.083545,12165
2025-04-29T11:50:00-0400,2025-04-29,BOLT,115.91917,116.120718,115.520102,115.690042,7138
2025-04-29T11:50:00-0400,2025-04-29,CRUX,76.17478,76.217655,75.918041,76.170448,15951
2025-04-29T11:50:00-0400,2025-04-29,DUNE,23.768866,23.952939,23.748445,23.889035,33629
2025-04-29T11:50:00-0400,2025-04-29,ECHO,314.665325,316.927369,313.609113,316.066528,8118
2025-04-29T11:55:00-0400,2025-04-29,AURA,42.06336,42.202882,42.06173,42.172606,14453
2025-04-29T11:55:00-0400,2025-04-29,BOLT,115.705253,115.770548,115.367119,115.444101,5126
2025-04-29T11:55:00-0400,2025-04-29,CRUX,76.210207,76.523659,76.159839,76.4255,18230
2025-04-29T11:55:00-0400,2025-04-29,DUNE,23.90841,23.93667,23.829061,23.929325,34432
2025-04-29T11:55:00-0400,2025-04-29,ECHO,316.527017,320.181239,316.013555,319.354151,5484
2025-04-29T12:00:00-0400,2025-04-29,AURA,42.164691,42.170758,42.108454,42.14813,17654
2025-04-29T12:00:00-0400,2025-04-29,BOLT,115.429986,115.450735,115.210924,115.405517,6472
2025-04-29T12:00:00-0400,2025-04-29,CRUX,76.448454,76.710685,76.359723,76.680866,10644
2025-04-29T12:00:00-0400,2025-04-29,DUNE,23.942716,24.060131,23.937278,24.022064,36596
2025-04-29T12:00:00-0400,2025-04-29,ECHO,319.317807,320.217368,318.174192,319.791975,7204
2025-04-29T12:05:00-0400,2025-04-29,AURA,42.135665,42.160567,42.051154,42.05138,11538
2025-04-29T12:05:00-0400,2025-04-29,BOLT,115.292791,115.457966,115.039421,115.204218,9009
2025-04-29T12:05:00-0400,2025-04-29,CRUX,76.683045,76.720148,76.303764,76.320287,23564
2025-04-29T12:05:00-0400,2025-04-29,DUNE,24.012479,24.040385,23.786237,23.835666,54218
2025-04-29T12:05:00-0400,2025-04-29,ECHO,319.789008,319.940254,317.722671,318.082584,5242
2025-04-29T12:10:00-0400,2025-04-29,AURA,42.049109,42.07469,42.045754,42.050589,13089
2025-04-29T12:10:00-0400,2025-04-29,BOLT,115.223835,115.479269,115.085771,115.118503,11504
2025-04-29T12:10:00-0400,2025-04-29,CRUX,76.327748,76.406762,75.917496,76.067296,23452
2025-04-29T12:10:00-0400,2025-04-29,DUNE,23.828155,23.9555,23.769593,23.899231,33990
2025-04-29T12:10:00-0400,2025-04-29,ECHO,318.126424,318.686502,315.255352,316.001887,4502
2025-04-29T12:15:00-0400,2025-04-29,AURA,42.045354,42.067039,41.946987,41.987836,14246
2025-04-29T12:15:00-0400,2025-04-29,BOLT,115.152846,115.176957,114.437931,114.827122,8572
2025-04-29T12:15:00-0400,2025-04-29,CRUX,76.040518,76.280736,75.858737,76.23977,11420
2025-04-29T12:15:00-0400,2025-04-29,DUNE,23.895865,23.91347,23.836806,23.85414,18191
2025-04-29T12:15:00-0400,2025-04-29,ECHO,315.766889,316.397328,313.761107,315.459359,4778
2025-04-29T12:20:00-0400,2025-04-29,AURA,41.976063,42.042693,41.941,41.992059,8232
2025-04-29T12:20:00-0400,2025-04-29,BOLT,114.860068,115.15937,114.724433,114.785331,7119
2025-04-29T12:20:00-0400,2025-04-29,CRUX,76.234627,76.943593,76.150987,76.805497,10753
2025-04-29T12:20:00-0400,2025-04-29,DUNE,23.827164,23.838724,23.605088,23.636261,50585
2025-04-29T12:20:00-0400,2025-04-29,ECHO,315.680343,319.166536,314.334528,317.671687,11138
2025-04-29T12:25:00-0400,2025-04-29,AURA,41.988782,42.042707,41.96333,42.036908,10313
2025-04-29T12:25:00-0400,2025-04-29,BOLT,114.789124,114.917167,114.715873,114.77019,5438
2025-04-29T12:25:00-0400,2025-04-29,CRUX,76.789127,76.792512,76.342068,76.374433,21880
2025-04-29T12:25:00-0400,2025-04-29,DUNE,23.620817,23.721042,23.615359,23.645821,30779
2025-04-29T12:25:00-0400,2025-04-29,ECHO,317.290994,318.155849,314.983249,317.026824,5398
2025-04-29T12:30:00-0400,2025-04-29,AURA,42.062348,42.128841,42.005486,42.043694,27080
2025-04-29T12:30:00-0400,2025-04-29,BOLT,114.783885,114.99352,114.526256,114.621955,8228
2025-04-29T12:30:00-0400,2025-04-29,CRUX,76.384864,76.53679,76.240509,76.479018,7146
2025-04-29T12:30:00-0400,2025-04-29,DUNE,23.646877,23.707029,23.577136,23.62515,31801
2025-04-29T12:30:00-0400,2025-04-29,ECHO,317.62374,318.993109,313.34394,315.36419,5576
2025-04-29T12:35:00-0400,2025-04-29,AURA,42.04964,42.076991,42.002755,42.068101,15602
2025-04-29T12:35:00-0400,2025-04-29,BOLT,114.612734,115.003336,114.407585,114.910235,13884
2025-04-29T12:35:00-0400,2025-04-29,CRUX,76.51614,76.826404,76.508336,76.779853,22347
2025-04-29T12:35:00-0400,2025-04-29,DUNE,23.626121,23.830901,23.547503,23.779598,27025
2025-04-29T12:35:00-0400,2025-04-29,ECHO,315.741587,315.95126,315.050782,315.758312,3412
2025-04-29T12:40:00-0400,2025-04-29,AURA,42.06225,42.206796,42.050958,42.175474,8360
2025-04-29T12:40:00-0400,2025-04-29,BOLT,114.879775,115.638533,114.737086,115.593827,6204
2025-04-29T12:40:00-0400,2025-04-29,CRUX,76.81376,77.271217,76.785532,77.163576,13530
2025-04-29T12:40:00-0400,2025-04-29,DUNE,23.768072,24.054782,23.749182,23.924298,41380
2025-04-29T12:40:00-0400,2025-04-29,ECHO,315.601211,320.590847,314.857178,319.956794,7593
2025-04-29T12:45:00-0400,2025-04-29,AURA,42.178464,42.207069,42.108425,42.131976,22430
2025-04-29T12:45:00-0400,2025-04-29,BOLT,115.62503,115.627056,114.901713,115.013193,8133
2025-04-29T12:45:00-0400,2025-04-29,CRUX,77.134419,77.390492,76.667137,76.734853,22283
2025-04-29T12:45:00-0400,2025-04-29,DUNE,23.934991,23.955619,23.726111,23.804366,47219
2025-04-29T12:45:00-0400,2025-04-29,ECHO,319.474685,320.169739,319.216763,319.300483,2915
2025-04-29T12:50:00-0400,2025-04-29,AURA,42.148423,42.180246,42.03798,42.082513,9838
2025-04-29T12:50:00-0400,2025-04-29,BOLT,115.03162,115.585972,114.934329,115.401515,10706
2025-04-29T12:50:00-0400,2025-04-29,CRUX,76.771215,76.775757,76.682441,76.693225,18383
2025-04-29T12:50:00-0400,2025-04-29,DUNE,23.791252,23.898898,23.746369,23.825533,35279
2025-04-29T12:50:00-0400,2025-04-29,ECHO,319.193232,321.544026,317.253789,320.267988,4054
2025-04-29T12:55:00-0400,2025-04-29,AURA,42.060095,42.080693,41.943471,41.993,7422
2025-04-29T12:55:00-0400,2025-04-29,BOLT,115.42471,115.464853,115.025987,115.224582,14297
2025-04-29T12:55:00-0400,2025-04-29,CRUX,76.662467,76.752616,76.627151,76.680083,24932
2025-04-29T12:55:00-0400,2025-04-29,DUNE,23.85573,23.866926,23.724974,23.738046,18010
2025-04-29T12:55:00-0400,2025-04-29,ECHO,320.027141,320.42091,319.967049,320.185444,4873
2025-04-29T13:00:00-0400,2025-04-29,AURA,41.991455,41.997764,41.915199,41.951213,22097
2025-04-29T13:00:00-0400,2025-04-29,BOLT,115.252332,115.529398,114.819533,114.944714,5271
2025-04-29T13:00:00-0400,2025-04-29,CRUX,76.612549,76.62272,76.502034,76.512564,12425
2025-04-29T13:00:00-0400,2025-04-29,DUNE,23.725738,23.734277,23.685522,23.723048,18656
2025-04-29T13:00:00-0400,2025-04-29,ECHO,320.104342,320.934432,318.743398,320.49477,3740
2025-04-29T13:05:00-0400,2025-04-29,AURA,41.954659,42.031781,41.927907,42.021935,14904
2025-04-29T13:05:00-0400,2025-04-29,BOLT,114.945961,115.769881,114.879962,115.52735,6202
2025-04-29T13:05:00-0400,2025-04-29,CRUX,76.509753,77.026368,76.436763,76.952929,12912
2025-04-29T13:05:00-0400,2025-04-29,DUNE,23.72672,23.875811,23.699377,23.860642,19400
2025-04-29T13:05:00-0400,2025-04-29,ECHO,320.899506,321.158282,319.619669,319.794455,4358
2025-04-29T13:10:00-0400,2025-04-29,AURA,42.032667,42.063634,42.027065,42.057595,9619
2025-04-29T13:10:00-0400,2025-04-29,BOLT,115.469124,115.763159,115.438665,115.735898,11580
2025-04-29T13:10:00-0400,2025-04-29,CRUX,76.912252,77.373723,76.862317,77.19864,6560
2025-04-29T13:10:00-0400,2025-04-29,DUNE,23.875631,23.964852,23.845926,23.927809,34127
2025-04-29T13:10:00-0400,2025-04-29,ECHO,319.708549,322.112357,319.691116,320.705034,4265
2025-04-29T13:15:00-0400,2025-04-29,AURA,42.063437,42.069384,42.007487,42.050643,13531
2025-04-29T13:15:00-0400,2025-04-29,BOLT,115.745009,115.879286,115.577564,115.722318,8470
2025-04-29T13:15:00-0400,2025-04-29,CRUX,77.24114,77.27081,77.158097,77.164987,14699
2025-04-29T13:15:00-0400,2025-04-29,DUNE,23.908589,24.235102,23.891101,24.181419,35121
2025-04-29T13:15:00-0400,2025-04-29,ECHO,320.894143,321.074227,319.517572,320.763355,2679
2025-04-29T13:20:00-0400,2025-04-29,AURA,42.070966,42.098529,42.043378,42.074428,14653
2025-04-29T13:20:00-0400,2025-04-29,BOLT,115.817861,115.907377,115.620111,115.800894,6028
2025-04-29T13:20:00-0400,2025-04-29,CRUX,77.196867,77.224612,77.117413,77.154671,34348
2025-04-29T13:20:00-0400,2025-04-29,DUNE,24.199171,24.263513,24.07309,24.102918,29347
2025-04-29T13:20:00-0400,2025-04-29,ECHO,320.830918,322.221068,320.617364,321.324324,2894
2025-04-29T13:25:00-0400,2025-04-29,AURA,42.095063,42.116649,41.862292,41.897917,15952
2025-04-29T13:25:00-0400,2025-04-29,BOLT,115.8721,115.9386,115.067615,115.107829,2972
2025-04-29T13:25:00-0400,2025-04-29,CRUX,77.164779,77.214195,76.605909,76.726581,13150
2025-04-29T13:25:00-0400,2025-04-29,DUNE,24.09476,24.105842,24.036144,24.06338,53120
2025-04-29T13:25:00-0400,2025-04-29,ECHO,320.411297,321.780923,320.067926,321.661506,8678
2025-04-29T13:30:00-0400,2025-04-29,AURA,41.905009,41.920104,41.809388,41.833806,17322
2025-04-29T13:30:00-0400,2025-04-29,BOLT,115.179223,115.251756,114.843009,114.982209,9985
2025-04-29T13:30:00-0400,2025-04-29,CRUX,76.766133,76.79514,76.613462,76.675452,15432
2025-04-29T13:30:00-0400,2025-04-29,DUNE,24.06313,24.084932,23.870239,23.889429,25710
2025-04-29T13:30:00-0400,2025-04-29,ECHO,321.542315,322.090523,320.59966,321.249539,2554
2025-04-29T13:35:00-0400,2025-04-29,AURA,41.839765,41.881821,41.819684,41.861683,13097
2025-04-29T13:35:00-0400,2025-04-29,BOLT,115.025014,115.155754,114.746785,114.841857,12799
2025-04-29T13:35:00-0400,2025-04-29,CRUX,76.672676,76.912387,76.533232,76.764131,17678
2025-04-29T13:35:00-0400,2025-04-29,DUNE,23.901205,23.997115,23.867952,23.963238,63201
2025-04-29T13:35:00-0400,2025-04-29,ECHO,321.37743,323.605958,320.180906,322.603967,4708
2025-04-29T13:40:00-0400,2025-04-29,AURA,41.872989,41.984653,41.85759,41.94506,10385
2025-04-29T13:40:00-0400,2025-04-29,BOLT,114.851822,115.365569,114.843845,115.058347,4878
2025-04-29T13:40:00-0400,2025-04-29,CRUX,76.775112,77.540075,76.759408,77.295682,21776
2025-04-29T13:40:00-0400,2025-04-29,DUNE,23.971819,24.079405,23.940865,24.047339,27828
2025-04-29T13:40:00-0400,2025-04-29,ECHO,322.56272,322.904132,319.462491,319.833945,4151
2025-04-29T13:45:00-0400,2025-04-29,AURA,41.949827,42.000249,41.898325,41.929198,14328
2025-04-29T13:45:00-0400,2025-04-29,BOLT,115.048506,115.146441,114.616651,115.05946,6760
2025-04-29T13:45:00-0400,2025-04-29,CRUX,77.323874,77.655838,77.29639,77.525322,27726
2025-04-29T13:45:00-0400,2025-04-29,DUNE,24.04761,24.165458,23.991757,24.119839,49260
2025-04-29T13:45:00-0400,2025-04-29,ECHO,319.655444,322.140706,318.278574,321.141451,2731
2025-04-29T13:50:00-0400,2025-04-29,AURA,41.923948,42.033507,41.893523,42.00942,13510
2025-04-29T13:50:00-0400,2025-04-29,BOLT,115.063808,115.221198,114.865906,115.20758,9871
2025-04-29T13:50:00-0400,2025-04-29,CRUX,77.536127,77.680748,77.270462,77.641202,17835
2025-04-29T13:50:00-0400,2025-04-29,DUNE,24.131146,24.185999,24.1203,24.13944,34454
2025-04-29T13:50:00-0400,2025-04-29,ECHO,321.155211,321.839368,320.062757,321.620915,2278
2025-04-29T13:55:00-0400,2025-04-29,AURA,41.99285,42.082544,41.888518,41.91667,12700
2025-04-29T13:55:00-0400,2025-04-29,BOLT,115.230965,115.46482,115.019564,115.112377,8304
2025-04-29T13:55:00-0400,2025-04-29,CRUX,77.62554,77.67231,77.344632,77.643495,27742
2025-04-29T13:55:00-0400,2025-04-29,DUNE,24.144048,24.177232,23.945677,23.965424,53592
2025-04-29T13:55:00-0400,2025-04-29,ECHO,321.542728,321.853384,320.272302,321.268777,5042
2025-04-29T14:00:00-0400,2025-04-29,AURA,41.908462,41.921914,41.879306,41.906869,17214
2025-04-29T14:00:00-0400,2025-04-29,BOLT,115.092213,115.743395,115.074759,115.661709,9856
2025-04-29T14:00:00-0400,2025-04-29,CRUX,77.629718,77.920908,77.57711,77.881888,24052
2025-04-29T14:00:00-0400,2025-04-29,DUNE,23.968502,24.042151,23.921828,24.026055,42843
2025-04-29T14:00:00-0400,2025-04-29,ECHO,321.127266,323.568439,320.556742,322.907404,4242
2025-04-29T14:05:00-0400,2025-04-29,AURA,41.934752,41.947494,41.931057,41.945171,18926
2025-04-29T14:05:00-0400,2025-04-29,BOLT,115.631193,115.70129,115.369414,115.497493,15349
2025-04-29T14:05:00-0400,2025-04-29,CRUX,77.876989,78.248072,77.71167,78.122238,16870
2025-04-29T14:05:00-0400,2025-04-29,DUNE,24.026198,24.155105,23.915209,24.135586,40486
2025-04-29T14:05:00-0400,2025-04-29,ECHO,322.478031,324.653032,321.787792,322.564706,3152
2025-04-29T14:10:00-0400,2025-04-29,AURA,41.937876,41.99682,41.892433,41.967469,15172
2025-04-29T14:10:00-0400,2025-04-29,BOLT,115.512767,115.530807,115.371773,115.438642,14400
2025-04-29T14:10:00-0400,2025-04-29,CRUX,78.141128,78.276756,78.062241,78.11515,11468
2025-04-29T14:10:00-0400,2025-04-29,DUNE,24.12861,24.202995,24.030743,24.074506,50278
2025-04-29T14:10:00-0400,2025-04-29,ECHO,322.582908,324.432058,322.44459,323.619235,5211
2025-04-29T14:15:00-0400,2025-04-29,AURA,41.961004,41.9814,41.916899,41.936009,13306
2025-04-29T14:15:00-0400,2025-04-29,BOLT,115.46787,115.635801,115.092341,115.265516,10681
2025-04-29T14:15:00-0400,2025-04-29,CRUX,78.07715,78.652716,77.667242,78.420346,43958
2025-04-29T14:15:00-0400,2025-04-29,DUNE,24.096326,24.118648,24.019837,24.022278,28900
2025-04-29T14:15:00-0400,2025-04-29,ECHO,323.453659,324.387382,320.514906,321.230631,3563
2025-04-29T14:20:00-0400,2025-04-29,AURA,41.916322,42.032992,41.911014,42.005706,22932
2025-04-29T14:20:00-0400,2025-04-29,BOLT,115.249347,115.625153,115.079453,115.169221,19583
2025-04-29T14:20:00-0400,2025-04-29,CRUX,78.434153,78.504318,77.961836,78.105193,26151
2025-04-29T14:20:00-0400,2025-04-29,DUNE,24.028428,24.135355,24.012755,24.018376,22188
2025-04-29T14:20:00-0400,2025-04-29,ECHO,321.165698,321.76113,317.191498,318.770592,9794
2025-04-29T14:25:00-0400,2025-04-29,AURA,42.001005,42.020966,41.932034,41.968934,10492
2025-04-29T14:25:00-0400,2025-04-29,BOLT,115.183019,115.278604,114.72922,114.88359,11226
2025-04-29T14:25:00-0400,2025-04-29,CRUX,78.109536,78.274087,77.841246,77.854704,22026
2025-04-29T14:25:00-0400,2025-04-29,DUNE,24.025162,24.089739,23.900548,23.956786,40704
2025-04-29T14:25:00-0400,2025-04-29,ECHO,319.011082,320.726626,317.225312,317.449519,6206
2025-04-29T14:30:00-0400,2025-04-29,AURA,41.966354,42.010088,41.717392,41.794814,20520
2025-04-29T14:30:00-0400,2025-04-29,BOLT,114.86182,114.973383,114.718203,114.94954,9044
2025-04-29T14:30:00-0400,2025-04-29,CRUX,77.877592,77.882771,77.320865,77.501816,21959
2025-04-29T14:30:00-0400,2025-04-29,DUNE,23.973228,24.020814,23.90817,23.929968,43280
2025-04-29T14:30:00-0400,2025-04-29,ECHO,317.544337,318.031249,312.180528,313.405117,9514
2025-04-29T14:35:00-0400,2025-04-29,AURA,41.795494,41.956086,41.785805,41.907341,9406
2025-04-29T14:35:00-0400,2025-04-29,BOLT,114.949556,114.960082,114.531849,114.819265,14865
2025-04-29T14:35:00-0400,2025-04-29,CRUX,77.500632,77.644798,77.318753,77.41268,14315
2025-04-29T14:35:00-0400,2025-04-29,DUNE,23.932134,23.964185,23.889757,23.897425,55312
2025-04-29T14:35:00-0400,2025-04-29,ECHO,313.592589,315.77345,313.309217,314.985389,5177
2025-04-29T14:40:00-0400,2025-04-29,AURA,41.895336,41.949094,41.893975,41.90532,21815
2025-04-29T14:40:00-0400,2025-04-29,BOLT,114.883166,115.081582,114.802264,114.889966,11027
2025-04-29T14:40:00-0400,2025-04-29,CRUX,77.411003,77.565419,77.182057,77.437701,19948
2025-04-29T14:40:00-0400,2025-04-29,DUNE,23.899229,23.973223,23.822026,23.931629,35812
2025-04-29T14:40:00-0400,2025-04-29,ECHO,315.177471,315.365329,313.410019,313.417697,6149
2025-04-29T14:45:00-0400,2025-04-29,AURA,41.921624,41.977097,41.875938,41.883618,14555
2025-04-29T14:45:00-0400,2025-04-29,BOLT,114.948111,115.158995,114.575102,114.718549,24411
2025-04-29T14:45:00-0400,2025-04-29,CRUX,77.462863,77.559978,77.297442,77.556131,21815
2025-04-29T14:45:00-0400,2025-04-29,DUNE,23.937857,23.939522,23.695074,23.778273,25638
2025-04-29T14:45:00-0400,2025-04-29,ECHO,313.752469,314.864789,312.089523,312.63458,4857
2025-04-29T14:50:00-0400,2025-04-29,AURA,41.87905,41.947029,41.855249,41.900577,18443
2025-04-29T14:50:00-0400,2025-04-29,BOLT,114.67304,114.99894,114.326186,114.881428,23742
2025-04-29T14:50:00-0400,2025-04-29,CRUX,77.500561,77.563113,77.209962,77.274196,42277
2025-04-29T14:50:00-0400,2025-04-29,DUNE,23.776704,23.777739,23.680692,23.684437,92134
2025-04-29T14:50:00-0400,2025-04-29,ECHO,312.545824,313.838771,310.602153,311.077677,5359
2025-04-29T14:55:00-0400,2025-04-29,AURA,41.887002,41.893941,41.861228,41.870061,21318
2025-04-29T14:55:00-0400,2025-04-29,BOLT,114.808717,114.995483,114.792712,114.868766,7897
2025-04-29T14:55:00-0400,2025-04-29,CRUX,77.274449,77.533615,77.239397,77.455784,19100
2025-04-29T14:55:00-0400,2025-04-29,DUNE,23.670476,23.784828,23.656996,23.730849,98267
2025-04-29T14:55:00-0400,2025-04-29,ECHO,311.549008,311.76577,309.438613,310.10509,4729
2025-04-29T15:00:00-0400,2025-04-29,AURA,41.886839,41.944899,41.83172,41.938286,15512
2025-04-29T15:00:00-0400,2025-04-29,BOLT,114.819122,114.881527,114.440042,114.537488,19322
2025-04-29T15:00:00-0400,2025-04-29,CRUX,77.439086,77.515289,77.118631,77.365132,27463
2025-04-29T15:00:00-0400,2025-04-29,DUNE,23.735874,23.740163,23.596506,23.704139,57064
2025-04-29T15:00:00-0400,2025-04-29,ECHO,309.682397,310.290533,308.013666,308.196193,10773
2025-04-29T15:05:00-0400,2025-04-29,AURA,41.926083,41.94734,41.84905,41.894921,25099
2025-04-29T15:05:00-0400,2025-04-29,BOLT,114.552236,115.138749,114.29278,114.93728,7959
2025-04-29T15:05:00-0400,2025-04-29,CRUX,77.356654,77.412572,76.978206,77.136393,8855
2025-04-29T15:05:00-0400,2025-04-29,DUNE,23.717656,23.928894,23.71041,23.791091,54248
2025-04-29T15:05:00-0400,2025-04-29,ECHO,308.096054,310.498117,306.635196,309.506498,7263
2025-04-29T15:10:00-0400,2025-04-29,AURA,41.919407,41.931727,41.849981,41.870829,27302
2025-04-29T15:10:00-0400,2025-04-29,BOLT,115.065958,115.25524,115.050542,115.128213,9422
2025-04-29T15:10:00-0400,2025-04-29,CRUX,77.102757,77.242269,76.847461,76.890924,25500
2025-04-29T15:10:00-0400,2025-04-29,DUNE,23.777662,23.779397,23.680912,23.687901,55280
2025-04-29T15:10:00-0400,2025-04-29,ECHO,309.931114,310.793603,306.014733,306.299782,6871
2025-04-29T15:15:00-0400,2025-04-29,AURA,41.864337,41.904692,41.755899,41.769051,28211
2025-04-29T15:15:00-0400,2025-04-29,BOLT,115.122541,115.448824,114.787358,114.9239,21860
2025-04-29T15:15:00-0400,2025-04-29,CRUX,76.861023,76.968846,76.570685,76.715251,34038
2025-04-29T15:15:00-0400,2025-04-29,DUNE,23.693736,23.736389,23.417184,23.483354,121119
2025-04-29T15:15:00-0400,2025-04-29,ECHO,306.258283,307.128833,306.176692,306.512394,6118
2025-04-29T15:20:00-0400,2025-04-29,AURA,41.780758,41.827526,41.725292,41.743946,29253
2025-04-29T15:20:00-0400,2025-04-29,BOLT,114.926136,115.556781,114.857591,115.275787,12321
2025-04-29T15:20:00-0400,2025-04-29,CRUX,76.687332,77.180782,76.643216,77.082306,26954
2025-04-29T15:20:00-0400,2025-04-29,DUNE,23.490614,23.577787,23.438157,23.507301,53183
2025-04-29T15:20:00-0400,2025-04-29,ECHO,306.57443,307.983285,306.483813,307.226548,7281
2025-04-29T15:25:00-0400,2025-04-29,AURA,41.737417,41.841841,41.693449,41.811349,30417
2025-04-29T15:25:00-0400,2025-04-29,BOLT,115.289478,115.401401,115.18108,115.268467,12259
2025-04-29T15:25:00-0400,2025-04-29,CRUX,77.077878,77.415403,77.058112,77.21537,36987
2025-04-29T15:25:00-0400,2025-04-29,DUNE,23.481153,23.482748,23.419665,23.459317,82855
2025-04-29T15:25:00-0400,2025-04-29,ECHO,307.135797,310.008012,306.716851,309.253229,6520
2025-04-29T15:30:00-0400,2025-04-29,AURA,41.821843,42.0466,41.799936,42.010937,24427
2025-04-29T15:30:00-0400,2025-04-29,BOLT,115.306496,115.333241,115.200112,115.210942,29713
2025-04-29T15:30:00-0400,2025-04-29,CRUX,77.149288,77.380327,77.036593,77.261366,25786
2025-04-29T15:30:00-0400,2025-04-29,DUNE,23.453846,23.540266,23.413643,23.513904,56936
2025-04-29T15:30:00-0400,2025-04-29,ECHO,309.336386,310.383544,308.275407,308.658303,4601
2025-04-29T15:35:00-0400,2025-04-29,AURA,42.018004,42.039029,41.941918,41.991077,21421
2025-04-29T15:35:00-0400,2025-04-29,BOLT,115.215551,115.244803,115.060612,115.154682,12540
2025-04-29T15:35:00-0400,2025-04-29,CRUX,77.28493,77.389948,76.697196,76.793953,26519
2025-04-29T15:35:00-0400,2025-04-29,DUNE,23.52233,23.691109,23.429122,23.663135,89335
2025-04-29T15:35:00-0400,2025-04-29,ECHO,309.015037,310.546934,307.032494,307.351295,7332
2025-04-29T15:40:00-0400,2025-04-29,AURA,41.989863,41.995174,41.832605,41.877284,20653
2025-04-29T15:40:00-0400,2025-04-29,BOLT,115.160816,115.297912,114.640067,114.783055,13941
2025-04-29T15:40:00-0400,2025-04-29,CRUX,76.806571,76.841229,76.271095,76.435103,17913
2025-04-29T15:40:00-0400,2025-04-29,DUNE,23.653577,23.688102,23.623003,23.643895,112269
2025-04-29T15:40:00-0400,2025-04-29,ECHO,307.747776,309.106671,305.768498,306.095365,11458
2025-04-29T15:45:00-0400,2025-04-29,AURA,41.854162,41.925346,41.795521,41.815291,17913
2025-04-29T15:45:00-0400,2025-04-29,BOLT,114.837036,115.042423,114.51088,114.587827,10117
2025-04-29T15:45:00-0400,2025-04-29,CRUX,76.439657,76.720017,76.425273,76.592394,24883
2025-04-29T15:45:00-0400,2025-04-29,DUNE,23.6517,23.690898,23.436717,23.487335,133052
2025-04-29T15:45:00-0400,2025-04-29,ECHO,305.818992,307.426744,304.468303,306.322079,19005
2025-04-29T15:50:00-0400,2025-04-29,AURA,41.810697,41.973271,41.806047,41.933932,58782
2025-04-29T15:50:00-0400,2025-04-29,BOLT,114.588916,114.821746,114.308841,114.758591,28144
2025-04-29T15:50:00-0400,2025-04-29,CRUX,76.597343,76.639388,76.37922,76.566901,44518
2025-04-29T15:50:00-0400,2025-04-29,DUNE,23.478319,23.530384,23.453706,23.485933,42062
2025-04-29T15:50:00-0400,2025-04-29,ECHO,306.24416,309.28047,306.171585,307.382951,7976
2025-04-29T15:55:00-0400,2025-04-29,AURA,41.939326,42.143288,41.910614,42.130159,28338
2025-04-29T15:55:00-0400,2025-04-29,BOLT,114.70069,115.283219,114.654582,115.231539,29978
2025-04-29T15:55:00-0400,2025-04-29,CRUX,76.54214,76.758423,76.492953,76.756618,29627
2025-04-29T15:55:00-0400,2025-04-29,DUNE,23.499993,23.673673,23.427621,23.577671,130868
2025-04-29T15:55:00-0400,2025-04-29,ECHO,307.300602,308.086547,306.285544,307.02252,7620
2025-04-30T09:30:00-0400,2025-04-30,AURA,42.06627,42.200947,42.051404,42.123863,22255
2025-04-30T09:30:00-0400,2025-04-30,BOLT,116.870842,117.193487,116.839607,117.081419,19159
2025-04-30T09:30:00-0400,2025-04-30,CRUX,76.966894,77.266368,76.926601,77.196705,67030
2025-04-30T09:30:00-0400,2025-04-30,DUNE,23.654829,23.757184,23.578702,23.740274,56473
2025-04-30T09:30:00-0400,2025-04-30,ECHO,309.533223,310.09036,308.659369,309.160355,9158
2025-04-30T09:35:00-0400,2025-04-30,AURA,42.13413,42.134447,42.027671,42.042078,28233
2025-04-30T09:35:00-0400,2025-04-30,BOLT,117.096575,117.193707,116.513352,116.539588,17317
2025-04-30T09:35:00-0400,2025-04-30,CRUX,77.194428,77.235268,76.966502,77.087183,32780
2025-04-30T09:35:00-0400,2025-04-30,DUNE,23.732491,23.796941,23.487926,23.56794,108611
2025-04-30T09:35:00-0400,2025-04-30,ECHO,309.333957,311.069566,306.490092,306.622091,5342
2025-04-30T09:40:00-0400,2025-04-30,AURA,42.036491,42.060509,41.999262,42.006245,34784
2025-04-30T09:40:00-0400,2025-04-30,BOLT,116.474922,116.821345,116.379838,116.761669,15659
2025-04-30T09:40:00-0400,2025-04-30,CRUX,77.061288,77.234639,77.018906,77.215089,45010
2025-04-30T09:40:00-0400,2025-04-30,DUNE,23.587111,23.592728,23.432092,23.488132,57194
2025-04-30T09:40:00-0400,2025-04-30,ECHO,307.001868,309.911196,305.924752,309.724603,6564
2025-04-30T09:45:00-0400,2025-04-30,AURA,42.017098,42.087541,41.951146,42.060552,13186
2025-04-30T09:45:00-0400,2025-04-30,BOLT,116.854313,117.095749,116.730378,116.9529,24699
2025-04-30T09:45:00-0400,2025-04-30,CRUX,77.209193,77.597407,77.038662,77.49512,37032
2025-04-30T09:45:00-0400,2025-04-30,DUNE,23.486059,23.509886,23.397576,23.47895,99111
2025-04-30T09:45:00-0400,2025-04-30,ECHO,309.357774,310.522691,308.630149,309.049258,12442
2025-04-30T09:50:00-0400,2025-04-30,AURA,42.07896,42.082104,41.955583,41.98842,25998
2025-04-30T09:50:00-0400,2025-04-30,BOLT,116.957124,117.230801,116.9266,117.198586,10999
2025-04-30T09:50:00-0400,2025-04-30,CRUX,77.465784,77.605262,77.372914,77.430197,16041
2025-04-30T09:50:00-0400,2025-04-30,DUNE,23.492188,23.535986,23.358835,23.425314,46476
2025-04-30T09:50:00-0400,2025-04-30,ECHO,308.798041,309.952702,305.271116,306.411152,9178
2025-04-30T09:55:00-0400,2025-04-30,AURA,41.982732,42.074021,41.964354,42.051245,25335
2025-04-30T09:55:00-0400,2025-04-30,BOLT,117.150323,117.281885,116.657116,116.880798,24654
2025-04-30T09:55:00-0400,2025-04-30,CRUX,77.444492,77.605403,76.995527,77.004373,44021
2025-04-30T09:55:00-0400,2025-04-30,DUNE,23.459869,23.613079,23.42363,23.582601,60274
2025-04-30T09:55:00-0400,2025-04-30,ECHO,307.189434,307.221214,304.66082,305.111628,7748
2025-04-30T10:00:00-0400,2025-04-30,AURA,42.034288,42.054266,42.013656,42.047855,47027
2025-04-30T10:00:00-0400,2025-04-30,BOLT,116.830243,117.330761,116.397098,117.193093,19917
2025-04-30T10:00:00-0400,2025-04-30,CRUX,76.998615,77.057367,76.805336,77.017142,33405
2025-04-30T10:00:00-0400,2025-04-30,DUNE,23.594126,23.729652,23.559806,23.611058,45349
2025-04-30T10:00:00-0400,2025-04-30,ECHO,305.06467,306.792733,304.227837,306.501001,9268
2025-04-30T10:05:00-0400,2025-04-30,AURA,42.048281,42.052031,41.936068,41.968789,22199
2025-04-30T10:05:00-0400,2025-04-30,BOLT,117.181918,117.341044,117.022124,117.241912,30375
2025-04-30T10:05:00-0400,2025-04-30,CRUX,77.035499,77.261361,76.981601,77.079282,25145
2025-04-30T10:05:00-0400,2025-04-30,DUNE,23.603701,23.713408,23.566596,23.692802,77184
2025-04-30T10:05:00-0400,2025-04-30,ECHO,306.194156,307.024986,306.183036,306.489814,12636
2025-04-30T10:10:00-0400,2025-04-30,AURA,41.964988,41.986107,41.922972,41.952586,27920
2025-04-30T10:10:00-0400,2025-04-30,BOLT,117.235107,117.298541,116.815834,116.898368,23558
2025-04-30T10:10:00-0400,2025-04-30,CRUX,77.047379,77.083692,76.864347,76.873832,34716
2025-04-30T10:10:00-0400,2025-04-30,DUNE,23.684626,23.716899,23.614627,23.665846,62928
2025-04-30T10:10:00-0400,2025-04-30,ECHO,306.257975,308.842194,304.668848,306.756117,7968
2025-04-30T10:15:00-0400,2025-04-30,AURA,41.95131,41.970921,41.821219,41.880978,13709
2025-04-30T10:15:00-0400,2025-04-30,BOLT,116.956613,117.052225,116.881934,116.93766,17121
2025-04-30T10:15:00-0400,2025-04-30,CRUX,76.820587,76.993305,76.752836,76.913134,31995
2025-04-30T10:15:00-0400,2025-04-30,DUNE,23.670835,23.744256,23.66485,23.691282,44442
2025-04-30T10:15:00-0400,2025-04-30,ECHO,306.867255,307.947095,306.612895,307.388966,7308
2025-04-30T10:20:00-0400,2025-04-30,AURA,41.879998,41.939461,41.818955,41.844757,23807
2025-04-30T10:20:00-0400,2025-04-30,BOLT,116.935657,117.256244,116.81755,117.058866,14377
2025-04-30T10:20:00-0400,2025-04-30,CRUX,76.893942,77.329502,76.859181,77.281561,51171
2025-04-30T10:20:00-0400,2025-04-30,DUNE,23.705247,23.768521,23.460425,23.47263,150025
2025-04-30T10:20:00-0400,2025-04-30,ECHO,307.317491,310.808132,306.61909,310.382078,16399
2025-04-30T10:25:00-0400,2025-04-30,AURA,41.828697,41.840734,41.748191,41.750582,25998
2025-04-30T10:25:00-0400,2025-04-30,BOLT,116.962817,117.053601,116.268657,116.360734,17284
2025-04-30T10:25:00-0400,2025-04-30,CRUX,77.278998,77.30009,76.889383,76.917247,34073
2025-04-30T10:25:00-0400,2025-04-30,DUNE,23.465024,23.497332,23.396237,23.422567,56807
2025-04-30T10:25:00-0400,2025-04-30,ECHO,310.503604,311.894307,306.933382,308.163276,4965
2025-04-30T10:30:00-0400,2025-04-30,AURA,41.751682,41.826473,41.743334,41.755502,28978
2025-04-30T10:30:00-0400,2025-04-30,BOLT,116.3509,116.590513,116.22604,116.572992,15043
2025-04-30T10:30:00-0400,2025-04-30,CRUX,76.931557,77.049344,76.893183,76.965259,28547
2025-04-30T10:30:00-0400,2025-04-30,DUNE,23.422486,23.516401,23.406984,23.488053,37103
2025-04-30T10:30:00-0400,2025-04-30,ECHO,308.142487,308.704291,306.77414,307.708784,9250
2025-04-30T10:35:00-0400,2025-04-30,AURA,41.753135,41.784774,41.736665,41.759443,29141
2025-04-30T10:35:00-0400,2025-04-30,BOLT,116.542964,116.95508,116.49864,116.908642,17474
2025-04-30T10:35:00-0400,2025-04-30,CRUX,76.998349,77.013888,76.741751,76.812009,20519
2025-04-30T10:35:00-0400,2025-04-30,DUNE,23.492718,23.559429,23.388264,23.492043,57570
2025-04-30T10:35:00-0400,2025-04-30,ECHO,307.930814,308.226346,304.973705,305.579884,9811
2025-04-30T10:40:00-0400,2025-04-30,AURA,41.773603,41.879989,41.714896,41.853623,15525
2025-04-30T10:40:00-0400,2025-04-30,BOLT,116.881307,116.951286,116.545203,116.616424,11800
2025-04-30T10:40:00-0400,2025-04-30,CRUX,76.862723,77.004975,76.561161,76.703414,15450
2025-04-30T10:40:00-0400,2025-04-30,DUNE,23.48866,23.527312,23.26817,23.333232,54645
2025-04-30T10:40:00-0400,2025-04-30,ECHO,305.606285,306.094965,304.121457,304.748484,12927
2025-04-30T10:45:00-0400,2025-04-30,AURA,41.852037,41.940078,41.772388,41.914891,31946
2025-04-30T10:45:00-0400,2025-04-30,BOLT,116.616149,117.416862,116.534341,117.158651,16618
2025-04-30T10:45:00-0400,2025-04-30,CRUX,76.674633,76.863512,76.640669,76.751646,38556
2025-04-30T10:45:00-0400,2025-04-30,DUNE,23.335789,23.401476,23.289449,23.313372,68848
2025-04-30T10:45:00-0400,2025-04-30,ECHO,304.523665,307.935696,303.611321,306.638421,7036
2025-04-30T10:50:00-0400,2025-04-30,AURA,41.917168,41.927763,41.876404,41.921355,18577
2025-04-30T10:50:00-0400,2025-04-30,BOLT,117.19989,117.293796,117.108796,117.290697,13094
2025-04-30T10:50:00-0400,2025-04-30,CRUX,76.7291,76.743681,76.483603,76.533559,31880
2025-04-30T10:50:00-0400,2025-04-30,DUNE,23.329268,23.347618,23.298086,23.321306,70373
2025-04-30T10:50:00-0400,2025-04-30,ECHO,306.566681,308.026452,306.547948,306.702876,6028
2025-04-30T10:55:00-0400,2025-04-30,AURA,41.921042,41.933372,41.901554,41.914082,11190
2025-04-30T10:55:00-0400,2025-04-30,BOLT,117.341342,117.670613,117.138726,117.501021,6756
2025-04-30T10:55:00-0400,2025-04-30,CRUX,76.493409,76.512119,76.381148,76.410585,19949
2025-04-30T10:55:00-0400,2025-04-30,DUNE,23.321416,23.428266,23.300612,23.392257,39041
2025-04-30T10:55:00-0400,2025-04-30,ECHO,306.668479,308.192269,306.571141,307.8667,6553
2025-04-30T11:00:00-0400,2025-04-30,AURA,41.898426,41.930108,41.870438,41.919435,23149
2025-04-30T11:00:00-0400,2025-04-30,BOLT,117.505121,117.619884,117.327301,117.357374,23805
2025-04-30T11:00:00-0400,2025-04-30,CRUX,76.38069,76.726236,76.341912,76.558104,13083
2025-04-30T11:00:00-0400,2025-04-30,DUNE,23.357262,23.472219,23.350793,23.399554,35027
2025-04-30T11:00:00-0400,2025-04-30,ECHO,307.361429,308.499146,304.903847,305.14963,5948
2025-04-30T11:05:00-0400,2025-04-30,AURA,41.924643,41.955059,41.843911,41.895494,23189
2025-04-30T11:05:00-0400,2025-04-30,BOLT,117.417701,117.683621,117.377694,117.665596,13855
2025-04-30T11:05:00-0400,2025-04-30,CRUX,76.545403,76.66375,76.453162,76.659902,18887
2025-04-30T11:05:00-0400,2025-04-30,DUNE,23.39841,23.505611,23.378366,23.462428,55662
2025-04-30T11:05:00-0400,2025-04-30,ECHO,305.317491,307.241266,305.234385,307.009522,5155
2025-04-30T11:10:00-0400,2025-04-30,AURA,41.902406,41.978213,41.851113,41.864121,16785
2025-04-30T11:10:00-0400,2025-04-30,BOLT,117.718426,118.173717,117.661901,118.138675,13482
2025-04-30T11:10:00-0400,2025-04-30,CRUX,76.697484,76.728217,76.677874,76.706431,38890
2025-04-30T11:10:00-0400,2025-04-30,DUNE,23.4556,23.494027,23.369428,23.473983,45743
2025-04-30T11:10:00-0400,2025-04-30,ECHO,307.073097,308.95386,307.052544,308.907496,7096
2025-04-30T11:15:00-0400,2025-04-30,AURA,41.87297,41.886703,41.856262,41.857981,18075
2025-04-30T11:15:00-0400,2025-04-30,BOLT,118.269963,118.314914,117.971415,118.159944,19405
2025-04-30T11:15:00-0400,2025-04-30,CRUX,76.617596,76.949476,76.540967,76.794572,15714
2025-04-30T11:15:00-0400,2025-04-30,DUNE,23.484734,23.630412,23.482778,23.567907,51343
2025-04-30T11:15:00-0400,2025-04-30,ECHO,308.795504,310.338059,308.711744,309.665765,1883
2025-04-30T11:20:00-0400,2025-04-30,AURA,41.855746,41.881719,41.813126,41.874249,35392
2025-04-30T11:20:00-0400,2025-04-30,BOLT,118.22221,118.303478,118.011626,118.086004,8343
2025-04-30T11:20:00-0400,2025-04-30,CRUX,76.81429,76.87209,76.563284,76.57322,12419
2025-04-30T11:20:00-0400,2025-04-30,DUNE,23.575454,23.593435,23.435158,23.444846,33723
2025-04-30T11:20:00-0400,2025-04-30,ECHO,309.923413,310.05327,307.646593,308.289048,5743
2025-04-30T11:25:00-0400,2025-04-30,AURA,41.888496,41.932514,41.746448,41.799371,13335
2025-04-30T11:25:00-0400,2025-04-30,BOLT,118.173215,118.273355,118.017935,118.024346,6197
2025-04-30T11:25:00-0400,2025-04-30,CRUX,76.569677,76.731167,76.458923,76.535988,20342
2025-04-30T11:25:00-0400,2025-04-30,DUNE,23.434006,23.551466,23.398738,23.505162,53271
2025-04-30T11:25:00-0400,2025-04-30,ECHO,308.190748,308.821982,305.398028,306.508447,6491
2025-04-30T11:30:00-0400,2025-04-30,AURA,41.805122,41.885583,41.739442,41.755569,16559
2025-04-30T11:30:00-0400,2025-04-30,BOLT,117.990147,118.095771,117.731275,117.759799,11792
2025-04-30T11:30:00-0400,2025-04-30,CRUX,76.587172,76.884345,76.451538,76.808583,15573
2025-04-30T11:30:00-0400,2025-04-30,DUNE,23.503385,23.516722,23.415042,23.430756,61221
2025-04-30T11:30:00-0400,2025-04-30,ECHO,306.413796,308.159003,305.831213,307.293301,6278
2025-04-30T11:35:00-0400,2025-04-30,AURA,41.74965,41.850316,41.697995,41.811251,21334
2025-04-30T11:35:00-0400,2025-04-30,BOLT,117.787719,118.582135,117.78152,118.351469,8573
2025-04-30T11:35:00-0400,2025-04-30,CRUX,76.791073,77.313654,76.678208,77.17725,12472
2025-04-30T11:35:00-0400,2025-04-30,DUNE,23.40884,23.557472,23.330255,23.555968,43442
2025-04-30T11:35:00-0400,2025-04-30,ECHO,306.967491,310.833206,306.751621,310.299531,4277
2025-04-30T11:40:00-0400,2025-04-30,AURA,41.807739,41.887128,41.795697,41.886003,32665
2025-04-30T11:40:00-0400,2025-04-30,BOLT,118.307805,118.383922,118.009602,118.33643,6290
2025-04-30T11:40:00-0400,2025-04-30,CRUX,77.18776,77.243964,76.830327,76.840115,23296
2025-04-30T11:40:00-0400,2025-04-30,DUNE,23.562606,23.585009,23.454145,23.478594,27357
2025-04-30T11:40:00-0400,2025-04-30,ECHO,310.372532,310.881696,309.174915,309.349916,4459
2025-04-30T11:45:00-0400,2025-04-30,AURA,41.878484,41.945805,41.751809,41.789832,16852
2025-04-30T11:45:00-0400,2025-04-30,BOLT,118.348916,118.444394,118.069958,118.279229,13318
2025-04-30T11:45:00-0400,2025-04-30,CRUX,76.848629,76.960558,76.685518,76.769871,11771
2025-04-30T11:45:00-0400,2025-04-30,DUNE,23.474383,23.505559,23.458142,23.494534,26828
2025-04-30T11:45:00-0400,2025-04-30,ECHO,309.194594,309.564071,307.583036,308.68502,4822
2025-04-30T11:50:00-0400,2025-04-30,AURA,41.82587,41.846444,41.773171,41.812472,9545
2025-04-30T11:50:00-0400,2025-04-30,BOLT,118.280446,118.613667,118.277209,118.409982,11187
2025-04-30T11:50:00-0400,2025-04-30,CRUX,76.713551,77.03738,76.639388,77.012154,9413
2025-04-30T11:50:00-0400,2025-04-30,DUNE,23.482762,23.501774,23.344779,23.424672,32851
2025-04-30T11:50:00-0400,2025-04-30,ECHO,308.487929,309.175826,307.839131,308.916405,4673
2025-04-30T11:55:00-0400,2025-04-30,AURA,41.826462,41.862595,41.823338,41.849153,14263
2025-04-30T11:55:00-0400,2025-04-30,BOLT,118.393975,118.446434,118.312012,118.349972,9445
2025-04-30T11:55:00-0400,2025-04-30,CRUX,76.998525,77.142037,76.982644,77.118885,12521
2025-04-30T11:55:00-0400,2025-04-30,DUNE,23.417242,23.524286,23.392529,23.493985,37601
2025-04-30T11:55:00-0400,2025-04-30,ECHO,308.790524,311.085385,308.630124,309.345843,5413
2025-04-30T12:00:00-0400,2025-04-30,AURA,41.865634,41.878236,41.728114,41.814866,12467
2025-04-30T12:00:00-0400,2025-04-30,BOLT,118.2899,118.304533,118.265771,118.269048,7731
2025-04-30T12:00:00-0400,2025-04-30,CRUX,77.057188,77.127662,77.001741,77.077309,16320
2025-04-30T12:00:00-0400,2025-04-30,DUNE,23.500025,23.560191,23.420719,23.439187,15076
2025-04-30T12:00:00-0400,2025-04-30,ECHO,309.031385,309.198652,307.340943,307.56783,2679
2025-04-30T12:05:00-0400,2025-04-30,AURA,41.82076,41.911728,41.693515,41.727064,16243
2025-04-30T12:05:00-0400,2025-04-30,BOLT,118.337756,118.405349,118.031038,118.191649,6683
2025-04-30T12:05:00-0400,2025-04-30,CRUX,77.074608,77.21427,76.784848,76.842849,32085
2025-04-30T12:05:00-0400,2025-04-30,DUNE,23.438974,23.442254,23.397112,23.427765,38458
2025-04-30T12:05:00-0400,2025-04-30,ECHO,307.687166,308.481357,305.918453,306.483702,4781
2025-04-30T12:10:00-0400,2025-04-30,AURA,41.747445,41.85357,41.716302,41.845919,8027
2025-04-30T12:10:00-0400,2025-04-30,BOLT,118.230073,118.346203,117.720493,117.826126,5032
2025-04-30T12:10:00-0400,2025-04-30,CRUX,76.837759,77.040868,76.762666,76.952468,11880
2025-04-30T12:10:00-0400,2025-04-30,DUNE,23.441579,23.501324,23.436602,23.475671,25526
2025-04-30T12:10:00-0400,2025-04-30,ECHO,306.362629,307.715205,303.808421,305.241121,4735
2025-04-30T12:15:00-0400,2025-04-30,AURA,41.862853,42.002258,41.782426,41.979269,14098
2025-04-30T12:15:00-0400,2025-04-30,BOLT,117.808212,118.038506,117.50473,118.000081,8006
2025-04-30T12:15:00-0400,2025-04-30,CRUX,76.921376,77.053147,76.772594,77.003511,13404
2025-04-30T12:15:00-0400,2025-04-30,DUNE,23.477271,23.59445,23.466255,23.489192,14251
2025-04-30T12:15:00-0400,2025-04-30,ECHO,305.37176,306.730556,304.529672,305.53284,4331
2025-04-30T12:20:00-0400,2025-04-30,AURA,41.98115,42.026645,41.887055,42.025535,9276
2025-04-30T12:20:00-0400,2025-04-30,BOLT,117.990227,118.002313,117.591544,117.633604,7836
2025-04-30T12:20:00-0400,2025-04-30,CRUX,77.021867,77.199453,76.881796,77.009707,23042
2025-04-30T12:20:00-0400,2025-04-30,DUNE,23.482448,23.524966,23.473611,23.489034,66393
2025-04-30T12:20:00-0400,2025-04-30,ECHO,305.24245,308.016479,304.849632,307.900546,4341
2025-04-30T12:25:00-0400,2025-04-30,AURA,42.028265,42.048931,41.985289,41.997955,12031
2025-04-30T12:25:00-0400,2025-04-30,BOLT,117.60021,117.797122,117.219144,117.775808,12670
2025-04-30T12:25:00-0400,2025-04-30,CRUX,77.069542,77.132859,76.795098,76.85821,23021
2025-04-30T12:25:00-0400,2025-04-30,DUNE,23.486109,23.531144,23.401933,23.441603,32721
2025-04-30T12:25:00-0400,2025-04-30,ECHO,308.010213,308.956154,304.535452,304.565982,4655
2025-04-30T12:30:00-0400,2025-04-30,AURA,41.988667,42.113307,41.951469,42.066145,12142
2025-04-30T12:30:00-0400,2025-04-30,BOLT,117.712591,117.984205,117.491729,117.639222,7473
2025-04-30T12:30:00-0400,2025-04-30,CRUX,76.864824,77.335332,76.856562,77.202813,17840
2025-04-30T12:30:00-0400,2025-04-30,DUNE,23.440487,23.648596,23.414348,23.619398,23425
2025-04-30T12:30:00-0400,2025-04-30,ECHO,305.253506,306.475969,305.115286,306.314786,3815
2025-04-30T12:35:00-0400,2025-04-30,AURA,42.068509,42.108083,41.94506,41.973432,16206
2025-04-30T12:35:00-0400,2025-04-30,BOLT,117.619144,117.670124,117.382244,117.429492,8888
2025-04-30T12:35:00-0400,2025-04-30,CRUX,77.2346,77.486472,77.189993,77.485048,22677
2025-04-30T12:35:00-0400,2025-04-30,DUNE,23.617413,23.726368,23.495911,23.52839,61567
2025-04-30T12:35:00-0400,2025-04-30,ECHO,306.152927,307.008869,304.899637,304.940431,2676
2025-04-30T12:40:00-0400,2025-04-30,AURA,41.953495,42.042443,41.876017,41.939364,11546
2025-04-30T12:40:00-0400,2025-04-30,BOLT,117.450489,117.564051,116.556844,116.838185,11041
2025-04-30T12:40:00-0400,2025-04-30,CRUX,77.569717,77.690735,77.51018,77.560127,10451
2025-04-30T12:40:00-0400,2025-04-30,DUNE,23.500719,23.520352,23.264483,23.27569,21257
2025-04-30T12:40:00-0400,2025-04-30,ECHO,304.923247,305.14496,304.274429,304.523356,6663
2025-04-30T12:45:00-0400,2025-04-30,AURA,41.950413,41.985169,41.919814,41.923054,20909
2025-04-30T12:45:00-0400,2025-04-30,BOLT,116.893014,117.069849,116.734146,117.009571,11355
2025-04-30T12:45:00-0400,2025-04-30,CRUX,77.517673,77.526544,76.928291,77.120528,13725
2025-04-30T12:45:00-0400,2025-04-30,DUNE,23.253029,23.43829,23.178108,23.375256,31681
2025-04-30T12:45:00-0400,2025-04-30,ECHO,304.358221,306.627112,304.093531,304.50598,5012
2025-04-30T12:50:00-0400,2025-04-30,AURA,41.91973,41.990631,41.862388,41.94856,19979
2025-04-30T12:50:00-0400,2025-04-30,BOLT,116.95906,117.324962,116.847332,117.239429,6908
2025-04-30T12:50:00-0400,2025-04-30,CRUX,77.11487,77.123706,76.951758,77.018407,14371
2025-04-30T12:50:00-0400,2025-04-30,DUNE,23.40401,23.479564,23.302413,23.344774,31220
2025-04-30T12:50:00-0400,2025-04-30,ECHO,304.146018,305.228768,302.649853,304.76416,4385
2025-04-30T12:55:00-0400,2025-04-30,AURA,41.93456,42.107442,41.869757,42.096105,9535
2025-04-30T12:55:00-0400,2025-04-30,BOLT,117.268492,117.484691,117.223251,117.450973,6746
2025-04-30T12:55:00-0400,2025-04-30,CRUX,77.014277,77.361493,76.94521,77.184283,18610
2025-04-30T12:55:00-0400,2025-04-30,DUNE,23.311428,23.398421,23.278647,23.396275,43330
2025-04-30T12:55:00-0400,2025-04-30,ECHO,305.016062,309.425654,304.008152,308.745008,3775
2025-04-30T13:00:00-0400,2025-04-30,AURA,42.066379,42.084156,41.97938,42.029299,8539
2025-04-30T13:00:00-0400,2025-04-30,BOLT,117.380449,117.443991,117.073214,117.349194,11180
2025-04-30T13:00:00-0400,2025-04-30,CRUX,77.195496,77.428545,77.084636,77.158781,12313
2025-04-30T13:00:00-0400,2025-04-30,DUNE,23.402134,23.493478,23.36455,23.479689,30782
2025-04-30T13:00:00-0400,2025-04-30,ECHO,308.940716,309.393417,307.553395,307.758957,5364
2025-04-30T13:05:00-0400,2025-04-30,AURA,42.020203,42.102037,42.009928,42.040746,16193
2025-04-30T13:05:00-0400,2025-04-30,BOLT,117.311209,117.34812,116.906702,117.025307,13807
2025-04-30T13:05:00-0400,2025-04-30,CRUX,77.149094,77.295144,77.135682,77.287265,17419
2025-04-30T13:05:00-0400,2025-04-30,DUNE,23.478168,23.522524,23.353657,23.394206,27419
2025-04-30T13:05:00-0400,2025-04-30,ECHO,308.085213,310.387869,306.854995,309.275529,4654
2025-04-30T13:10:00-0400,2025-04-30,AURA,42.047856,42.262251,42.039297,42.190674,11540
2025-04-30T13:10:00-0400,2025-04-30,BOLT,117.072405,117.475091,116.904012,117.254254,5678
2025-04-30T13:10:00-0400,2025-04-30,CRUX,77.320189,77.734193,77.281854,77.523037,17150
2025-04-30T13:10:00-0400,2025-04-30,DUNE,23.406131,23.469158,23.288663,23.355385,46952
2025-04-30T13:10:00-0400,2025-04-30,ECHO,309.591931,312.05611,309.301963,311.716623,7549
2025-04-30T13:15:00-0400,2025-04-30,AURA,42.196159,42.196228,42.055739,42.134168,12335
2025-04-30T13:15:00-0400,2025-04-30,BOLT,117.240752,117.376833,116.896635,117.009499,5154
2025-04-30T13:15:00-0400,2025-04-30,CRUX,77.519641,77.627071,77.227007,77.298,26076
2025-04-30T13:15:00-0400,2025-04-30,DUNE,23.363052,23.369972,23.313133,23.342137,20584
2025-04-30T13:15:00-0400,2025-04-30,ECHO,312.028825,312.523557,311.259694,312.160259,4011
2025-04-30T13:20:00-0400,2025-04-30,AURA,42.133312,42.140409,42.024416,42.056167,12086
2025-04-30T13:20:00-0400,2025-04-30,BOLT,116.953186,117.113352,116.401648,116.745045,6116
2025-04-30T13:20:00-0400,2025-04-30,CRUX,77.256916,77.308585,77.113948,77.188733,23374
2025-04-30T13:20:00-0400,2025-04-30,DUNE,23.343742,23.590937,23.222114,23.491375,27829
2025-04-30T13:20:00-0400,2025-04-30,ECHO,312.100545,313.553644,310.906573,312.647818,2878
2025-04-30T13:25:00-0400,2025-04-30,AURA,42.035837,42.0908,41.997718,42.048145,10887
2025-04-30T13:25:00-0400,2025-04-30,BOLT,116.809203,116.879843,116.451551,116.566382,10617
2025-04-30T13:25:00-0400,2025-04-30,CRUX,77.257214,77.43695,77.036907,77.192261,17227
2025-04-30T13:25:00-0400,2025-04-30,DUNE,23.507117,23.595597,23.447151,23.578879,20540
2025-04-30T13:25:00-0400,2025-04-30,ECHO,312.696133,313.635823,311.767121,312.722582,6015
2025-04-30T13:30:00-0400,2025-04-30,AURA,42.046128,42.161083,42.038965,42.141093,10665
2025-04-30T13:30:00-0400,2025-04-30,BOLT,116.624299,117.037772,116.557564,116.926973,10519
2025-04-30T13:30:00-0400,2025-04-30,CRUX,77.174238,77.831218,77.170355,77.615778,30311
2025-04-30T13:30:00-0400,2025-04-30,DUNE,23.593758,23.626742,23.502963,23.579438,40254
2025-04-30T13:30:00-0400,2025-04-30,ECHO,312.82018,316.057146,311.800877,315.510111,4306
2025-04-30T13:35:00-0400,2025-04-30,AURA,42.148307,42.257022,42.108006,42.212025,13802
2025-04-30T13:35:00-0400,2025-04-30,BOLT,116.946851,117.312206,116.874426,117.002168,8580
2025-04-30T13:35:00-0400,2025-04-30,CRUX,77.604492,77.724046,77.298832,77.711651,11945
2025-04-30T13:35:00-0400,2025-04-30,DUNE,23.585126,23.734675,23.543107,23.673633,41438
2025-04-30T13:35:00-0400,2025-04-30,ECHO,315.791854,317.280105,315.646057,317.028808,1369
2025-04-30T13:40:00-0400,2025-04-30,AURA,42.217259,42.292748,42.204659,42.230472,17872
2025-04-30T13:40:00-0400,2025-04-30,BOLT,117.056859,117.149905,116.944335,116.957571,15113
2025-04-30T13:40:00-0400,2025-04-30,CRUX,77.705236,77.808804,77.631972,77.654535,43392
2025-04-30T13:40:00-0400,2025-04-30,DUNE,23.663599,23.94013,23.64154,23.817101,27199
2025-04-30T13:40:00-0400,2025-04-30,ECHO,316.904884,317.980964,316.880959,317.483207,11439
2025-04-30T13:45:00-0400,2025-04-30,AURA,42.244079,42.264214,42.211402,42.228677,10635
2025-04-30T13:45:00-0400,2025-04-30,BOLT,116.946684,117.360209,116.824427,117.212622,11398
2025-04-30T13:45:00-0400,2025-04-30,CRUX,77.583509,78.140831,77.553262,77.88818,14816
2025-04-30T13:45:00-0400,2025-04-30,DUNE,23.83971,23.860293,23.803161,23.811189,30155
2025-04-30T13:45:00-0400,2025-04-30,ECHO,317.666157,317.794574,316.93712,317.043832,3474
2025-04-30T13:50:00-0400,2025-04-30,AURA,42.245323,42.405453,42.231657,42.333705,14618
2025-04-30T13:50:00-0400,2025-04-30,BOLT,117.229671,117.279668,117.06423,117.071879,8275
2025-04-30T13:50:00-0400,2025-04-30,CRUX,77.898069,77.977383,77.451026,77.501576,16615
2025-04-30T13:50:00-0400,2025-04-30,DUNE,23.790033,23.842707,23.762058,23.81479,65940
2025-04-30T13:50:00-0400,2025-04-30,ECHO,316.789424,316.94042,314.75898,314.99943,5276
2025-04-30T13:55:00-0400,2025-04-30,AURA,42.333561,42.400339,42.25931,42.288564,14529
2025-04-30T13:55:00-0400,2025-04-30,BOLT,117.130891,117.203307,116.816036,116.871617,19255
2025-04-30T13:55:00-0400,2025-04-30,CRUX,77.512856,77.638574,77.04953,77.262145,31155
2025-04-30T13:55:00-0400,2025-04-30,DUNE,23.822085,23.908602,23.737813,23.837367,33347
2025-04-30T13:55:00-0400,2025-04-30,ECHO,315.305917,315.936414,314.62051,315.057109,9570
2025-04-30T14:00:00-0400,2025-04-30,AURA,42.270057,42.359653,42.094447,42.184555,28764
2025-04-30T14:00:00-0400,2025-04-30,BOLT,116.904054,117.112219,116.183142,116.480823,9490
2025-04-30T14:00:00-0400,2025-04-30,CRUX,77.239802,77.266495,77.124221,77.180149,7769
2025-04-30T14:00:00-0400,2025-04-30,DUNE,23.840141,23.902153,23.692993,23.730838,42225
2025-04-30T14:00:00-0400,2025-04-30,ECHO,315.672402,315.852213,313.089271,313.411566,4177
2025-04-30T14:05:00-0400,2025-04-30,AURA,42.166832,42.183499,42.052435,42.080637,23229
2025-04-30T14:05:00-0400,2025-04-30,BOLT,116.431449,116.859346,116.37687,116.537676,9013
2025-04-30T14:05:00-0400,2025-04-30,CRUX,77.186461,77.19326,76.76283,76.830667,31125
2025-04-30T14:05:00-0400,2025-04-30,DUNE,23.711872,23.783248,23.689492,23.750863,31123
2025-04-30T14:05:00-0400,2025-04-30,ECHO,313.366447,313.887851,311.90277,313.596803,4651
2025-04-30T14:10:00-0400,2025-04-30,AURA,42.093333,42.221357,42.0638,42.197555,23617
2025-04-30T14:10:00-0400,2025-04-30,BOLT,116.538168,116.658713,116.508329,116.53354,7832
2025-04-30T14:10:00-0400,2025-04-30,CRUX,76.794418,77.197135,76.700218,77.085763,34447
2025-04-30T14:10:00-0400,2025-04-30,DUNE,23.780295,23.794485,23.692724,23.735031,32816
2025-04-30T14:10:00-0400,2025-04-30,ECHO,313.804303,316.29879,312.926219,315.797337,5617
2025-04-30T14:15:00-0400,2025-04-30,AURA,42.198957,42.357367,42.129806,42.346533,17485
2025-04-30T14:15:00-0400,2025-04-30,BOLT,116.583854,116.634638,116.535722,116.601651,9630
2025-04-30T14:15:00-0400,2025-04-30,CRUX,77.108784,77.464115,77.055555,77.4049,16247
2025-04-30T14:15:00-0400,2025-04-30,DUNE,23.727741,23.975789,23.663883,23.865253,35794
2025-04-30T14:15:00-0400,2025-04-30,ECHO,315.382095,316.514567,315.230603,316.07138,5805
2025-04-30T14:20:00-0400,2025-04-30,AURA,42.337087,42.357236,42.272675,42.291189,10650
2025-04-30T14:20:00-0400,2025-04-30,BOLT,116.677942,117.002887,116.663105,116.986816,20628
2025-04-30T14:20:00-0400,2025-04-30,CRUX,77.323351,77.666721,77.284402,77.543871,22622
2025-04-30T14:20:00-0400,2025-04-30,DUNE,23.860897,23.878655,23.779152,23.875456,77285
2025-04-30T14:20:00-0400,2025-04-30,ECHO,315.962987,319.566488,314.22419,319.478374,5187
2025-04-30T14:25:00-0400,2025-04-30,AURA,42.292725,42.357268,42.281706,42.328357,18542
2025-04-30T14:25:00-0400,2025-04-30,BOLT,116.92891,117.525551,116.849908,117.349911,7793
2025-04-30T14:25:00-0400,2025-04-30,CRUX,77.510211,77.790181,77.349636,77.355913,21676
2025-04-30T14:25:00-0400,2025-04-30,DUNE,23.879259,24.048459,23.87056,23.978349,57709
2025-04-30T14:25:00-0400,2025-04-30,ECHO,319.619409,322.101839,319.122519,322.089903,5582
2025-04-30T14:30:00-0400,2025-04-30,AURA,42.324247,42.417445,42.321076,42.403806,25384
2025-04-30T14:30:00-0400,2025-04-30,BOLT,117.327948,117.956532,117.127597,117.830539,10848
2025-04-30T14:30:00-0400,2025-04-30,CRUX,77.316914,78.140096,77.111697,77.970476,17257
2025-04-30T14:30:00-0400,2025-04-30,DUNE,23.984089,24.04743,23.861422,23.962546,23048
2025-04-30T14:30:00-0400,2025-04-30,ECHO,321.372423,324.056713,320.696882,322.496529,5422
2025-04-30T14:35:00-0400,2025-04-30,AURA,42.392193,42.565385,42.374762,42.482083,18085
2025-04-30T14:35:00-0400,2025-04-30,BOLT,117.745247,118.16168,117.675945,117.892159,15274
2025-04-30T14:35:00-0400,2025-04-30,CRUX,78.015395,78.196545,77.817297,78.084603,37414
2025-04-30T14:35:00-0400,2025-04-30,DUNE,23.969034,24.072846,23.923475,24.024521,35158
2025-04-30T14:35:00-0400,2025-04-30,ECHO,322.252317,326.916712,321.854243,326.329694,5360
2025-04-30T14:40:00-0400,2025-04-30,AURA,42.487831,42.574713,42.469408,42.532856,25492
2025-04-30T14:40:00-0400,2025-04-30,BOLT,117.856069,118.103545,117.759766,118.087915,12797
2025-04-30T14:40:00-0400,2025-04-30,CRUX,78.015719,78.081155,77.914834,78.064887,16870
2025-04-30T14:40:00-0400,2025-04-30,DUNE,24.027142,24.047194,23.90905,23.928464,46924
2025-04-30T14:40:00-0400,2025-04-30,ECHO,326.241516,327.401642,324.492671,327.194461,11038
2025-04-30T14:45:00-0400,2025-04-30,AURA,42.521408,42.557724,42.429164,42.443757,12892
2025-04-30T14:45:00-0400,2025-04-30,BOLT,118.022315,118.164204,118.005717,118.105346,11554
2025-04-30T14:45:00-0400,2025-04-30,CRUX,78.061376,78.067535,77.815926,77.911071,22336
2025-04-30T14:45:00-0400,2025-04-30,DUNE,23.950462,23.95904,23.875351,23.90291,36273
2025-04-30T14:45:00-0400,2025-04-30,ECHO,327.224741,329.169429,322.255228,322.820295,6238
2025-04-30T14:50:00-0400,2025-04-30,AURA,42.442806,42.464354,42.310011,42.364885,28395
2025-04-30T14:50:00-0400,2025-04-30,BOLT,118.165929,118.279942,117.471242,117.721699,29875
2025-04-30T14:50:00-0400,2025-04-30,CRUX,77.961486,78.051545,77.591989,77.828249,14451
2025-04-30T14:50:00-0400,2025-04-30,DUNE,23.9079,23.976558,23.656489,23.722501,21251
2025-04-30T14:50:00-0400,2025-04-30,ECHO,322.80244,323.593881,320.111124,320.635551,7487
2025-04-30T14:55:00-0400,2025-04-30,AURA,42.372884,42.436817,42.356323,42.379989,25344
2025-04-30T14:55:00-0400,2025-04-30,BOLT,117.720101,117.724141,117.526112,117.530024,13028
2025-04-30T14:55:00-0400,2025-04-30,CRUX,77.809665,78.738428,77.766353,78.401086,27792
2025-04-30T14:55:00-0400,2025-04-30,DUNE,23.7154,23.810049,23.682885,23.750667,29553
2025-04-30T14:55:00-0400,2025-04-30,ECHO,320.704786,322.644914,319.385857,322.491366,5261
2025-04-30T15:00:00-0400,2025-04-30,AURA,42.361357,42.449196,42.2558,42.426378,32284
2025-04-30T15:00:00-0400,2025-04-30,BOLT,117.526719,118.055142,117.510497,117.950268,9451
2025-04-30T15:00:00-0400,2025-04-30,CRUX,78.457507,78.654158,78.134631,78.146945,36428
2025-04-30T15:00:00-0400,2025-04-30,DUNE,23.746026,23.765601,23.624332,23.6439,48243
2025-04-30T15:00:00-0400,2025-04-30,ECHO,322.411373,322.941719,321.476813,321.950822,3448
2025-04-30T15:05:00-0400,2025-04-30,AURA,42.439843,42.483902,42.43241,42.474145,20081
2025-04-30T15:05:00-0400,2025-04-30,BOLT,117.956781,118.165747,117.481182,117.676452,12592
2025-04-30T15:05:00-0400,2025-04-30,CRUX,78.141383,78.846181,78.078365,78.548581,26752
2025-04-30T15:05:00-0400,2025-04-30,DUNE,23.630744,23.691951,23.625005,23.653164,42628
2025-04-30T15:05:00-0400,2025-04-30,ECHO,321.391174,322.897185,321.053417,321.820606,9570
2025-04-30T15:10:00-0400,2025-04-30,AURA,42.481681,42.519146,42.375122,42.450284,16950
2025-04-30T15:10:00-0400,2025-04-30,BOLT,117.682838,117.712835,117.533131,117.572967,13557
2025-04-30T15:10:00-0400,2025-04-30,CRUX,78.574302,78.584036,78.217267,78.289391,25320
2025-04-30T15:10:00-0400,2025-04-30,DUNE,23.637481,23.640484,23.558777,23.587908,40856
2025-04-30T15:10:00-0400,2025-04-30,ECHO,321.819184,323.462257,321.035846,323.21141,8592
2025-04-30T15:15:00-0400,2025-04-30,AURA,42.436638,42.53443,42.431179,42.508365,27268
2025-04-30T15:15:00-0400,2025-04-30,BOLT,117.65901,117.812582,117.560113,117.612212,16530
2025-04-30T15:15:00-0400,2025-04-30,CRUX,78.312709,78.483912,78.22025,78.357624,20814
2025-04-30T15:15:00-0400,2025-04-30,DUNE,23.609438,23.616451,23.520741,23.605113,54307
2025-04-30T15:15:00-0400,2025-04-30,ECHO,323.195506,326.08491,323.057225,325.361443,5047
2025-04-30T15:20:00-0400,2025-04-30,AURA,42.506726,42.538009,42.394542,42.410413,18924
2025-04-30T15:20:00-0400,2025-04-30,BOLT,117.614416,117.619009,117.392362,117.483977,9419
2025-04-30T15:20:00-0400,2025-04-30,CRUX,78.334095,78.469209,78.258594,78.35303,27415
2025-04-30T15:20:00-0400,2025-04-30,DUNE,23.608333,23.646187,23.474616,23.544412,36091
2025-04-30T15:20:00-0400,2025-04-30,ECHO,325.214768,326.917735,323.483212,325.367975,10336
2025-04-30T15:25:00-0400,2025-04-30,AURA,42.401846,42.570903,42.32835,42.544266,11000
2025-04-30T15:25:00-0400,2025-04-30,BOLT,117.452281,117.561891,117.385339,117.551548,12662
2025-04-30T15:25:00-0400,2025-04-30,CRUX,78.324879,78.625763,78.294733,78.587253,25646
2025-04-30T15:25:00-0400,2025-04-30,DUNE,23.53943,23.706902,23.535143,23.618517,57964
2025-04-30T15:25:00-0400,2025-04-30,ECHO,325.168872,328.045759,324.410649,326.693551,6727
2025-04-30T15:30:00-0400,2025-04-30,AURA,42.537468,42.629489,42.479446,42.56723,26599
2025-04-30T15:30:00-0400,2025-04-30,BOLT,117.524243,117.60028,117.397033,117.512335,13257
2025-04-30T15:30:00-0400,2025-04-30,CRUX,78.633413,78.925845,78.447682,78.73583,21916
2025-04-30T15:30:00-0400,2025-04-30,DUNE,23.619824,23.654811,23.522876,23.550588,80300
2025-04-30T15:30:00-0400,2025-04-30,ECHO,326.912753,328.003303,325.790134,326.340784,12385
2025-04-30T15:35:00-0400,2025-04-30,AURA,42.568459,42.702715,42.540024,42.639681,11866
2025-04-30T15:35:00-0400,2025-04-30,BOLT,117.537239,118.044091,117.429843,117.749448,18181
2025-04-30T15:35:00-0400,2025-04-30,CRUX,78.788442,78.97366,78.429598,78.475799,47054
2025-04-30T15:35:00-0400,2025-04-30,DUNE,23.546467,23.60995,23.529898,23.568365,91991
2025-04-30T15:35:00-0400,2025-04-30,ECHO,326.121955,327.53631,325.779301,327.062037,8059
2025-04-30T15:40:00-0400,2025-04-30,AURA,42.638067,42.666759,42.475098,42.569743,34405
2025-04-30T15:40:00-0400,2025-04-30,BOLT,117.719796,117.990292,117.609879,117.965197,34002
2025-04-30T15:40:00-0400,2025-04-30,CRUX,78.492085,78.525906,78.046694,78.108651,43318
2025-04-30T15:40:00-0400,2025-04-30,DUNE,23.566725,23.589016,23.420893,23.504935,94569
2025-04-30T15:40:00-0400,2025-04-30,ECHO,327.413965,329.037921,325.461096,327.048525,7651
2025-04-30T15:45:00-0400,2025-04-30,AURA,42.580918,42.70002,42.558871,42.662462,35088
2025-04-30T15:45:00-0400,2025-04-30,BOLT,118.043641,118.302968,117.995152,118.178389,19202
2025-04-30T15:45:00-0400,2025-04-30,CRUX,78.122563,78.454191,78.066246,78.24259,28868
2025-04-30T15:45:00-0400,2025-04-30,DUNE,23.514734,23.664733,23.450669,23.629585,68367
2025-04-30T15:45:00-0400,2025-04-30,ECHO,327.384491,327.798063,325.743977,326.446372,22226
2025-04-30T15:50:00-0400,2025-04-30,AURA,42.672008,42.718875,42.643703,42.677705,35167
2025-04-30T15:50:00-0400,2025-04-30,BOLT,118.196244,118.773382,118.13014,118.552958,22619
2025-04-30T15:50:00-0400,2025-04-30,CRUX,78.250494,78.353616,78.249202,78.260778,38079
2025-04-30T15:50:00-0400,2025-04-30,DUNE,23.634082,23.755293,23.583671,23.72168,196602
2025-04-30T15:50:00-0400,2025-04-30,ECHO,326.16767,327.516845,324.582634,325.373371,4784
2025-04-30T15:55:00-0400,2025-04-30,AURA,42.667733,42.72298,42.662385,42.689346,33556
2025-04-30T15:55:00-0400,2025-04-30,BOLT,118.551788,118.782902,118.520991,118.641778,34801
2025-04-30T15:55:00-0400,2025-04-30,CRUX,78.233114,78.398726,78.201557,78.397179,50020
2025-04-30T15:55:00-0400,2025-04-30,DUNE,23.732834,23.815644,23.712486,23.814153,71221
2025-04-30T15:55:00-0400,2025-04-30,ECHO,324.947907,330.614452,324.831339,329.014907,7760
2025-05-01T09:30:00-0400,2025-05-01,AURA,42.91965,42.957964,42.783556,42.832955,28584
2025-05-01T09:30:00-0400,2025-05-01,BOLT,119.312039,119.657227,119.116422,119.160182,26946
2025-05-01T09:30:00-0400,2025-05-01,CRUX,78.370129,78.562707,77.952345,78.043411,44005
2025-05-01T09:30:00-0400,2025-05-01,DUNE,24.045866,24.068327,24.027453,24.032051,80811
2025-05-01T09:30:00-0400,2025-05-01,ECHO,332.975267,333.587822,332.179751,333.178164,35681
2025-05-01T09:35:00-0400,2025-05-01,AURA,42.836502,42.896893,42.636758,42.671395,21913
2025-05-01T09:35:00-0400,2025-05-01,BOLT,119.248341,119.29188,118.597606,118.649286,14433
2025-05-01T09:35:00-0400,2025-05-01,CRUX,78.036155,78.069093,77.561175,77.73386,18739
2025-05-01T09:35:00-0400,2025-05-01,DUNE,24.010668,24.077512,23.89912,23.941364,95055
2025-05-01T09:35:00-0400,2025-05-01,ECHO,332.853998,333.833909,331.235755,331.505805,9409
2025-05-01T09:40:00-0400,2025-05-01,AURA,42.673566,42.851555,42.623363,42.818592,25246
2025-05-01T09:40:00-0400,2025-05-01,BOLT,118.671211,119.533042,118.460741,119.233112,26234
2025-05-01T09:40:00-0400,2025-05-01,CRUX,77.689671,77.787354,77.447305,77.557714,24784
2025-05-01T09:40:00-0400,2025-05-01,DUNE,23.922533,24.094641,23.878135,24.040028,49445
2025-05-01T09:40:00-0400,2025-05-01,ECHO,332.088413,332.930546,329.139731,331.257723,4618
2025-05-01T09:45:00-0400,2025-05-01,AURA,42.831788,42.846838,42.775678,42.817861,17258
2025-05-01T09:45:00-0400,2025-05-01,BOLT,119.234552,119.302793,119.091098,119.188117,15287
2025-05-01T09:45:00-0400,2025-05-01,CRUX,77.499762,77.704102,77.169484,77.201457,22451
2025-05-01T09:45:00-0400,2025-05-01,DUNE,24.044517,24.107479,23.972887,24.038588,71573
2025-05-01T09:45:00-0400,2025-05-01,ECHO,331.268531,331.499142,329.406985,329.459642,6236
2025-05-01T09:50:00-0400,2025-05-01,AURA,42.818125,42.916004,42.81544,42.890738,38856
2025-05-01T09:50:00-0400,2025-05-01,BOLT,119.223748,119.405864,118.96076,118.988008,18922
2025-05-01T09:50:00-0400,2025-05-01,CRUX,77.225459,77.344943,77.169395,77.2421,23493
2025-05-01T09:50:00-0400,2025-05-01,DUNE,24.027621,24.084488,23.955649,24.008104,72844
2025-05-01T09:50:00-0400,2025-05-01,ECHO,329.67125,330.347426,329.202491,330.331854,5290
2025-05-01T09:55:00-0400,2025-05-01,AURA,42.888756,42.963752,42.824209,42.863369,21850
2025-05-01T09:55:00-0400,2025-05-01,BOLT,118.955848,119.245808,118.896361,118.990646,16864
2025-05-01T09:55:00-0400,2025-05-01,CRUX,77.266187,77.725626,77.061199,77.55035,74036
2025-05-01T09:55:00-0400,2025-05-01,DUNE,23.987029,24.089522,23.986459,24.054083,44924
2025-05-01T09:55:00-0400,2025-05-01,ECHO,330.219891,332.99168,329.345709,332.936865,6522
2025-05-01T10:00:00-0400,2025-05-01,AURA,42.865539,42.990262,42.841716,42.937188,45331
2025-05-01T10:00:00-0400,2025-05-01,BOLT,118.978157,119.665973,118.740476,119.405216,20030
2025-05-01T10:00:00-0400,2025-05-01,CRUX,77.561107,78.006589,77.453313,77.930189,21819
2025-05-01T10:00:00-0400,2025-05-01,DUNE,24.05246,24.108684,24.005914,24.102057,73405
2025-05-01T10:00:00-0400,2025-05-01,ECHO,332.770114,334.186186,332.367192,333.626844,9698
2025-05-01T10:05:00-0400,2025-05-01,AURA,42.950573,43.007963,42.875649,43.007294,25866
2025-05-01T10:05:00-0400,2025-05-01,BOLT,119.39081,119.5739,119.083182,119.342031,25458
2025-05-01T10:05:00-0400,2025-05-01,CRUX,77.918605,77.976393,77.485076,77.669038,95458
2025-05-01T10:05:00-0400,2025-05-01,DUNE,24.104329,24.21108,24.103907,24.139342,47401
2025-05-01T10:05:00-0400,2025-05-01,ECHO,333.431077,335.689021,332.253406,334.090316,8949
2025-05-01T10:10:00-0400,2025-05-01,AURA,43.004666,43.014484,42.990473,42.992093,23091
2025-05-01T10:10:00-0400,2025-05-01,BOLT,119.277337,119.54115,119.023483,119.278182,19654
2025-05-01T10:10:00-0400,2025-05-01,CRUX,77.650375,77.824213,77.533348,77.570841,23584
2025-05-01T10:10:00-0400,2025-05-01,DUNE,24.140512,24.277483,24.047171,24.271045,74897
2025-05-01T10:10:00-0400,2025-05-01,ECHO,333.695657,334.33655,333.468209,334.054446,10463
2025-05-01T10:15:00-0400,2025-05-01,AURA,42.986233,43.037209,42.966389,42.973805,26559
2025-05-01T10:15:00-0400,2025-05-01,BOLT,119.325574,119.711651,119.126895,119.653384,17683
2025-05-01T10:15:00-0400,2025-05-01,CRUX,77.485571,77.640948,77.252389,77.467047,35720
2025-05-01T10:15:00-0400,2025-05-01,DUNE,24.278005,24.295761,24.203409,24.214957,74475
2025-05-01T10:15:00-0400,2025-05-01,ECHO,333.527797,334.250217,330.80596,331.455556,8653
2025-05-01T10:20:00-0400,2025-05-01,AURA,42.962661,42.982889,42.818151,42.819155,15326
2025-05-01T10:20:00-0400,2025-05-01,BOLT,119.658748,119.663051,119.387278,119.411247,17352
2025-05-01T10:20:00-0400,2025-05-01,CRUX,77.437878,77.512659,77.018723,77.172192,23914
2025-05-01T10:20:00-0400,2025-05-01,DUNE,24.203932,24.219375,24.054461,24.089026,91778
2025-05-01T10:20:00-0400,2025-05-01,ECHO,331.483255,331.652588,329.499478,330.770508,5113
2025-05-01T10:25:00-0400,2025-05-01,AURA,42.819915,42.929247,42.743915,42.896212,40290
2025-05-01T10:25:00-0400,2025-05-01,BOLT,119.449699,119.601235,119.308974,119.53865,9574
2025-05-01T10:25:00-0400,2025-05-01,CRUX,77.210577,77.504302,77.035248,77.348727,29452
2025-05-01T10:25:00-0400,2025-05-01,DUNE,24.089005,24.15936,24.014377,24.042123,53591
2025-05-01T10:25:00-0400,2025-05-01,ECHO,331.008601,333.303388,330.680984,332.875807,7177
2025-05-01T10:30:00-0400,2025-05-01,AURA,42.904874,42.968657,42.711425,42.768308,22116
2025-05-01T10:30:00-0400,2025-05-01,BOLT,119.506979,119.644256,119.32431,119.513841,16668
2025-05-01T10:30:00-0400,2025-05-01,CRUX,77.329155,77.580199,77.209997,77.571053,40582
2025-05-01T10:30:00-0400,2025-05-01,DUNE,24.039959,24.115918,24.019576,24.029377,82212
2025-05-01T10:30:00-0400,2025-05-01,ECHO,332.418905,332.42186,331.073844,331.629376,2669
2025-05-01T10:35:00-0400,2025-05-01,AURA,42.755421,42.790057,42.71657,42.728377,13779
2025-05-01T10:35:00-0400,2025-05-01,BOLT,119.601157,119.654783,119.047626,119.280711,8644
2025-05-01T10:35:00-0400,2025-05-01,CRUX,77.592189,77.762119,77.456679,77.562508,27814
2025-05-01T10:35:00-0400,2025-05-01,DUNE,24.027426,24.041009,23.850383,23.901165,35053
2025-05-01T10:35:00-0400,2025-05-01,ECHO,331.670593,331.689738,331.601859,331.646305,11073
2025-05-01T10:40:00-0400,2025-05-01,AURA,42.739539,42.874726,42.733433,42.854227,29039
2025-05-01T10:40:00-0400,2025-05-01,BOLT,119.32002,119.536471,119.282886,119.460023,18329
2025-05-01T10:40:00-0400,2025-05-01,CRUX,77.577995,77.594554,77.225412,77.304018,15406
2025-05-01T10:40:00-0400,2025-05-01,DUNE,23.876319,23.87942,23.841566,23.876349,23394
2025-05-01T10:40:00-0400,2025-05-01,ECHO,331.413088,333.5049,331.407093,332.961768,4740
2025-05-01T10:45:00-0400,2025-05-01,AURA,42.875598,42.908345,42.743929,42.79266,21074
2025-05-01T10:45:00-0400,2025-05-01,BOLT,119.447456,119.965123,119.308524,119.903076,11327
2025-05-01T10:45:00-0400,2025-05-01,CRUX,77.290395,77.44972,77.211494,77.233264,12812
2025-05-01T10:45:00-0400,2025-05-01,DUNE,23.866742,23.980528,23.827647,23.880891,32947
2025-05-01T10:45:00-0400,2025-05-01,ECHO,333.014987,333.603736,332.429091,333.423517,5852
2025-05-01T10:50:00-0400,2025-05-01,AURA,42.791797,42.814039,42.732671,42.771861,17738
2025-05-01T10:50:00-0400,2025-05-01,BOLT,119.907801,119.937004,119.51695,119.524979,12705
2025-05-01T10:50:00-0400,2025-05-01,CRUX,77.204413,77.302285,77.136701,77.237244,24039
2025-05-01T10:50:00-0400,2025-05-01,DUNE,23.898976,23.916379,23.810254,23.824812,33897
2025-05-01T10:50:00-0400,2025-05-01,ECHO,333.201453,335.778652,332.897865,334.432186,10307
2025-05-01T10:55:00-0400,2025-05-01,AURA,42.766603,42.824202,42.744697,42.809506,27433
2025-05-01T10:55:00-0400,2025-05-01,BOLT,119.544184,119.830352,119.470008,119.814142,9927
2025-05-01T10:55:00-0400,2025-05-01,CRUX,77.214145,77.760298,77.038446,77.753966,47346
2025-05-01T10:55:00-0400,2025-05-01,DUNE,23.841852,23.874992,23.76539,23.817155,80712
2025-05-01T10:55:00-0400,2025-05-01,ECHO,334.511244,338.546527,332.885107,337.33394,5698
2025-05-01T11:00:00-0400,2025-05-01,AURA,42.800255,42.886678,42.782495,42.841656,16016
2025-05-01T11:00:00-0400,2025-05-01,BOLT,119.859303,119.870301,119.480327,119.748952,10321
2025-05-01T11:00:00-0400,2025-05-01,CRUX,77.806956,77.87379,77.583142,77.664031,30566
2025-05-01T11:00:00-0400,2025-05-01,DUNE,23.842425,23.902863,23.786169,23.801104,27309
2025-05-01T11:00:00-0400,2025-05-01,ECHO,337.668664,338.73394,335.368482,335.998933,10069
2025-05-01T11:05:00-0400,2025-05-01,AURA,42.853409,42.895014,42.775737,42.807094,18730
2025-05-01T11:05:00-0400,2025-05-01,BOLT,119.678169,119.766651,119.344647,119.44487,9309
2025-05-01T11:05:00-0400,2025-05-01,CRUX,77.690222,77.9928,77.519159,77.979891,14642
2025-05-01T11:05:00-0400,2025-05-01,DUNE,23.820874,23.851597,23.702239,23.724585,50014
2025-05-01T11:05:00-0400,2025-05-01,ECHO,336.260351,337.103354,335.305599,335.331192,5259
2025-05-01T11:10:00-0400,2025-05-01,AURA,42.812628,42.815728,42.766097,42.796137,18434
2025-05-01T11:10:00-0400,2025-05-01,BOLT,119.431724,119.571395,119.266914,119.359441,8816
2025-05-01T11:10:00-0400,2025-05-01,CRUX,77.999836,78.284549,77.949689,78.131864,18650
2025-05-01T11:10:00-0400,2025-05-01,DUNE,23.713659,23.851127,23.664006,23.779211,56815
2025-05-01T11:10:00-0400,2025-05-01,ECHO,335.437602,335.841751,332.228523,334.318338,9283
2025-05-01T11:15:00-0400,2025-05-01,AURA,42.820564,42.862852,42.696089,42.735565,11509
2025-05-01T11:15:00-0400,2025-05-01,BOLT,119.390046,119.970173,119.339554,119.647079,15546
2025-05-01T11:15:00-0400,2025-05-01,CRUX,78.124011,78.261087,77.59754,77.65362,23492
2025-05-01T11:15:00-0400,2025-05-01,DUNE,23.76407,23.764982,23.752864,23.758221,18544
2025-05-01T11:15:00-0400,2025-05-01,ECHO,334.416858,335.912252,331.484713,332.50423,8539
2025-05-01T11:20:00-0400,2025-05-01,AURA,42.725824,42.863628,42.710658,42.825679,17573
2025-05-01T11:20:00-0400,2025-05-01,BOLT,119.6202,119.678312,119.557828,119.658349,11585
2025-05-01T11:20:00-0400,2025-05-01,CRUX,77.711985,78.504144,77.554011,78.14937,14621
2025-05-01T11:20:00-0400,2025-05-01,DUNE,23.782339,23.940947,23.767942,23.913806,59119
2025-05-01T11:20:00-0400,2025-05-01,ECHO,332.214229,333.927526,331.544929,333.510195,4945
2025-05-01T11:25:00-0400,2025-05-01,AURA,42.799216,42.813897,42.777934,42.787483,22188
2025-05-01T11:25:00-0400,2025-05-01,BOLT,119.644739,119.973801,119.626288,119.916918,9311
2025-05-01T11:25:00-0400,2025-05-01,CRUX,78.154571,78.318814,77.956933,78.052829,20360
2025-05-01T11:25:00-0400,2025-05-01,DUNE,23.899493,23.975311,23.881781,23.929395,32333
2025-05-01T11:25:00-0400,2025-05-01,ECHO,333.481448,336.562434,332.69314,335.082574,7077
2025-05-01T11:30:00-0400,2025-05-01,AURA,42.787747,42.802116,42.699735,42.791059,14119
2025-05-01T11:30:00-0400,2025-05-01,BOLT,119.972227,120.212298,119.842621,119.862354,11659
2025-05-01T11:30:00-0400,2025-05-01,CRUX,78.011502,78.342071,77.891336,78.341997,21742
2025-05-01T11:30:00-0400,2025-05-01,DUNE,23.937722,23.950595,23.843734,23.930584,60074
2025-05-01T11:30:00-0400,2025-05-01,ECHO,335.27488,336.636079,335.14522,335.395683,3653
2025-05-01T11:35:00-0400,2025-05-01,AURA,42.791138,42.844364,42.771697,42.809073,18101
2025-05-01T11:35:00-0400,2025-05-01,BOLT,119.927643,120.140233,119.527292,120.069216,5237
2025-05-01T11:35:00-0400,2025-05-01,CRUX,78.330815,78.485425,78.290654,78.346185,16049
2025-05-01T11:35:00-0400,2025-05-01,DUNE,23.921456,23.926214,23.712505,23.75951,35810
2025-05-01T11:35:00-0400,2025-05-01,ECHO,335.748528,338.115302,334.861092,338.032626,4492
2025-05-01T11:40:00-0400,2025-05-01,AURA,42.803061,42.847275,42.780546,42.839016,20964
2025-05-01T11:40:00-0400,2025-05-01,BOLT,120.064123,120.359372,120.053046,120.258624,12592
2025-05-01T11:40:00-0400,2025-05-01,CRUX,78.422985,78.743926,78.384056,78.743623,31522
2025-05-01T11:40:00-0400,2025-05-01,DUNE,23.759893,23.779862,23.726676,23.747571,31924
2025-05-01T11:40:00-0400,2025-05-01,ECHO,338.148682,339.085113,335.797657,337.242029,3058
2025-05-01T11:45:00-0400,2025-05-01,AURA,42.850421,42.889104,42.776084,42.811231,12249
2025-05-01T11:45:00-0400,2025-05-01,BOLT,120.217355,120.688652,120.211311,120.391496,5392
2025-05-01T11:45:00-0400,2025-05-01,CRUX,78.7016,78.802458,78.54379,78.61492,19532
2025-05-01T11:45:00-0400,2025-05-01,DUNE,23.74815,23.759198,23.712182,23.755702,67636
2025-05-01T11:45:00-0400,2025-05-01,ECHO,336.716435,339.664838,336.45447,337.558967,4235
2025-05-01T11:50:00-0400,2025-05-01,AURA,42.793527,42.987679,42.764254,42.921582,12370
2025-05-01T11:50:00-0400,2025-05-01,BOLT,120.483713,120.552472,119.947793,120.008965,8037
2025-05-01T11:50:00-0400,2025-05-01,CRUX,78.611483,78.718482,78.363039,78.522891,19741
2025-05-01T11:50:00-0400,2025-05-01,DUNE,23.752504,23.810667,23.727224,23.809818,22174
2025-05-01T11:50:00-0400,2025-05-01,ECHO,337.61325,339.733528,336.393509,339.316968,3840
2025-05-01T11:55:00-0400,2025-05-01,AURA,42.946865,43.101051,42.924914,43.028095,15804
2025-05-01T11:55:00-0400,2025-05-01,BOLT,120.067577,120.2687,120.048624,120.169819,6325
2025-05-01T11:55:00-0400,2025-05-01,CRUX,78.555158,78.929812,78.480059,78.711161,22373
2025-05-01T11:55:00-0400,2025-05-01,DUNE,23.797562,23.895975,23.739753,23.813575,55630
2025-05-01T11:55:00-0400,2025-05-01,ECHO,339.427749,339.72807,337.774497,338.69443,7620
2025-05-01T12:00:00-0400,2025-05-01,AURA,43.034684,43.056709,43.00744,43.021391,12130
2025-05-01T12:00:00-0400,2025-05-01,BOLT,120.133371,120.178125,119.752529,119.89891,8629
2025-05-01T12:00:00-0400,2025-05-01,CRUX,78.725289,78.781271,78.5927,78.630112,16901
2025-05-01T12:00:00-0400,2025-05-01,DUNE,23.848894,23.855505,23.773841,23.778903,26155
2025-05-01T12:00:00-0400,2025-05-01,ECHO,338.585019,340.288841,338.489716,339.810698,3500
2025-05-01T12:05:00-0400,2025-05-01,AURA,43.002987,43.020039,42.876947,42.900241,8277
2025-05-01T12:05:00-0400,2025-05-01,BOLT,119.935803,119.942056,119.884272,119.937428,7863
2025-05-01T12:05:00-0400,2025-05-01,CRUX,78.601751,78.676951,78.08349,78.302282,8239
2025-05-01T12:05:00-0400,2025-05-01,DUNE,23.758107,23.808939,23.563573,23.608594,21493
2025-05-01T12:05:00-0400,2025-05-01,ECHO,339.530673,340.54452,338.165171,339.211635,3268
2025-05-01T12:10:00-0400,2025-05-01,AURA,42.90521,42.916173,42.857511,42.89852,20362
2025-05-01T12:10:00-0400,2025-05-01,BOLT,119.952917,119.962922,119.493762,119.518135,10278
2025-05-01T12:10:00-0400,2025-05-01,CRUX,78.314116,78.503324,78.052655,78.128513,13035
2025-05-01T12:10:00-0400,2025-05-01,DUNE,23.621876,23.663293,23.539494,23.581143,25704
2025-05-01T12:10:00-0400,2025-05-01,ECHO,339.177113,339.526819,335.921234,336.315921,1996
2025-05-01T12:15:00-0400,2025-05-01,AURA,42.897628,42.962331,42.860437,42.937486,13098
2025-05-01T12:15:00-0400,2025-05-01,BOLT,119.4949,119.632243,119.368266,119.422444,7796
2025-05-01T12:15:00-0400,2025-05-01,CRUX,78.13504,78.555823,78.132957,78.529964,18219
2025-05-01T12:15:00-0400,2025-05-01,DUNE,23.567868,23.580627,23.55232,23.552987,19741
2025-05-01T12:15:00-0400,2025-05-01,ECHO,335.77713,336.213676,334.161238,335.134324,2602
2025-05-01T12:20:00-0400,2025-05-01,AURA,42.934754,43.035531,42.85934,42.9677,14182
2025-05-01T12:20:00-0400,2025-05-01,BOLT,119.431087,119.96013,119.142362,119.88465,6234
2025-05-01T12:20:00-0400,2025-05-01,CRUX,78.528675,78.669891,78.398099,78.650692,14526
2025-05-01T12:20:00-0400,2025-05-01,DUNE,23.563063,23.665147,23.530071,23.61324,20867
2025-05-01T12:20:00-0400,2025-05-01,ECHO,335.372635,335.755508,335.031634,335.072921,5520
2025-05-01T12:25:00-0400,2025-05-01,AURA,42.973282,43.067076,42.94392,42.998713,11339
2025-05-01T12:25:00-0400,2025-05-01,BOLT,119.908134,120.230353,119.819729,120.004031,9453
2025-05-01T12:25:00-0400,2025-05-01,CRUX,78.659026,78.725137,78.322454,78.405019,13672
2025-05-01T12:25:00-0400,2025-05-01,DUNE,23.597832,23.636784,23.482669,23.596007,53301
2025-05-01T12:25:00-0400,2025-05-01,ECHO,335.594377,337.625117,334.001998,335.229918,5357
2025-05-01T12:30:00-0400,2025-05-01,AURA,42.992443,43.134605,42.977925,43.085686,7172
2025-05-01T12:30:00-0400,2025-05-01,BOLT,120.03941,120.137222,119.944438,120.001555,6986
2025-05-01T12:30:00-0400,2025-05-01,CRUX,78.458919,78.495173,78.358461,78.419383,17355
2025-05-01T12:30:00-0400,2025-05-01,DUNE,23.588847,23.600723,23.490768,23.493796,36998
2025-05-01T12:30:00-0400,2025-05-01,ECHO,335.112697,336.346203,334.818706,335.68434,1858
2025-05-01T12:35:00-0400,2025-05-01,AURA,43.085518,43.150749,43.002897,43.041862,10464
2025-05-01T12:35:00-0400,2025-05-01,BOLT,119.981848,120.265742,119.825226,119.833722,10162
2025-05-01T12:35:00-0400,2025-05-01,CRUX,78.332391,78.651363,78.223522,78.426398,8913
2025-05-01T12:35:00-0400,2025-05-01,DUNE,23.506086,23.722085,23.502647,23.563089,37764
2025-05-01T12:35:00-0400,2025-05-01,ECHO,335.503259,338.134522,331.87532,332.543849,3554
2025-05-01T12:40:00-0400,2025-05-01,AURA,43.026004,43.035574,42.947176,43.00811,6159
2025-05-01T12:40:00-0400,2025-05-01,BOLT,119.824423,120.053502,119.689313,119.914005,7523
2025-05-01T12:40:00-0400,2025-05-01,CRUX,78.449738,78.511514,78.256966,78.385037,18283
2025-05-01T12:40:00-0400,2025-05-01,DUNE,23.551068,23.675405,23.497833,23.652393,23154
2025-05-01T12:40:00-0400,2025-05-01,ECHO,331.793313,336.185324,330.603833,335.263161,3989
2025-05-01T12:45:00-0400,2025-05-01,AURA,43.011989,43.074194,42.999171,43.009723,23645
2025-05-01T12:45:00-0400,2025-05-01,BOLT,119.930395,120.151317,119.830295,119.99891,9043
2025-05-01T12:45:00-0400,2025-05-01,CRUX,78.368199,78.548038,78.188719,78.324652,9993
2025-05-01T12:45:00-0400,2025-05-01,DUNE,23.64655,23.748196,23.581353,23.627628,46122
2025-05-01T12:45:00-0400,2025-05-01,ECHO,335.156788,335.399285,333.67617,333.905343,3996
2025-05-01T12:50:00-0400,2025-05-01,AURA,42.992745,43.051653,42.882207,42.90491,9892
2025-05-01T12:50:00-0400,2025-05-01,BOLT,120.023889,120.062502,119.742388,119.773493,12190
2025-05-01T12:50:00-0400,2025-05-01,CRUX,78.337138,78.605875,78.214046,78.508177,16039
2025-05-01T12:50:00-0400,2025-05-01,DUNE,23.648123,23.730037,23.637419,23.72657,33619
2025-05-01T12:50:00-0400,2025-05-01,ECHO,333.736419,334.812621,333.343542,334.72002,8015
2025-05-01T12:55:00-0400,2025-05-01,AURA,42.902779,42.949966,42.74718,42.80636,9834
2025-05-01T12:55:00-0400,2025-05-01,BOLT,119.759481,119.913639,119.4386,119.4907,7548
2025-05-01T12:55:00-0400,2025-05-01,CRUX,78.490254,78.559185,78.317147,78.4772,24312
2025-05-01T12:55:00-0400,2025-05-01,DUNE,23.721744,23.739288,23.399141,23.500023,35753
2025-05-01T12:55:00-0400,2025-05-01,ECHO,334.970904,336.007221,329.866607,330.208326,7385
2025-05-01T13:00:00-0400,2025-05-01,AURA,42.81497,42.899933,42.796632,42.84356,12089
2025-05-01T13:00:00-0400,2025-05-01,BOLT,119.582028,119.655247,119.414174,119.419278,4897
2025-05-01T13:00:00-0400,2025-05-01,CRUX,78.459191,78.762335,78.335877,78.69524,16205
2025-05-01T13:00:00-0400,2025-05-01,DUNE,23.506584,23.529051,23.410633,23.505555,40403
2025-05-01T13:00:00-0400,2025-05-01,ECHO,330.225567,332.672516,329.728373,332.500221,6689
2025-05-01T13:05:00-0400,2025-05-01,AURA,42.842494,43.024291,42.755156,42.971305,14520
2025-05-01T13:05:00-0400,2025-05-01,BOLT,119.434113,119.492893,119.391744,119.488217,6742
2025-05-01T13:05:00-0400,2025-05-01,CRUX,78.671704,78.693294,78.592458,78.59822,24308
2025-05-01T13:05:00-0400,2025-05-01,DUNE,23.500104,23.522215,23.429945,23.436114,35444
2025-05-01T13:05:00-0400,2025-05-01,ECHO,332.708977,333.665353,331.523129,333.58484,3265
2025-05-01T13:10:00-0400,2025-05-01,AURA,42.986521,42.996938,42.917729,42.945586,15286
2025-05-01T13:10:00-0400,2025-05-01,BOLT,119.476179,119.671485,119.420194,119.64226,7582
2025-05-01T13:10:00-0400,2025-05-01,CRUX,78.603706,78.941882,78.526621,78.804094,21605
2025-05-01T13:10:00-0400,2025-05-01,DUNE,23.425821,23.482519,23.265291,23.268558,43585
2025-05-01T13:10:00-0400,2025-05-01,ECHO,333.300181,334.372629,331.467506,331.674815,2388
2025-05-01T13:15:00-0400,2025-05-01,AURA,42.945242,43.034754,42.878144,43.021456,11502
2025-05-01T13:15:00-0400,2025-05-01,BOLT,119.633796,119.930907,119.359315,119.614161,5914
2025-05-01T13:15:00-0400,2025-05-01,CRUX,78.783904,78.909661,78.546102,78.820357,14981
2025-05-01T13:15:00-0400,2025-05-01,DUNE,23.269895,23.509706,23.174128,23.475495,24170
2025-05-01T13:15:00-0400,2025-05-01,ECHO,331.516217,333.974747,331.271245,333.955101,2738
2025-05-01T13:20:00-0400,2025-05-01,AURA,43.020939,43.08262,43.001822,43.051159,11411
2025-05-01T13:20:00-0400,2025-05-01,BOLT,119.61987,119.875958,119.593088,119.606979,9519
2025-05-01T13:20:00-0400,2025-05-01,CRUX,78.858702,78.948687,78.809141,78.827605,12869
2025-05-01T13:20:00-0400,2025-05-01,DUNE,23.456691,23.533772,23.447221,23.449163,53254
2025-05-01T13:20:00-0400,2025-05-01,ECHO,333.770801,335.202005,330.860642,332.186906,4011
2025-05-01T13:25:00-0400,2025-05-01,AURA,43.074675,43.087494,43.016793,43.026309,16109
2025-05-01T13:25:00-0400,2025-05-01,BOLT,119.686018,119.831064,119.363129,119.392718,8938
2025-05-01T13:25:00-0400,2025-05-01,CRUX,78.851062,79.263231,78.536124,78.730013,12348
2025-05-01T13:25:00-0400,2025-05-01,DUNE,23.449744,23.553682,23.419766,23.513552,32113
2025-05-01T13:25:00-0400,2025-05-01,ECHO,331.646811,333.124249,330.926572,332.32751,8409
2025-05-01T13:30:00-0400,2025-05-01,AURA,43.018807,43.031211,42.891926,42.925891,13255
2025-05-01T13:30:00-0400,2025-05-01,BOLT,119.441187,119.575173,118.969616,119.290566,8799
2025-05-01T13:30:00-0400,2025-05-01,CRUX,78.696571,79.137297,78.626187,78.880503,17567
2025-05-01T13:30:00-0400,2025-05-01,DUNE,23.515884,23.531379,23.427526,23.457301,32464
2025-05-01T13:30:00-0400,2025-05-01,ECHO,332.488931,333.381724,328.984742,329.784008,3297
2025-05-01T13:35:00-0400,2025-05-01,AURA,42.935814,43.027611,42.932676,43.015009,17749
2025-05-01T13:35:00-0400,2025-05-01,BOLT,119.290776,119.98281,119.249796,119.68304,8745
2025-05-01T13:35:00-0400,2025-05-01,CRUX,78.879653,79.512203,78.806758,79.123908,20018
2025-05-01T13:35:00-0400,2025-05-01,DUNE,23.46676,23.537532,23.438286,23.494482,48170
2025-05-01T13:35:00-0400,2025-05-01,ECHO,329.537456,334.470781,328.518411,332.951409,5649
2025-05-01T13:40:00-0400,2025-05-01,AURA,43.012765,43.15124,42.952727,43.141365,14911
2025-05-01T13:40:00-0400,2025-05-01,BOLT,119.670446,119.843216,119.397527,119.495419,13377
2025-05-01T13:40:00-0400,2025-05-01,CRUX,79.135238,79.508418,79.118288,79.435364,13079
2025-05-01T13:40:00-0400,2025-05-01,DUNE,23.504323,23.51189,23.336231,23.416059,32996
2025-05-01T13:40:00-0400,2025-05-01,ECHO,332.728279,333.154239,331.542389,332.849419,4939
2025-05-01T13:45:00-0400,2025-05-01,AURA,43.143137,43.213116,43.137984,43.162719,21638
2025-05-01T13:45:00-0400,2025-05-01,BOLT,119.548359,119.88822,119.351301,119.594868,10008
2025-05-01T13:45:00-0400,2025-05-01,CRUX,79.394468,79.942106,79.384203,79.828472,26348
2025-05-01T13:45:00-0400,2025-05-01,DUNE,23.410996,23.509141,23.364134,23.485099,42433
2025-05-01T13:45:00-0400,2025-05-01,ECHO,332.920672,336.427503,331.618041,335.970093,7385
2025-05-01T13:50:00-0400,2025-05-01,AURA,43.150855,43.184967,43.144407,43.164754,11535
2025-05-01T13:50:00-0400,2025-05-01,BOLT,119.619256,119.959133,119.564796,119.880876,11045
2025-05-01T13:50:00-0400,2025-05-01,CRUX,79.809829,80.384893,79.743743,80.329288,11694
2025-05-01T13:50:00-0400,2025-05-01,DUNE,23.479549,23.519189,23.423803,23.515699,19161
2025-05-01T13:50:00-0400,2025-05-01,ECHO,336.122793,337.479349,335.784416,336.019128,3989
2025-05-01T13:55:00-0400,2025-05-01,AURA,43.159657,43.25046,43.129103,43.198039,10785
2025-05-01T13:55:00-0400,2025-05-01,BOLT,119.76912,120.220565,119.541217,120.050568,6570
2025-05-01T13:55:00-0400,2025-05-01,CRUX,80.336994,80.456202,79.908139,80.143854,25888
2025-05-01T13:55:00-0400,2025-05-01,DUNE,23.502971,23.621754,23.483168,23.535656,58559
2025-05-01T13:55:00-0400,2025-05-01,ECHO,336.027176,339.642197,335.603538,338.646504,2966
2025-05-01T14:00:00-0400,2025-05-01,AURA,43.195364,43.299917,43.150771,43.17763,6590
2025-05-01T14:00:00-0400,2025-05-01,BOLT,120.074224,120.158564,119.734403,119.822289,21072
2025-05-01T14:00:00-0400,2025-05-01,CRUX,80.133044,80.206163,79.913945,79.983596,22977
2025-05-01T14:00:00-0400,2025-05-01,DUNE,23.542875,23.594362,23.403889,23.458485,35943
2025-05-01T14:00:00-0400,2025-05-01,ECHO,338.589563,339.806822,338.223522,338.489374,5082
2025-05-01T14:05:00-0400,2025-05-01,AURA,43.161223,43.258521,43.160221,43.20996,11303
2025-05-01T14:05:00-0400,2025-05-01,BOLT,119.750617,120.064323,119.72534,119.88925,10138
2025-05-01T14:05:00-0400,2025-05-01,CRUX,80.019707,80.27141,79.9619,79.963803,20037
2025-05-01T14:05:00-0400,2025-05-01,DUNE,23.488139,23.570933,23.484785,23.568275,19730
2025-05-01T14:05:00-0400,2025-05-01,ECHO,338.369861,339.932447,336.532117,338.02228,4706
2025-05-01T14:10:00-0400,2025-05-01,AURA,43.21525,43.252712,43.156654,43.196428,13758
2025-05-01T14:10:00-0400,2025-05-01,BOLT,119.894907,120.459163,119.750831,120.325613,8098
2025-05-01T14:10:00-0400,2025-05-01,CRUX,79.926488,80.001673,79.78117,79.984891,12743
2025-05-01T14:10:00-0400,2025-05-01,DUNE,23.571711,23.819113,23.544999,23.755211,71324
2025-05-01T14:10:00-0400,2025-05-01,ECHO,338.18364,338.380503,338.10324,338.360449,3425
2025-05-01T14:15:00-0400,2025-05-01,AURA,43.185519,43.189077,43.09836,43.114577,19624
2025-05-01T14:15:00-0400,2025-05-01,BOLT,120.275312,120.5113,120.083117,120.08392,16113
2025-05-01T14:15:00-0400,2025-05-01,CRUX,79.986589,80.350627,79.767695,79.77996,25385
2025-05-01T14:15:00-0400,2025-05-01,DUNE,23.769203,23.779893,23.751667,23.765353,30644
2025-05-01T14:15:00-0400,2025-05-01,ECHO,337.820635,338.309152,337.062844,337.50357,9381
2025-05-01T14:20:00-0400,2025-05-01,AURA,43.124491,43.159512,43.086601,43.109081,16091
2025-05-01T14:20:00-0400,2025-05-01,BOLT,120.114612,120.115702,119.996658,120.043592,6251
2025-05-01T14:20:00-0400,2025-05-01,CRUX,79.772234,79.848451,79.365429,79.432739,19625
2025-05-01T14:20:00-0400,2025-05-01,DUNE,23.770393,23.892594,23.739754,23.798087,26548
2025-05-01T14:20:00-0400,2025-05-01,ECHO,337.465189,341.49667,336.178899,341.232465,4183
2025-05-01T14:25:00-0400,2025-05-01,AURA,43.1152,43.149754,43.017966,43.129912,15044
2025-05-01T14:25:00-0400,2025-05-01,BOLT,120.094973,120.193168,119.990413,119.993273,17364
2025-05-01T14:25:00-0400,2025-05-01,CRUX,79.427613,80.036377,79.340205,79.798698,16347
2025-05-01T14:25:00-0400,2025-05-01,DUNE,23.788053,23.865959,23.73673,23.820119,45851
2025-05-01T14:25:00-0400,2025-05-01,ECHO,341.655426,344.936664,341.266531,343.917785,4450
2025-05-01T14:30:00-0400,2025-05-01,AURA,43.12699,43.298388,43.119493,43.211867,22784
2025-05-01T14:30:00-0400,2025-05-01,BOLT,119.971941,120.387586,119.687946,120.367307,6872
2025-05-01T14:30:00-0400,2025-05-01,CRUX,79.831807,79.899622,79.754318,79.784615,20616
2025-05-01T14:30:00-0400,2025-05-01,DUNE,23.807942,23.921776,23.755436,23.900586,64604
2025-05-01T14:30:00-0400,2025-05-01,ECHO,343.474603,344.973203,342.450177,344.271348,3650
2025-05-01T14:35:00-0400,2025-05-01,AURA,43.223327,43.241908,43.144727,43.237363,6812
2025-05-01T14:35:00-0400,2025-05-01,BOLT,120.316549,120.716864,120.236739,120.620609,5219
2025-05-01T14:35:00-0400,2025-05-01,CRUX,79.783965,80.092274,79.73361,79.933537,19569
2025-05-01T14:35:00-0400,2025-05-01,DUNE,23.893232,23.924499,23.879596,23.890079,70990
2025-05-01T14:35:00-0400,2025-05-01,ECHO,344.684944,346.172047,339.607909,341.640834,6930
2025-05-01T14:40:00-0400,2025-05-01,AURA,43.228496,43.307076,43.177845,43.234262,47652
2025-05-01T14:40:00-0400,2025-05-01,BOLT,120.612263,120.800623,120.611099,120.716995,17618
2025-05-01T14:40:00-0400,2025-05-01,CRUX,79.94365,79.973155,79.519178,79.547658,23797
2025-05-01T14:40:00-0400,2025-05-01,DUNE,23.877159,23.885422,23.77477,23.796602,26392
2025-05-01T14:40:00-0400,2025-05-01,ECHO,341.53971,342.485954,339.662928,341.449211,9292
2025-05-01T14:45:00-0400,2025-05-01,AURA,43.218187,43.283871,43.192703,43.247333,16506
2025-05-01T14:45:00-0400,2025-05-01,BOLT,120.635061,120.726104,119.895264,119.919557,13606
2025-05-01T14:45:00-0400,2025-05-01,CRUX,79.5291,79.699937,79.027917,79.174836,35748
2025-05-01T14:45:00-0400,2025-05-01,DUNE,23.772203,23.947256,23.742443,23.812911,54724
2025-05-01T14:45:00-0400,2025-05-01,ECHO,341.444373,342.329619,338.94324,339.233214,10393
2025-05-01T14:50:00-0400,2025-05-01,AURA,43.257333,43.267183,43.195585,43.230155,27770
2025-05-01T14:50:00-0400,2025-05-01,BOLT,119.925868,119.976399,119.467138,119.82127,15933
2025-05-01T14:50:00-0400,2025-05-01,CRUX,79.211718,79.224097,78.869058,78.890659,26587
2025-05-01T14:50:00-0400,2025-05-01,DUNE,23.816613,23.861999,23.653013,23.670685,58363
2025-05-01T14:50:00-0400,2025-05-01,ECHO,339.263514,339.694906,337.445313,338.285114,6731
2025-05-01T14:55:00-0400,2025-05-01,AURA,43.235933,43.237476,43.051575,43.152271,21038
2025-05-01T14:55:00-0400,2025-05-01,BOLT,119.862946,120.031692,119.826796,119.832314,20606
2025-05-01T14:55:00-0400,2025-05-01,CRUX,78.970979,79.300045,78.881647,79.128923,18265
2025-05-01T14:55:00-0400,2025-05-01,DUNE,23.677641,23.682778,23.518292,23.559611,68997
2025-05-01T14:55:00-0400,2025-05-01,ECHO,338.58909,339.627314,337.890628,339.011654,5062
2025-05-01T15:00:00-0400,2025-05-01,AURA,43.141445,43.175385,43.126743,43.127307,26846
2025-05-01T15:00:00-0400,2025-05-01,BOLT,119.829004,119.964637,119.750416,119.829006,10472
2025-05-01T15:00:00-0400,2025-05-01,CRUX,79.157086,79.236119,78.947096,79.20557,22157
2025-05-01T15:00:00-0400,2025-05-01,DUNE,23.565491,23.590264,23.436587,23.491688,38842
2025-05-01T15:00:00-0400,2025-05-01,ECHO,339.256457,340.597156,339.192441,340.556788,7753
2025-05-01T15:05:00-0400,2025-05-01,AURA,43.126414,43.29145,43.091244,43.255581,16762
2025-05-01T15:05:00-0400,2025-05-01,BOLT,119.860799,120.173167,119.798565,120.040545,8619
2025-05-01T15:05:00-0400,2025-05-01,CRUX,79.137588,79.69854,79.06226,79.528951,27722
2025-05-01T15:05:00-0400,2025-05-01,DUNE,23.49067,23.528056,23.399449,23.517178,40593
2025-05-01T15:05:00-0400,2025-05-01,ECHO,340.517182,343.508841,339.614577,341.985078,6254
2025-05-01T15:10:00-0400,2025-05-01,AURA,43.264533,43.325568,43.24805,43.27436,19135
2025-05-01T15:10:00-0400,2025-05-01,BOLT,120.098818,120.114843,119.551146,119.591552,11766
2025-05-01T15:10:00-0400,2025-05-01,CRUX,79.476143,79.511873,79.251722,79.275472,44782
2025-05-01T15:10:00-0400,2025-05-01,DUNE,23.488388,23.584944,23.415078,23.497401,75985
2025-05-01T15:10:00-0400,2025-05-01,ECHO,341.687741,342.729671,340.74737,341.422929,6664
2025-05-01T15:15:00-0400,2025-05-01,AURA,43.263294,43.270307,43.230689,43.263695,29092
2025-05-01T15:15:00-0400,2025-05-01,BOLT,119.589821,119.842581,119.553179,119.837633,22582
2025-05-01T15:15:00-0400,2025-05-01,CRUX,79.271853,79.412193,79.264968,79.346458,27361
2025-05-01T15:15:00-0400,2025-05-01,DUNE,23.504401,23.521939,23.327823,23.351682,52300
2025-05-01T15:15:00-0400,2025-05-01,ECHO,340.839146,343.558517,340.250056,342.259894,6286
2025-05-01T15:20:00-0400,2025-05-01,AURA,43.259157,43.271646,43.146117,43.19762,20847
2025-05-01T15:20:00-0400,2025-05-01,BOLT,119.882896,120.06446,119.573427,119.594409,7292
2025-05-01T15:20:00-0400,2025-05-01,CRUX,79.36191,79.53437,79.09654,79.201048,27450
2025-05-01T15:20:00-0400,2025-05-01,DUNE,23.354818,23.377616,23.216663,23.280447,52245
2025-05-01T15:20:00-0400,2025-05-01,ECHO,342.715732,342.998265,337.32339,338.276895,11619
2025-05-01T15:25:00-0400,2025-05-01,AURA,43.206603,43.307501,43.149747,43.27962,23553
2025-05-01T15:25:00-0400,2025-05-01,BOLT,119.491646,119.822337,119.436188,119.732772,20204
2025-05-01T15:25:00-0400,2025-05-01,CRUX,79.23382,79.293849,78.910326,78.944119,64119
2025-05-01T15:25:00-0400,2025-05-01,DUNE,23.252289,23.421817,23.244736,23.410058,57286
2025-05-01T15:25:00-0400,2025-05-01,ECHO,338.193167,339.059989,337.723247,338.374854,7427
2025-05-01T15:30:00-0400,2025-05-01,AURA,43.307039,43.316714,43.275086,43.278436,17925
2025-05-01T15:30:00-0400,2025-05-01,BOLT,119.808215,119.880792,119.674498,119.726396,18123
2025-05-01T15:30:00-0400,2025-05-01,CRUX,78.965994,79.075514,78.783494,78.840898,30046
2025-05-01T15:30:00-0400,2025-05-01,DUNE,23.395175,23.441185,23.360664,23.403011,70733
2025-05-01T15:30:00-0400,2025-05-01,ECHO,339.195316,340.072802,336.954408,338.746739,8499
2025-05-01T15:35:00-0400,2025-05-01,AURA,43.252169,43.364739,43.188592,43.334514,26482
2025-05-01T15:35:00-0400,2025-05-01,BOLT,119.780249,119.950014,119.507938,119.593055,25019
2025-05-01T15:35:00-0400,2025-05-01,CRUX,78.811602,79.29848,78.74967,79.074053,32339
2025-05-01T15:35:00-0400,2025-05-01,DUNE,23.396026,23.417272,23.363293,23.373517,68673
2025-05-01T15:35:00-0400,2025-05-01,ECHO,338.877058,339.625044,337.525075,338.081334,6547
2025-05-01T15:40:00-0400,2025-05-01,AURA,43.349385,43.38024,43.26071,43.315578,29751
2025-05-01T15:40:00-0400,2025-05-01,BOLT,119.541865,120.183677,119.297153,119.922604,21697
2025-05-01T15:40:00-0400,2025-05-01,CRUX,79.056029,79.18893,78.919377,79.046628,38608
2025-05-01T15:40:00-0400,2025-05-01,DUNE,23.359515,23.436568,23.350605,23.431301,103278
2025-05-01T15:40:00-0400,2025-05-01,ECHO,338.388143,340.842074,336.806231,337.543792,10562
2025-05-01T15:45:00-0400,2025-05-01,AURA,43.308852,43.365872,43.290312,43.339637,45279
2025-05-01T15:45:00-0400,2025-05-01,BOLT,119.945969,119.971177,119.751199,119.971041,13523
2025-05-01T15:45:00-0400,2025-05-01,CRUX,79.083485,79.098146,78.366347,78.633686,28875
2025-05-01T15:45:00-0400,2025-05-01,DUNE,23.426947,23.583619,23.356293,23.542161,76555
2025-05-01T15:45:00-0400,2025-05-01,ECHO,338.162434,340.038866,335.852179,337.224982,6281
2025-05-01T15:50:00-0400,2025-05-01,AURA,43.321509,43.469177,43.283062,43.396238,18411
2025-05-01T15:50:00-0400,2025-05-01,BOLT,120.037831,120.157797,119.681466,119.908604,31441
2025-05-01T15:50:00-0400,2025-05-01,CRUX,78.558283,78.658594,78.388925,78.479149,16958
2025-05-01T15:50:00-0400,2025-05-01,DUNE,23.554682,23.601011,23.365778,23.437829,74999
2025-05-01T15:50:00-0400,2025-05-01,ECHO,337.264006,337.932646,334.074465,335.862209,12371
2025-05-01T15:55:00-0400,2025-05-01,AURA,43.410142,43.456042,43.318629,43.355762,17634
2025-05-01T15:55:00-0400,2025-05-01,BOLT,119.85315,120.61985,119.76035,120.532226,25671
2025-05-01T15:55:00-0400,2025-05-01,CRUX,78.48771,78.83525,78.399892,78.782155,26068
2025-05-01T15:55:00-0400,2025-05-01,DUNE,23.430798,23.439761,23.369163,23.380096,47707
2025-05-01T15:55:00-0400,2025-05-01,ECHO,336.121716,336.831796,334.709754,335.750071,6692
2025-05-02T09:30:00-0400,2025-05-02,AURA,43.134683,43.245539,43.082945,43.207577,46741
2025-05-02T09:30:00-0400,2025-05-02,BOLT,119.532861,120.040041,119.299202,119.956563,19321
2025-05-02T09:30:00-0400,2025-05-02,CRUX,79.250326,79.327827,78.974636,79.186245,26539
2025-05-02T09:30:00-0400,2025-05-02,DUNE,23.304855,23.411018,23.269284,23.377132,52464
2025-05-02T09:30:00-0400,2025-05-02,ECHO,329.989397,330.156887,328.902137,330.142627,8373
2025-05-02T09:35:00-0400,2025-05-02,AURA,43.205131,43.288182,43.194273,43.226678,17250
2025-05-02T09:35:00-0400,2025-05-02,BOLT,119.953185,120.028716,119.888451,119.937308,22359
2025-05-02T09:35:00-0400,2025-05-02,CRUX,79.217713,79.235136,79.085108,79.125179,27511
2025-05-02T09:35:00-0400,2025-05-02,DUNE,23.376756,23.382864,23.176164,23.209644,65802
2025-05-02T09:35:00-0400,2025-05-02,ECHO,329.59561,331.008409,329.067713,330.883052,8714
2025-05-02T09:40:00-0400,2025-05-02,AURA,43.236113,43.32988,43.234339,43.301455,25931
2025-05-02T09:40:00-0400,2025-05-02,BOLT,119.888317,120.0001,119.722849,119.892564,27408
2025-05-02T09:40:00-0400,2025-05-02,CRUX,79.062197,79.200166,78.781355,79.103519,48579
2025-05-02T09:40:00-0400,2025-05-02,DUNE,23.194172,23.294995,23.18241,23.241932,49822
2025-05-02T09:40:00-0400,2025-05-02,ECHO,330.383473,333.882491,330.081787,331.279575,12798
2025-05-02T09:45:00-0400,2025-05-02,AURA,43.286215,43.310659,43.141373,43.17136,42030
2025-05-02T09:45:00-0400,2025-05-02,BOLT,119.900989,120.099947,119.756932,120.039751,31404
2025-05-02T09:45:00-0400,2025-05-02,CRUX,79.057493,79.094688,78.49383,78.560626,28017
2025-05-02T09:45:00-0400,2025-05-02,DUNE,23.254332,23.332967,23.106089,23.128828,103804
2025-05-02T09:45:00-0400,2025-05-02,ECHO,331.837883,332.839949,328.855295,330.504597,6888
2025-05-02T09:50:00-0400,2025-05-02,AURA,43.182544,43.230229,43.029768,43.087446,35964
2025-05-02T09:50:00-0400,2025-05-02,BOLT,120.050233,120.154592,119.431521,119.627587,34882
2025-05-02T09:50:00-0400,2025-05-02,CRUX,78.523047,78.541482,78.492259,78.531129,52702
2025-05-02T09:50:00-0400,2025-05-02,DUNE,23.119795,23.161689,22.986916,23.035301,105135
2025-05-02T09:50:00-0400,2025-05-02,ECHO,330.601479,330.786142,328.824556,328.879695,7939
2025-05-02T09:55:00-0400,2025-05-02,AURA,43.075998,43.11297,43.038425,43.052015,17823
2025-05-02T09:55:00-0400,2025-05-02,BOLT,119.580316,119.650874,119.316501,119.326601,26117
2025-05-02T09:55:00-0400,2025-05-02,CRUX,78.615233,78.646363,77.975692,78.089063,26717
2025-05-02T09:55:00-0400,2025-05-02,DUNE,23.030101,23.060577,22.809383,22.863219,101535
2025-05-02T09:55:00-0400,2025-05-02,ECHO,328.675713,329.611349,326.723343,329.452217,11801
2025-05-02T10:00:00-0400,2025-05-02,AURA,43.057948,43.062871,43.009943,43.04195,19728
2025-05-02T10:00:00-0400,2025-05-02,BOLT,119.312572,120.223952,119.224644,119.856032,17151
2025-05-02T10:00:00-0400,2025-05-02,CRUX,78.05216,78.368439,78.009356,78.353331,23280
2025-05-02T10:00:00-0400,2025-05-02,DUNE,22.882228,22.96055,22.873864,22.920115,77062
2025-05-02T10:00:00-0400,2025-05-02,ECHO,329.627923,331.311507,329.263063,330.630794,10604
2025-05-02T10:05:00-0400,2025-05-02,AURA,43.043373,43.055498,42.976177,43.001916,21437
2025-05-02T10:05:00-0400,2025-05-02,BOLT,119.853147,120.118687,119.751161,119.96368,11589
2025-05-02T10:05:00-0400,2025-05-02,CRUX,78.328005,78.474792,78.100038,78.119643,48377
2025-05-02T10:05:00-0400,2025-05-02,DUNE,22.918157,22.919587,22.795902,22.812355,45881
2025-05-02T10:05:00-0400,2025-05-02,ECHO,330.902658,331.848655,329.373761,330.816916,7730
2025-05-02T10:10:00-0400,2025-05-02,AURA,42.981676,42.989306,42.953985,42.966385,15616
2025-05-02T10:10:00-0400,2025-05-02,BOLT,119.918292,120.11072,119.578984,119.661647,11926
2025-05-02T10:10:00-0400,2025-05-02,CRUX,78.14672,78.256829,77.829761,77.976796,22856
2025-05-02T10:10:00-0400,2025-05-02,DUNE,22.828162,22.878751,22.579302,22.674068,42885
2025-05-02T10:10:00-0400,2025-05-02,ECHO,330.947099,331.491341,328.71013,329.926028,5607
2025-05-02T10:15:00-0400,2025-05-02,AURA,42.953033,43.018354,42.880185,42.991829,21317
2025-05-02T10:15:00-0400,2025-05-02,BOLT,119.721923,119.723518,119.398118,119.541956,18690
2025-05-02T10:15:00-0400,2025-05-02,CRUX,77.958814,78.204515,77.956978,78.170588,33707
2025-05-02T10:15:00-0400,2025-05-02,DUNE,22.665049,22.789298,22.65811,22.76072,44030
2025-05-02T10:15:00-0400,2025-05-02,ECHO,330.01443,331.43635,327.407848,328.683536,12062
2025-05-02T10:20:00-0400,2025-05-02,AURA,42.986761,43.076825,42.772806,42.800749,24773
2025-05-02T10:20:00-0400,2025-05-02,BOLT,119.553387,119.818107,119.483036,119.517714,20951
2025-05-02T10:20:00-0400,2025-05-02,CRUX,78.143211,78.355238,77.959764,78.239221,31667
2025-05-02T10:20:00-0400,2025-05-02,DUNE,22.763032,22.843979,22.737923,22.778273,29676
2025-05-02T10:20:00-0400,2025-05-02,ECHO,328.59263,330.30992,328.494848,330.015473,8831
2025-05-02T10:25:00-0400,2025-05-02,AURA,42.811233,42.819292,42.58569,42.608771,15434
2025-05-02T10:25:00-0400,2025-05-02,BOLT,119.523132,119.867148,119.242763,119.353471,11842
2025-05-02T10:25:00-0400,2025-05-02,CRUX,78.231872,78.290199,78.13472,78.215931,21929
2025-05-02T10:25:00-0400,2025-05-02,DUNE,22.800601,22.860774,22.601462,22.654843,36898
2025-05-02T10:25:00-0400,2025-05-02,ECHO,330.450925,331.559508,328.33114,328.533513,4649
2025-05-02T10:30:00-0400,2025-05-02,AURA,42.595334,42.619349,42.530496,42.551782,15847
2025-05-02T10:30:00-0400,2025-05-02,BOLT,119.275198,119.496256,119.26421,119.404857,12239
2025-05-02T10:30:00-0400,2025-05-02,CRUX,78.175372,78.420799,78.138207,78.279285,34920
2025-05-02T10:30:00-0400,2025-05-02,DUNE,22.648532,22.684319,22.490326,22.564967,44911
2025-05-02T10:30:00-0400,2025-05-02,ECHO,328.612092,329.722468,327.983873,329.544594,14365
2025-05-02T10:35:00-0400,2025-05-02,AURA,42.55176,42.667172,42.516996,42.620761,38684
2025-05-02T10:35:00-0400,2025-05-02,BOLT,119.445763,119.867655,119.338097,119.796147,13972
2025-05-02T10:35:00-0400,2025-05-02,CRUX,78.222185,78.539775,78.177223,78.330148,11469
2025-05-02T10:35:00-0400,2025-05-02,DUNE,22.573781,22.577027,22.542602,22.563413,46798
2025-05-02T10:35:00-0400,2025-05-02,ECHO,329.003709,329.49025,327.123095,329.055394,5753
2025-05-02T10:40:00-0400,2025-05-02,AURA,42.610108,42.712622,42.582931,42.686021,12057
2025-05-02T10:40:00-0400,2025-05-02,BOLT,119.830777,119.847883,119.422434,119.620847,22688
2025-05-02T10:40:00-0400,2025-05-02,CRUX,78.311673,78.443474,78.12743,78.135904,21329
2025-05-02T10:40:00-0400,2025-05-02,DUNE,22.567456,22.642275,22.315178,22.330238,142859
2025-05-02T10:40:00-0400,2025-05-02,ECHO,329.107753,329.414055,326.692625,328.140747,13072
2025-05-02T10:45:00-0400,2025-05-02,AURA,42.687834,42.698713,42.565884,42.597798,21369
2025-05-02T10:45:00-0400,2025-05-02,BOLT,119.631383,119.804609,118.80544,119.036258,20527
2025-05-02T10:45:00-0400,2025-05-02,CRUX,78.132952,78.232368,77.853091,78.127717,26582
2025-05-02T10:45:00-0400,2025-05-02,DUNE,22.327298,22.372042,22.112722,22.127957,25118
2025-05-02T10:45:00-0400,2025-05-02,ECHO,327.857079,328.385478,326.349837,327.046612,7101
2025-05-02T10:50:00-0400,2025-05-02,AURA,42.580082,42.642505,42.521697,42.64077,12344
2025-05-02T10:50:00-0400,2025-05-02,BOLT,119.011715,119.105695,118.926709,118.983684,8581
2025-05-02T10:50:00-0400,2025-05-02,CRUX,78.18329,78.316335,78.076025,78.280895,21881
2025-05-02T10:50:00-0400,2025-05-02,DUNE,22.114762,22.332595,22.054312,22.302867,70850
2025-05-02T10:50:00-0400,2025-05-02,ECHO,326.953734,329.287473,326.337204,329.220577,5582
2025-05-02T10:55:00-0400,2025-05-02,AURA,42.639132,42.697029,42.627133,42.670852,14494
2025-05-02T10:55:00-0400,2025-05-02,BOLT,119.020811,119.40327,118.811418,119.3005,8822
2025-05-02T10:55:00-0400,2025-05-02,CRUX,78.193651,78.218779,78.157026,78.173416,25341
2025-05-02T10:55:00-0400,2025-05-02,DUNE,22.301617,22.361042,22.280004,22.302131,43386
2025-05-02T10:55:00-0400,2025-05-02,ECHO,329.286298,330.821667,326.185502,326.942084,7336
2025-05-02T11:00:00-0400,2025-05-02,AURA,42.667202,42.688068,42.616643,42.621389,15354
2025-05-02T11:00:00-0400,2025-05-02,BOLT,119.337919,119.638343,119.176158,119.536086,18683
2025-05-02T11:00:00-0400,2025-05-02,CRUX,78.182179,78.257678,77.855814,77.889765,18866
2025-05-02T11:00:00-0400,2025-05-02,DUNE,22.315163,22.364326,22.269038,22.302116,48646
2025-05-02T11:00:00-0400,2025-05-02,ECHO,326.766555,329.85698,325.581337,329.45803,5576
2025-05-02T11:05:00-0400,2025-05-02,AURA,42.619525,42.69875,42.609685,42.678049,18342
2025-05-02T11:05:00-0400,2025-05-02,BOLT,119.57313,119.716846,119.567892,119.598622,8215
2025-05-02T11:05:00-0400,2025-05-02,CRUX,77.878239,77.994653,77.671994,77.759603,21689
2025-05-02T11:05:00-0400,2025-05-02,DUNE,22.28117,22.296547,22.23147,22.232453,58250
2025-05-02T11:05:00-0400,2025-05-02,ECHO,329.275016,329.66773,327.725373,328.670668,2908
2025-05-02T11:10:00-0400,2025-05-02,AURA,42.703442,42.889391,42.654007,42.784976,11917
2025-05-02T11:10:00-0400,2025-05-02,BOLT,119.554587,120.197994,119.52643,119.990256,7861
2025-05-02T11:10:00-0400,2025-05-02,CRUX,77.688542,78.111583,77.535072,78.07184,27312
2025-05-02T11:10:00-0400,2025-05-02,DUNE,22.225645,22.361059,22.181485,22.31453,45523
2025-05-02T11:10:00-0400,2025-05-02,ECHO,328.772495,331.79975,328.471976,330.696582,7488
2025-05-02T11:15:00-0400,2025-05-02,AURA,42.779856,42.822148,42.733278,42.74582,16223
2025-05-02T11:15:00-0400,2025-05-02,BOLT,119.941546,120.436435,119.781793,120.339777,13490
2025-05-02T11:15:00-0400,2025-05-02,CRUX,78.092553,78.115289,77.728017,77.790555,15749
2025-05-02T11:15:00-0400,2025-05-02,DUNE,22.286732,22.341962,22.20976,22.32045,57231
2025-05-02T11:15:00-0400,2025-05-02,ECHO,330.377781,330.483031,328.93849,329.007014,6811
2025-05-02T11:20:00-0400,2025-05-02,AURA,42.73502,42.801872,42.672213,42.72933,8991
2025-05-02T11:20:00-0400,2025-05-02,BOLT,120.382669,120.63212,120.13517,120.256897,8978
2025-05-02T11:20:00-0400,2025-05-02,CRUX,77.801098,77.827932,77.61591,77.686125,27319
2025-05-02T11:20:00-0400,2025-05-02,DUNE,22.309633,22.319639,22.230982,22.300367,15725
2025-05-02T11:20:00-0400,2025-05-02,ECHO,329.151121,330.398984,326.851925,327.521213,6602
2025-05-02T11:25:00-0400,2025-05-02,AURA,42.710406,42.780611,42.704344,42.753007,14649
2025-05-02T11:25:00-0400,2025-05-02,BOLT,120.23165,120.95009,120.072813,120.662389,11147
2025-05-02T11:25:00-0400,2025-05-02,CRUX,77.676415,77.877569,77.509874,77.712025,25250
2025-05-02T11:25:00-0400,2025-05-02,DUNE,22.293011,22.482474,22.256346,22.479634,30551
2025-05-02T11:25:00-0400,2025-05-02,ECHO,327.811283,328.878181,327.637489,327.917627,4504
2025-05-02T11:30:00-0400,2025-05-02,AURA,42.755415,42.838295,42.691035,42.828728,9508
2025-05-02T11:30:00-0400,2025-05-02,BOLT,120.765894,120.792588,120.618816,120.659432,11533
2025-05-02T11:30:00-0400,2025-05-02,CRUX,77.677842,77.687714,77.446656,77.685612,19262
2025-05-02T11:30:00-0400,2025-05-02,DUNE,22.473487,22.536986,22.336248,22.410945,31204
2025-05-02T11:30:00-0400,2025-05-02,ECHO,327.725256,329.813897,327.301997,329.390897,2186
2025-05-02T11:35:00-0400,2025-05-02,AURA,42.824179,42.860896,42.724342,42.788016,11946
2025-05-02T11:35:00-0400,2025-05-02,BOLT,120.733527,120.981556,120.48253,120.921442,8546
2025-05-02T11:35:00-0400,2025-05-02,CRUX,77.707486,77.83499,77.490653,77.524129,15103
2025-05-02T11:35:00-0400,2025-05-02,DUNE,22.404129,22.43756,22.240555,22.343598,34086
2025-05-02T11:35:00-0400,2025-05-02,ECHO,329.311778,331.577483,324.211886,324.456754,5645
2025-05-02T11:40:00-0400,2025-05-02,AURA,42.785495,42.868488,42.753055,42.856961,10973
2025-05-02T11:40:00-0400,2025-05-02,BOLT,120.932928,121.208437,120.668533,120.820981,4123
2025-05-02T11:40:00-0400,2025-05-02,CRUX,77.541103,78.125611,77.52994,78.043199,25957
2025-05-02T11:40:00-0400,2025-05-02,DUNE,22.340755,22.391042,22.309907,22.374741,25689
2025-05-02T11:40:00-0400,2025-05-02,ECHO,324.639974,324.914782,321.42025,321.437461,3904
2025-05-02T11:45:00-0400,2025-05-02,AURA,42.845602,42.926102,42.840785,42.916807,15429
2025-05-02T11:45:00-0400,2025-05-02,BOLT,120.850978,121.044524,120.690168,120.98549,6829
2025-05-02T11:45:00-0400,2025-05-02,CRUX,78.057996,78.28635,77.974348,78.276474,20721
2025-05-02T11:45:00-0400,2025-05-02,DUNE,22.358496,22.589501,22.342777,22.497642,31992
2025-05-02T11:45:00-0400,2025-05-02,ECHO,321.19568,323.24914,321.119319,322.718238,2653
2025-05-02T11:50:00-0400,2025-05-02,AURA,42.928038,42.935197,42.829481,42.870403,10416
2025-05-02T11:50:00-0400,2025-05-02,BOLT,120.88761,121.431804,120.85256,121.145688,14362
2025-05-02T11:50:00-0400,2025-05-02,CRUX,78.271583,78.793534,78.158169,78.507925,31593
2025-05-02T11:50:00-0400,2025-05-02,DUNE,22.50476,22.577875,22.496862,22.570987,35162
2025-05-02T11:50:00-0400,2025-05-02,ECHO,322.716398,323.52902,321.903079,322.806144,5785
2025-05-02T11:55:00-0400,2025-05-02,AURA,42.881532,42.889116,42.809032,42.8331,18334
2025-05-02T11:55:00-0400,2025-05-02,BOLT,121.152115,121.19121,120.837855,120.868691,11743
2025-05-02T11:55:00-0400,2025-05-02,CRUX,78.525322,78.595472,78.25602,78.36343,10123
2025-05-02T11:55:00-0400,2025-05-02,DUNE,22.599076,22.608157,22.508821,22.512639,40009
2025-05-02T11:55:00-0400,2025-05-02,ECHO,322.737594,325.013454,321.93516,324.551869,4979
2025-05-02T12:00:00-0400,2025-05-02,AURA,42.825588,42.852098,42.737585,42.766319,28362
2025-05-02T12:00:00-0400,2025-05-02,BOLT,120.849789,120.952624,120.577222,120.768771,9815
2025-05-02T12:00:00-0400,2025-05-02,CRUX,78.311661,78.737183,78.158718,78.720854,13116
2025-05-02T12:00:00-0400,2025-05-02,DUNE,22.501108,22.536352,22.459509,22.525229,18414
2025-05-02T12:00:00-0400,2025-05-02,ECHO,324.569165,325.711978,324.023846,324.180762,3959
2025-05-02T12:05:00-0400,2025-05-02,AURA,42.797346,42.816219,42.602776,42.623624,13121
2025-05-02T12:05:00-0400,2025-05-02,BOLT,120.862737,120.939681,120.370597,120.413554,8920
2025-05-02T12:05:00-0400,2025-05-02,CRUX,78.6653,78.842134,78.266615,78.336797,10780
2025-05-02T12:05:00-0400,2025-05-02,DUNE,22.54682,22.576325,22.363,22.394329,35278
2025-05-02T12:05:00-0400,2025-05-02,ECHO,323.94283,325.402665,323.828379,323.994951,3204
2025-05-02T12:10:00-0400,2025-05-02,AURA,42.63163,42.650673,42.57298,42.597898,9191
2025-05-02T12:10:00-0400,2025-05-02,BOLT,120.445407,121.204963,120.293392,121.073594,7936
2025-05-02T12:10:00-0400,2025-05-02,CRUX,78.323628,78.514276,78.259536,78.441668,27605
2025-05-02T12:10:00-0400,2025-05-02,DUNE,22.404266,22.602216,22.374785,22.509172,32890
2025-05-02T12:10:00-0400,2025-05-02,ECHO,323.660566,326.6816,322.681403,325.753989,3863
2025-05-02T12:15:00-0400,2025-05-02,AURA,42.585179,42.594732,42.560989,42.578333,8090
2025-05-02T12:15:00-0400,2025-05-02,BOLT,121.087822,121.121612,120.799893,120.904672,5222
2025-05-02T12:15:00-0400,2025-05-02,CRUX,78.483896,78.520489,78.218889,78.268162,26792
2025-05-02T12:15:00-0400,2025-05-02,DUNE,22.522297,22.57018,22.44501,22.463277,25405
2025-05-02T12:15:00-0400,2025-05-02,ECHO,325.913376,326.258015,320.872503,321.689074,5166
2025-05-02T12:20:00-0400,2025-05-02,AURA,42.581426,42.619372,42.504352,42.510248,9327
2025-05-02T12:20:00-0400,2025-05-02,BOLT,120.927432,121.110667,119.943803,120.097917,5220
2025-05-02T12:20:00-0400,2025-05-02,CRUX,78.28373,78.413258,78.152114,78.197577,21920
2025-05-02T12:20:00-0400,2025-05-02,DUNE,22.460821,22.49543,22.317632,22.370902,35875
2025-05-02T12:20:00-0400,2025-05-02,ECHO,321.691271,322.514236,319.555192,320.252072,5004
2025-05-02T12:25:00-0400,2025-05-02,AURA,42.539034,42.64358,42.506693,42.605344,16597
2025-05-02T12:25:00-0400,2025-05-02,BOLT,120.054554,120.30808,119.644808,119.831872,6654
2025-05-02T12:25:00-0400,2025-05-02,CRUX,78.181652,78.654849,78.102041,78.634452,13524
2025-05-02T12:25:00-0400,2025-05-02,DUNE,22.347039,22.444106,22.292741,22.404857,27868
2025-05-02T12:25:00-0400,2025-05-02,ECHO,320.459329,321.594486,320.389832,320.486762,6335
2025-05-02T12:30:00-0400,2025-05-02,AURA,42.607019,42.726493,42.555468,42.578921,12759
2025-05-02T12:30:00-0400,2025-05-02,BOLT,119.835547,119.922381,119.79336,119.814941,11664
2025-05-02T12:30:00-0400,2025-05-02,CRUX,78.608301,78.921239,78.561868,78.885058,21477
2025-05-02T12:30:00-0400,2025-05-02,DUNE,22.395646,22.565519,22.369116,22.539864,36941
2025-05-02T12:30:00-0400,2025-05-02,ECHO,320.369601,321.379248,319.800461,320.942814,6068
2025-05-02T12:35:00-0400,2025-05-02,AURA,42.571485,42.585859,42.459792,42.478747,22444
2025-05-02T12:35:00-0400,2025-05-02,BOLT,119.790573,120.110074,119.664737,120.052048,6580
2025-05-02T12:35:00-0400,2025-05-02,CRUX,78.911306,78.97251,78.115518,78.447506,11734
2025-05-02T12:35:00-0400,2025-05-02,DUNE,22.546998,22.582221,22.437139,22.485647,38235
2025-05-02T12:35:00-0400,2025-05-02,ECHO,320.687526,321.207257,318.573255,319.200632,4108
2025-05-02T12:40:00-0400,2025-05-02,AURA,42.465328,42.572316,42.448179,42.509369,13401
2025-05-02T12:40:00-0400,2025-05-02,BOLT,120.053784,120.362632,120.006975,120.198487,7703
2025-05-02T12:40:00-0400,2025-05-02,CRUX,78.457916,78.468661,78.333981,78.46609,14293
2025-05-02T12:40:00-0400,2025-05-02,DUNE,22.487944,22.540533,22.433191,22.503445,24419
2025-05-02T12:40:00-0400,2025-05-02,ECHO,319.764334,321.128942,319.734821,319.88895,3334
2025-05-02T12:45:00-0400,2025-05-02,AURA,42.497149,42.559454,42.454281,42.456426,10640
2025-05-02T12:45:00-0400,2025-05-02,BOLT,120.181437,120.377805,120.004887,120.048956,4168
2025-05-02T12:45:00-0400,2025-05-02,CRUX,78.457281,78.968249,78.38554,78.84855,24716
2025-05-02T12:45:00-0400,2025-05-02,DUNE,22.485958,22.606599,22.471585,22.600931,33850
2025-05-02T12:45:00-0400,2025-05-02,ECHO,319.619993,320.550467,318.280014,319.101491,3694
2025-05-02T12:50:00-0400,2025-05-02,AURA,42.45568,42.510986,42.421105,42.476763,12434
2025-05-02T12:50:00-0400,2025-05-02,BOLT,120.160868,120.230915,120.042592,120.149989,9444
2025-05-02T12:50:00-0400,2025-05-02,CRUX,78.752682,79.010209,78.505464,78.952316,12352
2025-05-02T12:50:00-0400,2025-05-02,DUNE,22.617423,22.645503,22.481543,22.533266,36641
2025-05-02T12:50:00-0400,2025-05-02,ECHO,319.133163,321.212037,318.917731,320.291338,5128
2025-05-02T12:55:00-0400,2025-05-02,AURA,42.486009,42.523803,42.303258,42.321752,18638
2025-05-02T12:55:00-0400,2025-05-02,BOLT,120.230678,120.621848,119.983368,120.438356,7078
2025-05-02T12:55:00-0400,2025-05-02,CRUX,78.954669,79.107562,78.900481,78.907486,12299
2025-05-02T12:55:00-0400,2025-05-02,DUNE,22.513876,22.551437,22.34136,22.394274,22981
2025-05-02T12:55:00-0400,2025-05-02,ECHO,320.326145,320.541727,318.009735,319.304202,6872
2025-05-02T13:00:00-0400,2025-05-02,AURA,42.327884,42.359787,42.139107,42.210184,16834
2025-05-02T13:00:00-0400,2025-05-02,BOLT,120.348376,120.385907,120.161857,120.189021,7857
2025-05-02T13:00:00-0400,2025-05-02,CRUX,78.89884,78.917483,78.612229,78.682726,18549
2025-05-02T13:00:00-0400,2025-05-02,DUNE,22.401919,22.403259,22.214032,22.268803,19345
2025-05-02T13:00:00-0400,2025-05-02,ECHO,318.681717,319.766222,314.824612,316.424908,3710
2025-05-02T13:05:00-0400,2025-05-02,AURA,42.204559,42.447064,42.171271,42.367308,9874
2025-05-02T13:05:00-0400,2025-05-02,BOLT,120.235991,120.355455,120.09467,120.184836,6045
2025-05-02T13:05:00-0400,2025-05-02,CRUX,78.75215,78.784609,78.673037,78.762116,11903
2025-05-02T13:05:00-0400,2025-05-02,DUNE,22.279485,22.284539,22.247768,22.271779,28582
2025-05-02T13:05:00-0400,2025-05-02,ECHO,316.318919,318.04737,315.905025,316.444466,4254
2025-05-02T13:10:00-0400,2025-05-02,AURA,42.370534,42.525817,42.360851,42.441151,12717
2025-05-02T13:10:00-0400,2025-05-02,BOLT,120.138033,120.353444,119.888713,119.95736,5194
2025-05-02T13:10:00-0400,2025-05-02,CRUX,78.784109,78.947056,78.763329,78.941208,8753
2025-05-02T13:10:00-0400,2025-05-02,DUNE,22.261782,22.461696,22.245329,22.457882,19619
2025-05-02T13:10:00-0400,2025-05-02,ECHO,316.629249,316.73865,315.48747,315.942364,3712
2025-05-02T13:15:00-0400,2025-05-02,AURA,42.432218,42.526332,42.42899,42.524744,12008
2025-05-02T13:15:00-0400,2025-05-02,BOLT,119.967628,120.015326,119.694171,119.739758,6688
2025-05-02T13:15:00-0400,2025-05-02,CRUX,78.893971,79.247257,78.735296,79.205509,12923
2025-05-02T13:15:00-0400,2025-05-02,DUNE,22.450175,22.495332,22.302849,22.401651,39499
2025-05-02T13:15:00-0400,2025-05-02,ECHO,316.206133,316.211994,314.758646,315.742234,3340
2025-05-02T13:20:00-0400,2025-05-02,AURA,42.523455,42.549714,42.400588,42.446565,11250
2025-05-02T13:20:00-0400,2025-05-02,BOLT,119.739116,119.81035,119.694507,119.759214,8561
2025-05-02T13:20:00-0400,2025-05-02,CRUX,79.191374,79.410488,79.115686,79.392406,12937
2025-05-02T13:20:00-0400,2025-05-02,DUNE,22.379562,22.386378,22.369061,22.379419,15939
2025-05-02T13:20:00-0400,2025-05-02,ECHO,315.785418,316.2924,315.439094,315.814339,5386
2025-05-02T13:25:00-0400,2025-05-02,AURA,42.455897,42.479609,42.455511,42.469936,20476
2025-05-02T13:25:00-0400,2025-05-02,BOLT,119.809046,119.972567,119.608309,119.861009,10481
2025-05-02T13:25:00-0400,2025-05-02,CRUX,79.336953,79.776826,79.22841,79.677692,19467
2025-05-02T13:25:00-0400,2025-05-02,DUNE,22.396045,22.414864,22.343707,22.357246,35592
2025-05-02T13:25:00-0400,2025-05-02,ECHO,315.975085,317.007559,315.608881,316.667277,2005
2025-05-02T13:30:00-0400,2025-05-02,AURA,42.486939,42.520002,42.368237,42.39776,10663
2025-05-02T13:30:00-0400,2025-05-02,BOLT,119.86046,120.076145,119.601902,119.668985,6922
2025-05-02T13:30:00-0400,2025-05-02,CRUX,79.686221,80.041148,79.484575,79.541901,19652
2025-05-02T13:30:00-0400,2025-05-02,DUNE,22.364333,22.398142,22.246957,22.270104,40614
2025-05-02T13:30:00-0400,2025-05-02,ECHO,316.12196,317.019645,315.41186,316.291069,7517
2025-05-02T13:35:00-0400,2025-05-02,AURA,42.403344,42.410062,42.316944,42.357393,20846
2025-05-02T13:35:00-0400,2025-05-02,BOLT,119.651646,119.688754,119.480926,119.548009,7966
2025-05-02T13:35:00-0400,2025-05-02,CRUX,79.53035,79.642242,79.337658,79.371075,30912
2025-05-02T13:35:00-0400,2025-05-02,DUNE,22.278903,22.285452,22.238541,22.26928,28183
2025-05-02T13:35:00-0400,2025-05-02,ECHO,316.205228,317.751455,313.938395,315.782541,5541
2025-05-02T13:40:00-0400,2025-05-02,AURA,42.345971,42.538307,42.259435,42.480441,9798
2025-05-02T13:40:00-0400,2025-05-02,BOLT,119.545292,120.334985,119.483508,119.972307,7933
2025-05-02T13:40:00-0400,2025-05-02,CRUX,79.366792,79.954987,79.283402,79.789399,15975
2025-05-02T13:40:00-0400,2025-05-02,DUNE,22.283451,22.369331,22.207794,22.335347,22338
2025-05-02T13:40:00-0400,2025-05-02,ECHO,315.923597,316.267504,315.579242,316.153964,11963
2025-05-02T13:45:00-0400,2025-05-02,AURA,42.474486,42.503721,42.203538,42.217969,10429
2025-05-02T13:45:00-0400,2025-05-02,BOLT,119.979254,120.004817,119.5525,119.617652,9858
2025-05-02T13:45:00-0400,2025-05-02,CRUX,79.813691,79.970763,79.640272,79.745355,20304
2025-05-02T13:45:00-0400,2025-05-02,DUNE,22.321862,22.373331,22.112082,22.116298,45480
2025-05-02T13:45:00-0400,2025-05-02,ECHO,316.288192,317.313644,315.522072,317.063436,4163
2025-05-02T13:50:00-0400,2025-05-02,AURA,42.21794,42.228646,42.146993,42.185066,15684
2025-05-02T13:50:00-0400,2025-05-02,BOLT,119.715187,119.718693,119.592234,119.610858,9999
2025-05-02T13:50:00-0400,2025-05-02,CRUX,79.741095,79.803772,79.464412,79.476968,32309
2025-05-02T13:50:00-0400,2025-05-02,DUNE,22.114042,22.20317,22.112682,22.14321,37328
2025-05-02T13:50:00-0400,2025-05-02,ECHO,316.6864,317.150334,314.238333,314.381691,3861
2025-05-02T13:55:00-0400,2025-05-02,AURA,42.189343,42.201654,42.157289,42.168629,10384
2025-05-02T13:55:00-0400,2025-05-02,BOLT,119.596513,119.65618,119.476846,119.608395,11933
2025-05-02T13:55:00-0400,2025-05-02,CRUX,79.431485,79.673558,79.342487,79.537162,25400
2025-05-02T13:55:00-0400,2025-05-02,DUNE,22.145754,22.183221,22.035067,22.116211,55092
2025-05-02T13:55:00-0400,2025-05-02,ECHO,314.459633,317.799071,313.723444,317.176404,4521
2025-05-02T14:00:00-0400,2025-05-02,AURA,42.145007,42.302683,42.139207,42.299898,11952
2025-05-02T14:00:00-0400,2025-05-02,BOLT,119.509549,119.82464,119.3166,119.733401,8857
2025-05-02T14:00:00-0400,2025-05-02,CRUX,79.486885,80.040171,79.443459,79.982273,18045
2025-05-02T14:00:00-0400,2025-05-02,DUNE,22.124003,22.203964,22.106271,22.177436,45100
2025-05-02T14:00:00-0400,2025-05-02,ECHO,317.58414,317.714729,312.723577,314.445499,2790
2025-05-02T14:05:00-0400,2025-05-02,AURA,42.314217,42.488272,42.294344,42.367047,17028
2025-05-02T14:05:00-0400,2025-05-02,BOLT,119.752384,120.042262,119.722287,120.016232,7787
2025-05-02T14:05:00-0400,2025-05-02,CRUX,79.937485,79.978056,79.539321,79.668937,33653
2025-05-02T14:05:00-0400,2025-05-02,DUNE,22.180845,22.239971,22.176913,22.216646,36676
2025-05-02T14:05:00-0400,2025-05-02,ECHO,314.744418,316.158137,314.201085,316.076465,4866
2025-05-02T14:10:00-0400,2025-05-02,AURA,42.374487,42.377015,42.294599,42.332723,12285
2025-05-02T14:10:00-0400,2025-05-02,BOLT,119.98853,120.019125,119.726241,119.858859,15932
2025-05-02T14:10:00-0400,2025-05-02,CRUX,79.63637,79.829419,79.598356,79.732755,31827
2025-05-02T14:10:00-0400,2025-05-02,DUNE,22.218578,22.262804,22.103702,22.156324,35640
2025-05-02T14:10:00-0400,2025-05-02,ECHO,316.057305,316.826319,313.163633,313.494802,5496
2025-05-02T14:15:00-0400,2025-05-02,AURA,42.336458,42.395659,42.299343,42.328952,20968
2025-05-02T14:15:00-0400,2025-05-02,BOLT,119.86964,120.03185,119.418923,119.773091,8378
2025-05-02T14:15:00-0400,2025-05-02,CRUX,79.773045,79.861795,79.755249,79.841258,28488
2025-05-02T14:15:00-0400,2025-05-02,DUNE,22.149848,22.199614,22.066678,22.167618,41428
2025-05-02T14:15:00-0400,2025-05-02,ECHO,313.343539,314.138466,311.731783,313.048265,4479
2025-05-02T14:20:00-0400,2025-05-02,AURA,42.336773,42.364199,42.290892,42.32927,17332
2025-05-02T14:20:00-0400,2025-05-02,BOLT,119.679027,120.04095,119.478595,119.747608,12242
2025-05-02T14:20:00-0400,2025-05-02,CRUX,79.838031,80.022239,79.780509,79.983991,18394
2025-05-02T14:20:00-0400,2025-05-02,DUNE,22.156468,22.210243,22.075581,22.125725,38154
2025-05-02T14:20:00-0400,2025-05-02,ECHO,313.111106,314.517121,312.258103,314.021548,4777
2025-05-02T14:25:00-0400,2025-05-02,AURA,42.326382,42.469333,42.317577,42.414972,23370
2025-05-02T14:25:00-0400,2025-05-02,BOLT,119.729467,120.449652,119.623607,120.272182,9166
2025-05-02T14:25:00-0400,2025-05-02,CRUX,79.992904,80.427461,79.661857,80.199194,19378
2025-05-02T14:25:00-0400,2025-05-02,DUNE,22.111981,22.272246,22.073468,22.226542,29984
2025-05-02T14:25:00-0400,2025-05-02,ECHO,314.487902,318.881065,313.666235,317.239942,8311
2025-05-02T14:30:00-0400,2025-05-02,AURA,42.407258,42.471223,42.401815,42.407454,10489
2025-05-02T14:30:00-0400,2025-05-02,BOLT,120.252636,120.628973,120.177129,120.498772,12754
2025-05-02T14:30:00-0400,2025-05-02,CRUX,80.171064,80.245209,79.798171,80.005482,24430
2025-05-02T14:30:00-0400,2025-05-02,DUNE,22.22045,22.245269,22.136972,22.137955,55364
2025-05-02T14:30:00-0400,2025-05-02,ECHO,316.692148,318.908804,316.19625,317.408812,6417
2025-05-02T14:35:00-0400,2025-05-02,AURA,42.418557,42.481043,42.333649,42.39763,9864
2025-05-02T14:35:00-0400,2025-05-02,BOLT,120.53065,120.569221,120.189533,120.374892,11769
2025-05-02T14:35:00-0400,2025-05-02,CRUX,79.946974,79.986413,79.719833,79.836687,18529
2025-05-02T14:35:00-0400,2025-05-02,DUNE,22.117318,22.156981,21.964263,22.006975,50989
2025-05-02T14:35:00-0400,2025-05-02,ECHO,317.826574,318.616314,314.838758,316.138429,6495
2025-05-02T14:40:00-0400,2025-05-02,AURA,42.405284,42.504191,42.345746,42.454296,16829
2025-05-02T14:40:00-0400,2025-05-02,BOLT,120.394382,120.400385,120.143894,120.2704,12063
2025-05-02T14:40:00-0400,2025-05-02,CRUX,79.917232,79.944413,79.375751,79.580826,14800
2025-05-02T14:40:00-0400,2025-05-02,DUNE,22.01041,22.014104,21.930909,21.945207,26579
2025-05-02T14:40:00-0400,2025-05-02,ECHO,315.826104,317.525034,313.128872,313.161352,8618
2025-05-02T14:45:00-0400,2025-05-02,AURA,42.446428,42.459706,42.430461,42.456088,21589
2025-05-02T14:45:00-0400,2025-05-02,BOLT,120.289395,120.535799,120.134509,120.208464,13617
2025-05-02T14:45:00-0400,2025-05-02,CRUX,79.558333,79.605467,79.323835,79.415749,37038
2025-05-02T14:45:00-0400,2025-05-02,DUNE,21.936921,21.991802,21.910802,21.967251,58316
2025-05-02T14:45:00-0400,2025-05-02,ECHO,313.148374,313.205514,312.612177,312.935467,7827
2025-05-02T14:50:00-0400,2025-05-02,AURA,42.438446,42.538817,42.405591,42.506942,19440
2025-05-02T14:50:00-0400,2025-05-02,BOLT,120.223911,120.443733,120.189439,120.417519,18891
2025-05-02T14:50:00-0400,2025-05-02,CRUX,79.367764,79.389792,79.223378,79.269842,18624
2025-05-02T14:50:00-0400,2025-05-02,DUNE,21.950779,22.103148,21.9418,22.060413,84437
2025-05-02T14:50:00-0400,2025-05-02,ECHO,313.085224,314.301135,312.220955,312.626464,4781
2025-05-02T14:55:00-0400,2025-05-02,AURA,42.505653,42.562841,42.456108,42.479827,22196
2025-05-02T14:55:00-0400,2025-05-02,BOLT,120.450342,121.003721,120.370377,120.828474,11968
2025-05-02T14:55:00-0400,2025-05-02,CRUX,79.234339,79.765247,79.084743,79.720976,32967
2025-05-02T14:55:00-0400,2025-05-02,DUNE,22.062509,22.224605,22.048795,22.160708,41479
2025-05-02T14:55:00-0400,2025-05-02,ECHO,312.765947,313.429718,310.622768,310.965569,7530
2025-05-02T15:00:00-0400,2025-05-02,AURA,42.473743,42.489665,42.272049,42.328344,19351
2025-05-02T15:00:00-0400,2025-05-02,BOLT,120.807799,120.844555,120.469799,120.531515,9822
2025-05-02T15:00:00-0400,2025-05-02,CRUX,79.658957,79.754076,79.536746,79.704428,17843
2025-05-02T15:00:00-0400,2025-05-02,DUNE,22.183435,22.210008,22.066167,22.1353,64722
2025-05-02T15:00:00-0400,2025-05-02,ECHO,310.869289,311.7296,305.860835,306.748751,7416
2025-05-02T15:05:00-0400,2025-05-02,AURA,42.339238,42.371075,42.275041,42.28907,15125
2025-05-02T15:05:00-0400,2025-05-02,BOLT,120.428616,120.549099,119.979423,120.367248,19208
2025-05-02T15:05:00-0400,2025-05-02,CRUX,79.739902,79.752127,79.706141,79.728473,27089
2025-05-02T15:05:00-0400,2025-05-02,DUNE,22.116511,22.167825,22.040887,22.09579,37388
2025-05-02T15:05:00-0400,2025-05-02,ECHO,306.78451,307.356144,304.973276,305.905929,6114
2025-05-02T15:10:00-0400,2025-05-02,AURA,42.29431,42.353856,42.211355,42.236648,23245
2025-05-02T15:10:00-0400,2025-05-02,BOLT,120.37697,120.536245,120.314904,120.452763,10892
2025-05-02T15:10:00-0400,2025-05-02,CRUX,79.713855,79.788078,79.605487,79.6123,24731
2025-05-02T15:10:00-0400,2025-05-02,DUNE,22.088351,22.129909,22.080193,22.116359,35059
2025-05-02T15:10:00-0400,2025-05-02,ECHO,305.801297,306.908097,304.701207,306.183323,4488
2025-05-02T15:15:00-0400,2025-05-02,AURA,42.249648,42.474851,42.22888,42.400203,19387
2025-05-02T15:15:00-0400,2025-05-02,BOLT,120.445684,120.57179,120.190421,120.433112,21265
2025-05-02T15:15:00-0400,2025-05-02,CRUX,79.652458,79.876701,79.130496,79.234702,28931
2025-05-02T15:15:00-0400,2025-05-02,DUNE,22.157741,22.216294,22.113133,22.183759,34828
2025-05-02T15:15:00-0400,2025-05-02,ECHO,306.208675,307.719902,305.441667,306.972545,7318
2025-05-02T15:20:00-0400,2025-05-02,AURA,42.395594,42.429519,42.358219,42.358997,18774
2025-05-02T15:20:00-0400,2025-05-02,BOLT,120.436226,120.668161,119.580621,119.721602,12420
2025-05-02T15:20:00-0400,2025-05-02,CRUX,79.279409,79.915786,79.187304,79.823146,40539
2025-05-02T15:20:00-0400,2025-05-02,DUNE,22.170753,22.259261,22.129476,22.205848,24357
2025-05-02T15:20:00-0400,2025-05-02,ECHO,306.973364,308.763498,305.405105,308.316922,7023
2025-05-02T15:25:00-0400,2025-05-02,AURA,42.333009,42.372725,42.327294,42.363828,18031
2025-05-02T15:25:00-0400,2025-05-02,BOLT,119.7131,120.118383,119.70602,120.09262,8227
2025-05-02T15:25:00-0400,2025-05-02,CRUX,79.810946,80.053112,79.796924,79.925767,33985
2025-05-02T15:25:00-0400,2025-05-02,DUNE,22.194689,22.443146,22.180352,22.381318,52985
2025-05-02T15:25:00-0400,2025-05-02,ECHO,308.444197,309.168874,307.560401,308.912973,15509
2025-05-02T15:30:00-0400,2025-05-02,AURA,42.372685,42.379639,42.24647,42.314635,20396
2025-05-02T15:30:00-0400,2025-05-02,BOLT,120.077817,120.26711,119.378481,119.641295,15968
2025-05-02T15:30:00-0400,2025-05-02,CRUX,79.894906,80.03662,79.402295,79.593254,25760
2025-05-02T15:30:00-0400,2025-05-02,DUNE,22.366182,22.377234,22.173977,22.185512,84239
2025-05-02T15:30:00-0400,2025-05-02,ECHO,308.92198,309.232939,307.20849,307.565361,5311
2025-05-02T15:35:00-0400,2025-05-02,AURA,42.317797,42.363273,42.250781,42.341204,21587
2025-05-02T15:35:00-0400,2025-05-02,BOLT,119.624159,119.710741,119.512379,119.590342,15326
2025-05-02T15:35:00-0400,2025-05-02,CRUX,79.624929,79.771026,79.240626,79.261194,30673
2025-05-02T15:35:00-0400,2025-05-02,DUNE,22.17103,22.189464,21.981487,22.023446,74284
2025-05-02T15:35:00-0400,2025-05-02,ECHO,307.635377,307.730667,305.082457,305.884326,8843
2025-05-02T15:40:00-0400,2025-05-02,AURA,42.324305,42.335988,42.194236,42.24365,60572
2025-05-02T15:40:00-0400,2025-05-02,BOLT,119.56479,119.699194,119.122319,119.338329,23613
2025-05-02T15:40:00-0400,2025-05-02,CRUX,79.257995,79.368998,79.206578,79.332529,59218
2025-05-02T15:40:00-0400,2025-05-02,DUNE,22.04355,22.140378,21.995342,22.081171,66331
2025-05-02T15:40:00-0400,2025-05-02,ECHO,305.865775,306.167137,305.122802,305.310723,10187
2025-05-02T15:45:00-0400,2025-05-02,AURA,42.270045,42.292761,42.213509,42.23861,16826
2025-05-02T15:45:00-0400,2025-05-02,BOLT,119.303598,119.347384,118.894917,119.072795,9443
2025-05-02T15:45:00-0400,2025-05-02,CRUX,79.344681,79.384127,78.895814,78.956411,25931
2025-05-02T15:45:00-0400,2025-05-02,DUNE,22.063868,22.114295,22.014012,22.026974,60586
2025-05-02T15:45:00-0400,2025-05-02,ECHO,304.812875,306.752495,304.793023,306.110305,12154
2025-05-02T15:50:00-0400,2025-05-02,AURA,42.23192,42.260383,42.169827,42.210082,19642
2025-05-02T15:50:00-0400,2025-05-02,BOLT,119.04603,119.311471,118.30541,118.384882,14333
2025-05-02T15:50:00-0400,2025-05-02,CRUX,78.987323,79.43001,78.85644,79.397734,29739
2025-05-02T15:50:00-0400,2025-05-02,DUNE,22.040132,22.174615,22.019424,22.146746,112460
2025-05-02T15:50:00-0400,2025-05-02,ECHO,306.114591,306.148153,304.808955,305.379396,11849
2025-05-02T15:55:00-0400,2025-05-02,AURA,42.194956,42.218804,42.19044,42.211812,28332
2025-05-02T15:55:00-0400,2025-05-02,BOLT,118.330687,118.423014,118.317817,118.402079,7263
2025-05-02T15:55:00-0400,2025-05-02,CRUX,79.4301,79.43137,78.855514,78.91609,21827
2025-05-02T15:55:00-0400,2025-05-02,DUNE,22.156281,22.206708,22.11557,22.116989,101135
2025-05-02T15:55:00-0400,2025-05-02,ECHO,305.180053,305.710602,304.731771,305.194286,7554
2025-05-05T09:30:00-0400,2025-05-05,AURA,42.244319,42.257161,42.180357,42.214727,30007
2025-05-05T09:30:00-0400,2025-05-05,BOLT,117.681854,117.720155,117.140146,117.202887,19040
2025-05-05T09:30:00-0400,2025-05-05,CRUX,78.866925,79.012924,78.544444,78.72324,66424
2025-05-05T09:30:00-0400,2025-05-05,DUNE,21.820979,21.943079,21.819391,21.918438,129134
2025-05-05T09:30:00-0400,2025-05-05,ECHO,297.391811,301.279317,295.999143,299.735788,17573
2025-05-05T09:35:00-0400,2025-05-05,AURA,42.225476,42.328654,42.207747,42.271395,28721
2025-05-05T09:35:00-0400,2025-05-05,BOLT,117.278533,117.496063,117.24873,117.386832,7074
2025-05-05T09:35:00-0400,2025-05-05,CRUX,78.758181,78.788931,78.688974,78.733225,34405
2025-05-05T09:35:00-0400,2025-05-05,DUNE,21.910253,21.976677,21.756687,21.785515,67899
2025-05-05T09:35:00-0400,2025-05-05,ECHO,300.177498,300.866086,299.074056,300.177798,10705
2025-05-05T09:40:00-0400,2025-05-05,AURA,42.267201,42.368984,42.203289,42.318018,21228
2025-05-05T09:40:00-0400,2025-05-05,BOLT,117.399479,117.584534,117.38233,117.550385,19755
2025-05-05T09:40:00-0400,2025-05-05,CRUX,78.692754,78.711891,78.566189,78.586382,29018
2025-05-05T09:40:00-0400,2025-05-05,DUNE,21.807731,21.810621,21.699839,21.705455,55806
2025-05-05T09:40:00-0400,2025-05-05,ECHO,299.814064,300.717783,297.510396,298.623368,13567
2025-05-05T09:45:00-0400,2025-05-05,AURA,42.306969,42.408445,42.272932,42.33863,28891
2025-05-05T09:45:00-0400,2025-05-05,BOLT,117.577152,117.773715,117.460566,117.482926,26112
2025-05-05T09:45:00-0400,2025-05-05,CRUX,78.623979,78.739824,78.017611,78.085954,23545
2025-05-05T09:45:00-0400,2025-05-05,DUNE,21.700912,21.829294,21.611533,21.812629,60754
2025-05-05T09:45:00-0400,2025-05-05,ECHO,298.282048,298.346471,296.677464,297.609746,8594
2025-05-05T09:50:00-0400,2025-05-05,AURA,42.335458,42.359295,42.232217,42.262521,30342
2025-05-05T09:50:00-0400,2025-05-05,BOLT,117.544631,117.689031,117.246754,117.447351,20978
2025-05-05T09:50:00-0400,2025-05-05,CRUX,78.014992,78.184171,77.911061,78.055771,37223
2025-05-05T09:50:00-0400,2025-05-05,DUNE,21.79728,21.823116,21.697267,21.756377,74209
2025-05-05T09:50:00-0400,2025-05-05,ECHO,297.630978,297.879767,296.788464,297.716117,9760
2025-05-05T09:55:00-0400,2025-05-05,AURA,42.281793,42.331866,42.27123,42.272505,19844
2025-05-05T09:55:00-0400,2025-05-05,BOLT,117.38801,117.938967,117.154669,117.739851,8250
2025-05-05T09:55:00-0400,2025-05-05,CRUX,78.053275,78.389819,77.996212,78.268813,48040
2025-05-05T09:55:00-0400,2025-05-05,DUNE,21.741177,21.860429,21.677364,21.82219,69186
2025-05-05T09:55:00-0400,2025-05-05,ECHO,297.824972,300.933808,297.766144,300.931454,10423
2025-05-05T10:00:00-0400,2025-05-05,AURA,42.281378,42.35699,42.223218,42.227656,19142
2025-05-05T10:00:00-0400,2025-05-05,BOLT,117.711118,117.779289,117.181392,117.331162,13662
2025-05-05T10:00:00-0400,2025-05-05,CRUX,78.296865,78.492956,78.098948,78.189631,29279
2025-05-05T10:00:00-0400,2025-05-05,DUNE,21.826319,22.013064,21.820954,21.934846,92813
2025-05-05T10:00:00-0400,2025-05-05,ECHO,301.402932,302.982779,300.672276,302.3897,7761
2025-05-05T10:05:00-0400,2025-05-05,AURA,42.221217,42.31032,42.157615,42.296456,21978
2025-05-05T10:05:00-0400,2025-05-05,BOLT,117.310631,117.74577,117.210796,117.666316,17551
2025-05-05T10:05:00-0400,2025-05-05,CRUX,78.268292,78.321854,78.008942,78.238253,37034
2025-05-05T10:05:00-0400,2025-05-05,DUNE,21.951543,22.021902,21.911142,22.007007,63369
2025-05-05T10:05:00-0400,2025-05-05,ECHO,302.083598,304.376943,301.965262,303.060167,6676
2025-05-05T10:10:00-0400,2025-05-05,AURA,42.282364,42.388697,42.262499,42.351547,33145
2025-05-05T10:10:00-0400,2025-05-05,BOLT,117.726223,117.871887,117.169724,117.348995,11596
2025-05-05T10:10:00-0400,2025-05-05,CRUX,78.247867,78.461367,78.181714,78.343031,40826
2025-05-05T10:10:00-0400,2025-05-05,DUNE,22.002776,22.098513,22.002166,22.041779,56830
2025-05-05T10:10:00-0400,2025-05-05,ECHO,302.976122,305.360976,302.957554,305.350412,6752
2025-05-05T10:15:00-0400,2025-05-05,AURA,42.352093,42.5135,42.330634,42.484898,33960
2025-05-05T10:15:00-0400,2025-05-05,BOLT,117.42725,117.582315,117.164239,117.326943,12817
2025-05-05T10:15:00-0400,2025-05-05,CRUX,78.286216,78.629969,78.216506,78.57622,20704
2025-05-05T10:15:00-0400,2025-05-05,DUNE,22.036334,22.138214,21.983995,22.123769,72140
2025-05-05T10:15:00-0400,2025-05-05,ECHO,305.199509,308.536528,305.078298,307.381426,16150
2025-05-05T10:20:00-0400,2025-05-05,AURA,42.473489,42.530344,42.422777,42.525124,9039
2025-05-05T10:20:00-0400,2025-05-05,BOLT,117.333901,117.70212,117.090973,117.329886,18575
2025-05-05T10:20:00-0400,2025-05-05,CRUX,78.586923,78.954914,78.514297,78.562861,64298
2025-05-05T10:20:00-0400,2025-05-05,DUNE,22.122521,22.177329,22.096833,22.121405,36112
2025-05-05T10:20:00-0400,2025-05-05,ECHO,307.17234,308.252171,306.691405,306.961779,6371
2025-05-05T10:25:00-0400,2025-05-05,AURA,42.518307,42.528677,42.379408,42.38306,25026
2025-05-05T10:25:00-0400,2025-05-05,BOLT,117.289764,117.506952,117.271687,117.37479,17085
2025-05-05T10:25:00-0400,2025-05-05,CRUX,78.535676,78.667555,78.3444,78.633732,29462
2025-05-05T10:25:00-0400,2025-05-05,DUNE,22.140643,22.300643,22.10825,22.272467,37967
2025-05-05T10:25:00-0400,2025-05-05,ECHO,307.078163,307.316661,306.941408,307.099445,7801
2025-05-05T10:30:00-0400,2025-05-05,AURA,42.400266,42.408629,42.278231,42.284508,17113
2025-05-05T10:30:00-0400,2025-05-05,BOLT,117.398727,117.540377,117.080294,117.199949,18171
2025-05-05T10:30:00-0400,2025-05-05,CRUX,78.62085,78.764309,78.454359,78.467058,34002
2025-05-05T10:30:00-0400,2025-05-05,DUNE,22.281016,22.285825,22.145496,22.187053,70362
2025-05-05T10:30:00-0400,2025-05-05,ECHO,306.946975,308.101218,306.730594,306.790248,5580
2025-05-05T10:35:00-0400,2025-05-05,AURA,42.279758,42.290494,42.205521,42.207164,29895
2025-05-05T10:35:00-0400,2025-05-05,BOLT,117.191312,117.503857,117.136138,117.438454,12509
2025-05-05T10:35:00-0400,2025-05-05,CRUX,78.516553,78.631678,77.914652,77.995504,20616
2025-05-05T10:35:00-0400,2025-05-05,DUNE,22.177483,22.279248,22.124697,22.268273,71053
2025-05-05T10:35:00-0400,2025-05-05,ECHO,307.311281,307.525841,305.655486,306.153806,9878
2025-05-05T10:40:00-0400,2025-05-05,AURA,42.186151,42.283321,42.166332,42.273715,20676
2025-05-05T10:40:00-0400,2025-05-05,BOLT,117.449129,117.564579,117.217539,117.45519,7999
2025-05-05T10:40:00-0400,2025-05-05,CRUX,77.954044,78.468397,77.941671,78.31934,20838
2025-05-05T10:40:00-0400,2025-05-05,DUNE,22.273634,22.383296,22.251879,22.379863,40931
2025-05-05T10:40:00-0400,2025-05-05,ECHO,306.176365,306.853178,305.149577,305.735974,4005
2025-05-05T10:45:00-0400,2025-05-05,AURA,42.28661,42.352604,42.166657,42.184653,15187
2025-05-05T10:45:00-0400,2025-05-05,BOLT,117.457518,117.551314,116.879239,117.158063,11387
2025-05-05T10:45:00-0400,2025-05-05,CRUX,78.373431,78.47927,78.058539,78.300701,23456
2025-05-05T10:45:00-0400,2025-05-05,DUNE,22.378798,22.409745,22.220807,22.29737,25085
2025-05-05T10:45:00-0400,2025-05-05,ECHO,305.466174,306.671103,305.400937,306.456567,5714
2025-05-05T10:50:00-0400,2025-05-05,AURA,42.204218,42.267832,42.183902,42.203805,13804
2025-05-05T10:50:00-0400,2025-05-05,BOLT,117.114627,117.59331,117.084198,117.566589,12505
2025-05-05T10:50:00-0400,2025-05-05,CRUX,78.309074,78.350185,77.891407,77.982831,16726
2025-05-05T10:50:00-0400,2025-05-05,DUNE,22.298277,22.304661,22.214068,22.253602,35444
2025-05-05T10:50:00-0400,2025-05-05,ECHO,306.077478,307.192654,304.032657,304.642779,4794
2025-05-05T10:55:00-0400,2025-05-05,AURA,42.202744,42.344803,42.100312,42.298413,13997
2025-05-05T10:55:00-0400,2025-05-05,BOLT,117.562444,117.85588,117.543027,117.847015,7671
2025-05-05T10:55:00-0400,2025-05-05,CRUX,77.996771,78.202474,77.894513,78.016681,30560
2025-05-05T10:55:00-0400,2025-05-05,DUNE,22.253235,22.347852,22.033529,22.10533,68557
2025-05-05T10:55:00-0400,2025-05-05,ECHO,305.146418,305.386175,303.156599,304.464844,10162
2025-05-05T11:00:00-0400,2025-05-05,AURA,42.309961,42.313957,42.267425,42.298127,11464
2025-05-05T11:00:00-0400,2025-05-05,BOLT,117.924104,117.972371,117.31935,117.617293,7305
2025-05-05T11:00:00-0400,2025-05-05,CRUX,78.047995,78.348736,77.978831,78.207876,22572
2025-05-05T11:00:00-0400,2025-05-05,DUNE,22.090845,22.14181,22.008887,22.048617,72085
2025-05-05T11:00:00-0400,2025-05-05,ECHO,304.281392,306.504247,303.682859,305.669501,7626
2025-05-05T11:05:00-0400,2025-05-05,AURA,42.308063,42.404745,42.236673,42.403226,26290
2025-05-05T11:05:00-0400,2025-05-05,BOLT,117.691909,117.855804,117.615948,117.830895,7386
2025-05-05T11:05:00-0400,2025-05-05,CRUX,78.234894,78.478956,78.117293,78.432175,15776
2025-05-05T11:05:00-0400,2025-05-05,DUNE,22.053602,22.136365,22.051451,22.116826,37901
2025-05-05T11:05:00-0400,2025-05-05,ECHO,305.674102,307.350627,304.25838,304.777714,5029
2025-05-05T11:10:00-0400,2025-05-05,AURA,42.398466,42.50556,42.305355,42.393806,13870
2025-05-05T11:10:00-0400,2025-05-05,BOLT,117.767128,117.895276,117.679226,117.691763,9760
2025-05-05T11:10:00-0400,2025-05-05,CRUX,78.414824,78.462314,78.103592,78.274786,13845
2025-05-05T11:10:00-0400,2025-05-05,DUNE,22.096027,22.137516,22.094078,22.109181,40051
2025-05-05T11:10:00-0400,2025-05-05,ECHO,305.191299,306.438876,301.448635,301.592173,4637
2025-05-05T11:15:00-0400,2025-05-05,AURA,42.392623,42.421416,42.331858,42.345781,16179
2025-05-05T11:15:00-0400,2025-05-05,BOLT,117.699931,117.791035,117.562808,117.602379,9766
2025-05-05T11:15:00-0400,2025-05-05,CRUX,78.27044,78.437592,78.180249,78.337668,30088
2025-05-05T11:15:00-0400,2025-05-05,DUNE,22.102514,22.142748,22.041953,22.085872,36301
2025-05-05T11:15:00-0400,2025-05-05,ECHO,302.311689,303.982172,298.158511,299.472703,3812
2025-05-05T11:20:00-0400,2025-05-05,AURA,42.352904,42.370013,42.285976,42.327183,13449
2025-05-05T11:20:00-0400,2025-05-05,BOLT,117.644743,117.76438,117.191629,117.196928,13510
2025-05-05T11:20:00-0400,2025-05-05,CRUX,78.389228,78.403056,77.917999,77.970991,19629
2025-05-05T11:20:00-0400,2025-05-05,DUNE,22.094406,22.172604,21.805227,21.829829,31012
2025-05-05T11:20:00-0400,2025-05-05,ECHO,299.344729,299.906342,296.126743,296.346128,7600
2025-05-05T11:25:00-0400,2025-05-05,AURA,42.330058,42.54147,42.311263,42.499859,18930
2025-05-05T11:25:00-0400,2025-05-05,BOLT,117.219074,117.636937,117.110387,117.482879,10166
2025-05-05T11:25:00-0400,2025-05-05,CRUX,78.011263,78.176925,77.959679,78.031091,11228
2025-05-05T11:25:00-0400,2025-05-05,DUNE,21.821995,21.969939,21.781256,21.968055,20046
2025-05-05T11:25:00-0400,2025-05-05,ECHO,296.072423,298.831935,295.401997,298.025083,4023
2025-05-05T11:30:00-0400,2025-05-05,AURA,42.519237,42.57652,42.418024,42.448025,8505
2025-05-05T11:30:00-0400,2025-05-05,BOLT,117.436862,117.642546,117.290057,117.578944,5325
2025-05-05T11:30:00-0400,2025-05-05,CRUX,78.066503,78.413623,77.870907,78.334907,20491
2025-05-05T11:30:00-0400,2025-05-05,DUNE,21.954583,21.961807,21.906337,21.910137,65742
2025-05-05T11:30:00-0400,2025-05-05,ECHO,297.847551,299.827905,297.251131,298.641345,4177
2025-05-05T11:35:00-0400,2025-05-05,AURA,42.439711,42.598162,42.407057,42.537957,7697
2025-05-05T11:35:00-0400,2025-05-05,BOLT,117.527453,117.657036,117.351308,117.404383,7007
2025-05-05T11:35:00-0400,2025-05-05,CRUX,78.399297,78.554857,78.35068,78.421292,28451
2025-05-05T11:35:00-0400,2025-05-05,DUNE,21.909056,21.994571,21.85772,21.988352,33688
2025-05-05T11:35:00-0400,2025-05-05,ECHO,298.601939,299.259514,295.942804,296.698088,5216
2025-05-05T11:40:00-0400,2025-05-05,AURA,42.539867,42.558116,42.448118,42.477658,12767
2025-05-05T11:40:00-0400,2025-05-05,BOLT,117.471989,117.720083,117.452811,117.47599,6963
2025-05-05T11:40:00-0400,2025-05-05,CRUX,78.401687,78.557447,78.229146,78.326258,25593
2025-05-05T11:40:00-0400,2025-05-05,DUNE,21.997515,22.0992,21.991486,22.088482,26555
2025-05-05T11:40:00-0400,2025-05-05,ECHO,296.57063,298.125837,296.445527,297.869695,4180
2025-05-05T11:45:00-0400,2025-05-05,AURA,42.496533,42.530091,42.390453,42.393206,9229
2025-05-05T11:45:00-0400,2025-05-05,BOLT,117.360579,117.577476,117.265522,117.335241,4910
2025-05-05T11:45:00-0400,2025-05-05,CRUX,78.296245,78.526412,78.280115,78.385855,12100
2025-05-05T11:45:00-0400,2025-05-05,DUNE,22.105064,22.157341,22.034001,22.038211,17902
2025-05-05T11:45:00-0400,2025-05-05,ECHO,297.877479,299.424673,297.765867,299.328185,2226
2025-05-05T11:50:00-0400,2025-05-05,AURA,42.394589,42.48275,42.353778,42.441758,13936
2025-05-05T11:50:00-0400,2025-05-05,BOLT,117.371286,117.498652,117.076428,117.282045,11864
2025-05-05T11:50:00-0400,2025-05-05,CRUX,78.405748,78.909965,78.390405,78.748766,17180
2025-05-05T11:50:00-0400,2025-05-05,DUNE,22.025565,22.074007,21.990174,21.995287,29308
2025-05-05T11:50:00-0400,2025-05-05,ECHO,299.806141,300.388176,297.149207,297.615416,2492
2025-05-05T11:55:00-0400,2025-05-05,AURA,42.424169,42.616065,42.407732,42.561781,9708
2025-05-05T11:55:00-0400,2025-05-05,BOLT,117.286446,117.535897,117.279261,117.502975,9203
2025-05-05T11:55:00-0400,2025-05-05,CRUX,78.717702,79.012871,78.699576,79.010334,38961
2025-05-05T11:55:00-0400,2025-05-05,DUNE,21.980872,22.186843,21.940173,22.139203,23721
2025-05-05T11:55:00-0400,2025-05-05,ECHO,298.033347,301.777086,297.226314,300.941265,4382
2025-05-05T12:00:00-0400,2025-05-05,AURA,42.563142,42.565637,42.505824,42.563176,20136
2025-05-05T12:00:00-0400,2025-05-05,BOLT,117.538597,117.679607,117.236537,117.308884,9546
2025-05-05T12:00:00-0400,2025-05-05,CRUX,78.987708,79.079366,78.576495,78.784119,14439
2025-05-05T12:00:00-0400,2025-05-05,DUNE,22.14959,22.164706,22.017815,22.076532,43297
2025-05-05T12:00:00-0400,2025-05-05,ECHO,300.721081,301.067028,298.646779,299.25869,6134
2025-05-05T12:05:00-0400,2025-05-05,AURA,42.546009,42.700029,42.51808,42.673449,14539
2025-05-05T12:05:00-0400,2025-05-05,BOLT,117.30623,117.58164,117.175571,117.401561,5702
2025-05-05T12:05:00-0400,2025-05-05,CRUX,78.690293,78.715347,78.599747,78.631949,11854
2025-05-05T12:05:00-0400,2025-05-05,DUNE,22.074872,22.22386,22.069003,22.159948,30941
2025-05-05T12:05:00-0400,2025-05-05,ECHO,299.818556,300.018058,297.073717,297.116351,4335
2025-05-05T12:10:00-0400,2025-05-05,AURA,42.68313,42.828827,42.674982,42.773927,31398
2025-05-05T12:10:00-0400,2025-05-05,BOLT,117.345667,117.811165,117.33652,117.630595,5452
2025-05-05T12:10:00-0400,2025-05-05,CRUX,78.65826,78.887594,78.618557,78.842997,33506
2025-05-05T12:10:00-0400,2025-05-05,DUNE,22.151165,22.153002,22.03845,22.054867,31352
2025-05-05T12:10:00-0400,2025-05-05,ECHO,297.258555,298.146474,296.664714,297.68443,4430
2025-05-05T12:15:00-0400,2025-05-05,AURA,42.769061,42.785738,42.705929,42.725403,15812
2025-05-05T12:15:00-0400,2025-05-05,BOLT,117.660082,117.802366,117.423275,117.7096,5960
2025-05-05T12:15:00-0400,2025-05-05,CRUX,78.848866,78.970472,78.670138,78.671657,13965
2025-05-05T12:15:00-0400,2025-05-05,DUNE,22.052298,22.157582,22.012007,22.028303,22293
2025-05-05T12:15:00-0400,2025-05-05,ECHO,297.984235,298.13171,295.826342,297.4516,6906
2025-05-05T12:20:00-0400,2025-05-05,AURA,42.725631,42.781875,42.681736,42.741481,10263
2025-05-05T12:20:00-0400,2025-05-05,BOLT,117.623212,117.911973,117.389565,117.402635,7914
2025-05-05T12:20:00-0400,2025-05-05,CRUX,78.717204,78.85298,78.494455,78.678903,16462
2025-05-05T12:20:00-0400,2025-05-05,DUNE,22.044743,22.083132,22.000792,22.069558,36925
2025-05-05T12:20:00-0400,2025-05-05,ECHO,297.195885,300.558076,297.041603,300.356692,2914
2025-05-05T12:25:00-0400,2025-05-05,AURA,42.747819,42.762457,42.640369,42.647219,7410
2025-05-05T12:25:00-0400,2025-05-05,BOLT,117.406723,117.583688,116.38532,116.587987,8572
2025-05-05T12:25:00-0400,2025-05-05,CRUX,78.622269,78.672934,78.163566,78.330241,14158
2025-05-05T12:25:00-0400,2025-05-05,DUNE,22.052855,22.169608,22.035705,22.071473,25668
2025-05-05T12:25:00-0400,2025-05-05,ECHO,300.257892,301.341511,299.318975,299.38917,4302
2025-05-05T12:30:00-0400,2025-05-05,AURA,42.653538,42.850584,42.644764,42.766942,8863
2025-05-05T12:30:00-0400,2025-05-05,BOLT,116.578325,116.612962,116.494022,116.550109,11814
2025-05-05T12:30:00-0400,2025-05-05,CRUX,78.338382,78.530211,78.268462,78.403887,11386
2025-05-05T12:30:00-0400,2025-05-05,DUNE,22.079279,22.134861,21.993469,22.113226,22127
2025-05-05T12:30:00-0400,2025-05-05,ECHO,299.617978,299.813191,298.895553,299.064303,3761
2025-05-05T12:35:00-0400,2025-05-05,AURA,42.751153,42.779836,42.707975,42.715504,16236
2025-05-05T12:35:00-0400,2025-05-05,BOLT,116.517621,117.143969,116.458399,116.970398,3402
2025-05-05T12:35:00-0400,2025-05-05,CRUX,78.313937,78.457344,78.138609,78.23135,8518
2025-05-05T12:35:00-0400,2025-05-05,DUNE,22.121084,22.264306,22.060938,22.211205,29222
2025-05-05T12:35:00-0400,2025-05-05,ECHO,298.419454,300.376585,298.348826,299.994397,3477
2025-05-05T12:40:00-0400,2025-05-05,AURA,42.720038,42.761283,42.632241,42.678172,17415
2025-05-05T12:40:00-0400,2025-05-05,BOLT,116.955016,117.015837,116.356914,116.521933,6456
2025-05-05T12:40:00-0400,2025-05-05,CRUX,78.229316,78.315537,78.019989,78.061589,17080
2025-05-05T12:40:00-0400,2025-05-05,DUNE,22.211138,22.236094,22.205267,22.210536,38426
2025-05-05T12:40:00-0400,2025-05-05,ECHO,299.833804,300.601316,298.964701,300.114375,4145
2025-05-05T12:45:00-0400,2025-05-05,AURA,42.700116,42.771295,42.641507,42.650918,10310
2025-05-05T12:45:00-0400,2025-05-05,BOLT,116.48595,116.588104,115.880566,115.956015,6182
2025-05-05T12:45:00-0400,2025-05-05,CRUX,78.066569,78.144643,77.836408,78.103261,18912
2025-05-05T12:45:00-0400,2025-05-05,DUNE,22.20421,22.236279,22.144698,22.158085,39932
2025-05-05T12:45:00-0400,2025-05-05,ECHO,300.16776,302.220003,299.964985,301.36036,5228
2025-05-05T12:50:00-0400,2025-05-05,AURA,42.637834,42.682175,42.506707,42.549915,9013
2025-05-05T12:50:00-0400,2025-05-05,BOLT,115.950063,115.950192,115.296085,115.359216,12100
2025-05-05T12:50:00-0400,2025-05-05,CRUX,78.04194,78.310248,77.874944,77.923528,8698
2025-05-05T12:50:00-0400,2025-05-05,DUNE,22.162485,22.200909,21.862442,21.888937,22909
2025-05-05T12:50:00-0400,2025-05-05,ECHO,301.116425,302.731354,298.399678,298.940786,3117
2025-05-05T12:55:00-0400,2025-05-05,AURA,42.591501,42.6248,42.553527,42.615019,18203
2025-05-05T12:55:00-0400,2025-05-05,BOLT,115.369048,115.493696,115.223795,115.234571,3737
2025-05-05T12:55:00-0400,2025-05-05,CRUX,77.886341,77.96183,77.683177,77.940762,5252
2025-05-05T12:55:00-0400,2025-05-05,DUNE,21.886506,21.931379,21.831056,21.920636,24843
2025-05-05T12:55:00-0400,2025-05-05,ECHO,298.975998,300.600113,298.492361,300.031291,4004
2025-05-05T13:00:00-0400,2025-05-05,AURA,42.638261,42.655988,42.585761,42.619194,22708
2025-05-05T13:00:00-0400,2025-05-05,BOLT,115.249752,115.272859,114.847244,114.862358,5049
2025-05-05T13:00:00-0400,2025-05-05,CRUX,77.968075,78.149687,77.967159,78.098637,11212
2025-05-05T13:00:00-0400,2025-05-05,DUNE,21.89759,21.981109,21.88756,21.96015,33775
2025-05-05T13:00:00-0400,2025-05-05,ECHO,299.832768,300.980999,297.343784,297.824827,2737
2025-05-05T13:05:00-0400,2025-05-05,AURA,42.633019,42.754747,42.627917,42.724652,8125
2025-05-05T13:05:00-0400,2025-05-05,BOLT,114.867461,115.532285,114.610252,115.447336,9673
2025-05-05T13:05:00-0400,2025-05-05,CRUX,78.05966,78.420955,77.912932,78.302072,9806
2025-05-05T13:05:00-0400,2025-05-05,DUNE,21.939909,22.069953,21.926427,22.063962,39567
2025-05-05T13:05:00-0400,2025-05-05,ECHO,297.455274,298.511058,296.083889,296.872456,2556
2025-05-05T13:10:00-0400,2025-05-05,AURA,42.699444,42.74908,42.625369,42.625958,11348
2025-05-05T13:10:00-0400,2025-05-05,BOLT,115.477354,115.718311,115.415369,115.500573,18873
2025-05-05T13:10:00-0400,2025-05-05,CRUX,78.316292,78.382109,78.231969,78.360771,11585
2025-05-05T13:10:00-0400,2025-05-05,DUNE,22.059233,22.140231,21.994159,22.063597,58772
2025-05-05T13:10:00-0400,2025-05-05,ECHO,296.656541,297.736085,294.590301,295.401222,3222
2025-05-05T13:15:00-0400,2025-05-05,AURA,42.611354,42.655701,42.543074,42.545894,16006
2025-05-05T13:15:00-0400,2025-05-05,BOLT,115.526631,115.890979,115.389356,115.711078,12830
2025-05-05T13:15:00-0400,2025-05-05,CRUX,78.391906,78.447896,78.068412,78.255123,19387
2025-05-05T13:15:00-0400,2025-05-05,DUNE,22.064399,22.09034,21.989912,22.054034,28195
2025-05-05T13:15:00-0400,2025-05-05,ECHO,295.169974,295.324237,293.321496,293.999526,5870
2025-05-05T13:20:00-0400,2025-05-05,AURA,42.527999,42.658717,42.481539,42.605849,9198
2025-05-05T13:20:00-0400,2025-05-05,BOLT,115.73646,116.204626,115.726645,116.07579,4990
2025-05-05T13:20:00-0400,2025-05-05,CRUX,78.203577,78.477956,78.086313,78.469565,13154
2025-05-05T13:20:00-0400,2025-05-05,DUNE,22.042887,22.231691,21.998551,22.169121,60503
2025-05-05T13:20:00-0400,2025-05-05,ECHO,294.207558,294.303406,293.865652,294.070957,3666
2025-05-05T13:25:00-0400,2025-05-05,AURA,42.591059,42.626015,42.577548,42.589097,29132
2025-05-05T13:25:00-0400,2025-05-05,BOLT,116.012604,116.106565,115.586041,115.953027,8943
2025-05-05T13:25:00-0400,2025-05-05,CRUX,78.521909,78.869897,78.484886,78.62778,16617
2025-05-05T13:25:00-0400,2025-05-05,DUNE,22.177611,22.246115,22.15486,22.187757,26666
2025-05-05T13:25:00-0400,2025-05-05,ECHO,293.597598,294.62957,293.123834,294.451332,3193
2025-05-05T13:30:00-0400,2025-05-05,AURA,42.579577,42.583912,42.570085,42.57306,8662
2025-05-05T13:30:00-0400,2025-05-05,BOLT,116.002478,116.129377,115.603781,115.636475,8582
2025-05-05T13:30:00-0400,2025-05-05,CRUX,78.615205,78.849811,78.492285,78.646664,25653
2025-05-05T13:30:00-0400,2025-05-05,DUNE,22.194932,22.288667,22.163231,22.280657,22748
2025-05-05T13:30:00-0400,2025-05-05,ECHO,294.205762,295.498048,292.794272,292.824051,3573
2025-05-05T13:35:00-0400,2025-05-05,AURA,42.561346,42.62466,42.497942,42.506269,11712
2025-05-05T13:35:00-0400,2025-05-05,BOLT,115.622542,115.929603,115.608112,115.89908,6462
2025-05-05T13:35:00-0400,2025-05-05,CRUX,78.711143,79.255257,78.475334,79.133065,14871
2025-05-05T13:35:00-0400,2025-05-05,DUNE,22.291572,22.368226,22.231406,22.335637,25616
2025-05-05T13:35:00-0400,2025-05-05,ECHO,293.013189,293.726251,292.609729,292.661352,5090
2025-05-05T13:40:00-0400,2025-05-05,AURA,42.512461,42.569586,42.468678,42.568642,11948
2025-05-05T13:40:00-0400,2025-05-05,BOLT,115.878986,116.059292,115.788013,115.865861,7383
2025-05-05T13:40:00-0400,2025-05-05,CRUX,79.064319,79.215539,79.006776,79.079433,24835
2025-05-05T13:40:00-0400,2025-05-05,DUNE,22.311154,22.317618,22.214889,22.251309,42007
2025-05-05T13:40:00-0400,2025-05-05,ECHO,293.063418,293.659202,290.786551,292.298467,3169
2025-05-05T13:45:00-0400,2025-05-05,AURA,42.569316,42.590591,42.549431,42.556417,6205
2025-05-05T13:45:00-0400,2025-05-05,BOLT,115.82085,116.157095,115.69146,116.089067,18167
2025-05-05T13:45:00-0400,2025-05-05,CRUX,78.999963,79.073076,78.682736,78.835082,17994
2025-05-05T13:45:00-0400,2025-05-05,DUNE,22.257978,22.27606,22.082404,22.096182,56826
2025-05-05T13:45:00-0400,2025-05-05,ECHO,292.113453,294.146638,291.020953,292.480802,4654
2025-05-05T13:50:00-0400,2025-05-05,AURA,42.573263,42.690408,42.536284,42.635759,8974
2025-05-05T13:50:00-0400,2025-05-05,BOLT,116.078101,116.146627,115.681075,115.865214,11479
2025-05-05T13:50:00-0400,2025-05-05,CRUX,78.822392,79.158234,78.784581,79.015714,14090
2025-05-05T13:50:00-0400,2025-05-05,DUNE,22.108721,22.150972,22.056795,22.090987,42525
2025-05-05T13:50:00-0400,2025-05-05,ECHO,292.574831,293.335126,291.405584,291.78147,3969
2025-05-05T13:55:00-0400,2025-05-05,AURA,42.620335,42.739207,42.550797,42.713293,17867
2025-05-05T13:55:00-0400,2025-05-05,BOLT,115.9022,115.956923,115.463983,115.601118,4909
2025-05-05T13:55:00-0400,2025-05-05,CRUX,79.029833,79.246878,78.948808,79.113459,13651
2025-05-05T13:55:00-0400,2025-05-05,DUNE,22.100781,22.175021,22.071702,22.145828,22474
2025-05-05T13:55:00-0400,2025-05-05,ECHO,291.852138,293.523783,290.736914,292.074554,6414
2025-05-05T14:00:00-0400,2025-05-05,AURA,42.715016,42.76219,42.611059,42.624829,14873
2025-05-05T14:00:00-0400,2025-05-05,BOLT,115.623782,115.845625,115.300263,115.779791,9130
2025-05-05T14:00:00-0400,2025-05-05,CRUX,79.091169,79.157378,78.89095,78.933424,19606
2025-05-05T14:00:00-0400,2025-05-05,DUNE,22.148604,22.220073,22.143357,22.18758,33336
2025-05-05T14:00:00-0400,2025-05-05,ECHO,292.468199,292.614541,290.35721,291.635525,10641
2025-05-05T14:05:00-0400,2025-05-05,AURA,42.626088,42.639633,42.576178,42.598454,16566
2025-05-05T14:05:00-0400,2025-05-05,BOLT,115.75557,115.89974,115.4894,115.575453,10235
2025-05-05T14:05:00-0400,2025-05-05,CRUX,79.027413,79.074335,78.831275,78.926826,21854
2025-05-05T14:05:00-0400,2025-05-05,DUNE,22.16794,22.180099,22.138227,22.152144,84520
2025-05-05T14:05:00-0400,2025-05-05,ECHO,291.384205,292.291187,288.257758,289.269339,7767
2025-05-05T14:10:00-0400,2025-05-05,AURA,42.605233,42.646457,42.441717,42.488191,15402
2025-05-05T14:10:00-0400,2025-05-05,BOLT,115.584301,115.706254,115.524629,115.57679,5796
2025-05-05T14:10:00-0400,2025-05-05,CRUX,78.938566,79.185115,78.834728,78.865458,14986
2025-05-05T14:10:00-0400,2025-05-05,DUNE,22.145667,22.188943,21.990973,22.016251,63099
2025-05-05T14:10:00-0400,2025-05-05,ECHO,288.962551,289.920993,286.937524,287.501853,6727
2025-05-05T14:15:00-0400,2025-05-05,AURA,42.487855,42.601419,42.471041,42.549066,14250
2025-05-05T14:15:00-0400,2025-05-05,BOLT,115.56478,115.629514,115.281402,115.428573,8900
2025-05-05T14:15:00-0400,2025-05-05,CRUX,78.861369,78.966563,78.768825,78.919911,25075
2025-05-05T14:15:00-0400,2025-05-05,DUNE,22.006961,22.098272,21.932386,21.973111,53159
2025-05-05T14:15:00-0400,2025-05-05,ECHO,287.517389,288.150846,285.641459,287.345198,4041
2025-05-05T14:20:00-0400,2025-05-05,AURA,42.529604,42.583753,42.484571,42.506608,17383
2025-05-05T14:20:00-0400,2025-05-05,BOLT,115.445055,115.789461,115.357703,115.671136,17112
2025-05-05T14:20:00-0400,2025-05-05,CRUX,78.911793,79.475892,78.818668,79.232638,17513
2025-05-05T14:20:00-0400,2025-05-05,DUNE,21.978843,22.189784,21.956537,22.159804,20782
2025-05-05T14:20:00-0400,2025-05-05,ECHO,287.453433,287.501262,285.855137,286.349942,10116
2025-05-05T14:25:00-0400,2025-05-05,AURA,42.478503,42.593664,42.445707,42.547895,29439
2025-05-05T14:25:00-0400,2025-05-05,BOLT,115.617574,115.816354,115.386255,115.813809,7184
2025-05-05T14:25:00-0400,2025-05-05,CRUX,79.224338,79.717585,79.117467,79.493346,15915
2025-05-05T14:25:00-0400,2025-05-05,DUNE,22.16548,22.209874,22.136926,22.208277,53442
2025-05-05T14:25:00-0400,2025-05-05,ECHO,286.738087,286.951805,286.516801,286.682346,9754
2025-05-05T14:30:00-0400,2025-05-05,AURA,42.544244,42.614947,42.542704,42.561993,21604
2025-05-05T14:30:00-0400,2025-05-05,BOLT,115.781243,115.804218,115.663866,115.721187,9494
2025-05-05T14:30:00-0400,2025-05-05,CRUX,79.46823,79.500991,79.415476,79.41676,13207
2025-05-05T14:30:00-0400,2025-05-05,DUNE,22.20968,22.315496,22.207023,22.274744,41970
2025-05-05T14:30:00-0400,2025-05-05,ECHO,286.891365,287.847636,284.713564,285.500192,4821
2025-05-05T14:35:00-0400,2025-05-05,AURA,42.553228,42.682449,42.530238,42.580974,19955
2025-05-05T14:35:00-0400,2025-05-05,BOLT,115.770074,116.046195,115.745461,115.860741,13346
2025-05-05T14:35:00-0400,2025-05-05,CRUX,79.369182,79.407883,78.991863,79.031819,15755
2025-05-05T14:35:00-0400,2025-05-05,DUNE,22.284219,22.314334,22.084913,22.167468,39385
2025-05-05T14:35:00-0400,2025-05-05,ECHO,285.659961,287.938971,285.036714,286.905623,5746
2025-05-05T14:40:00-0400,2025-05-05,AURA,42.568028,42.570015,42.436346,42.494696,15912
2025-05-05T14:40:00-0400,2025-05-05,BOLT,115.880361,115.883368,115.365703,115.542516,19088
2025-05-05T14:40:00-0400,2025-05-05,CRUX,79.083218,79.147618,78.795937,78.800511,24580
2025-05-05T14:40:00-0400,2025-05-05,DUNE,22.16894,22.195944,22.101645,22.103865,63219
2025-05-05T14:40:00-0400,2025-05-05,ECHO,287.079468,287.140272,284.276679,284.446614,6281
2025-05-05T14:45:00-0400,2025-05-05,AURA,42.496931,42.547346,42.491326,42.513027,13191
2025-05-05T14:45:00-0400,2025-05-05,BOLT,115.507821,115.712884,115.435546,115.54828,9789
2025-05-05T14:45:00-0400,2025-05-05,CRUX,78.841143,79.224971,78.676571,79.028028,31760
2025-05-05T14:45:00-0400,2025-05-05,DUNE,22.107147,22.158459,21.982015,22.033172,58945
2025-05-05T14:45:00-0400,2025-05-05,ECHO,284.486519,285.000379,282.466121,284.039937,5572
2025-05-05T14:50:00-0400,2025-05-05,AURA,42.515029,42.52189,42.358533,42.416565,16303
2025-05-05T14:50:00-0400,2025-05-05,BOLT,115.566092,115.947644,115.457261,115.902345,10260
2025-05-05T14:50:00-0400,2025-05-05,CRUX,79.008167,79.194854,78.985299,79.002272,29186
2025-05-05T14:50:00-0400,2025-05-05,DUNE,22.03297,22.064104,21.976433,22.042119,52636
2025-05-05T14:50:00-0400,2025-05-05,ECHO,283.928876,286.076953,283.369442,285.088024,11750
2025-05-05T14:55:00-0400,2025-05-05,AURA,42.425943,42.482916,42.419878,42.436472,23377
2025-05-05T14:55:00-0400,2025-05-05,BOLT,115.877574,116.086502,115.758691,116.069241,9811
2025-05-05T14:55:00-0400,2025-05-05,CRUX,79.016303,79.186739,79.013717,79.041943,14415
2025-05-05T14:55:00-0400,2025-05-05,DUNE,22.019282,22.041637,21.90115,21.922327,42020
2025-05-05T14:55:00-0400,2025-05-05,ECHO,284.751695,285.009786,282.348116,282.844567,2433
2025-05-05T15:00:00-0400,2025-05-05,AURA,42.448779,42.48233,42.400009,42.454143,26464
2025-05-05T15:00:00-0400,2025-05-05,BOLT,116.098514,116.267909,115.180533,115.352087,14060
2025-05-05T15:00:00-0400,2025-05-05,CRUX,79.019084,79.200021,78.472881,78.748513,19981
2025-05-05T15:00:00-0400,2025-05-05,DUNE,21.915689,21.945275,21.756803,21.774576,52700
2025-05-05T15:00:00-0400,2025-05-05,ECHO,283.093343,283.717816,282.631508,283.235988,8673
2025-05-05T15:05:00-0400,2025-05-05,AURA,42.462676,42.570187,42.439266,42.562285,30675
2025-05-05T15:05:00-0400,2025-05-05,BOLT,115.3371,115.405182,115.181428,115.325319,18901
2025-05-05T15:05:00-0400,2025-05-05,CRUX,78.817048,78.949935,78.605021,78.752498,26017
2025-05-05T15:05:00-0400,2025-05-05,DUNE,21.789234,21.882154,21.67615,21.849861,45327
2025-05-05T15:05:00-0400,2025-05-05,ECHO,282.989465,285.665852,281.217985,285.59303,14546
2025-05-05T15:10:00-0400,2025-05-05,AURA,42.544719,42.552488,42.522003,42.53704,27943
2025-05-05T15:10:00-0400,2025-05-05,BOLT,115.300967,115.332869,115.189617,115.217883,16427
2025-05-05T15:10:00-0400,2025-05-05,CRUX,78.739887,78.900407,78.513544,78.873095,17383
2025-05-05T15:10:00-0400,2025-05-05,DUNE,21.86095,21.932682,21.853411,21.911771,29065
2025-05-05T15:10:00-0400,2025-05-05,ECHO,285.350648,286.707939,282.4954,283.564846,8772
2025-05-05T15:15:00-0400,2025-05-05,AURA,42.539924,42.587872,42.475201,42.480651,42385
2025-05-05T15:15:00-0400,2025-05-05,BOLT,115.200587,115.35691,114.989655,115.294812,9143
2025-05-05T15:15:00-0400,2025-05-05,CRUX,78.831373,78.914404,78.699001,78.768499,30951
2025-05-05T15:15:00-0400,2025-05-05,DUNE,21.91652,21.968018,21.612557,21.641386,91581
2025-05-05T15:15:00-0400,2025-05-05,ECHO,283.579258,284.112685,282.267977,282.40815,5691
2025-05-05T15:20:00-0400,2025-05-05,AURA,42.494626,42.545897,42.462772,42.531302,20153
2025-05-05T15:20:00-0400,2025-05-05,BOLT,115.304591,115.681555,115.243541,115.63762,20237
2025-05-05T15:20:00-0400,2025-05-05,CRUX,78.741211,78.928975,78.715716,78.837749,29890
2025-05-05T15:20:00-0400,2025-05-05,DUNE,21.651545,21.760257,21.632031,21.66439,45953
2025-05-05T15:20:00-0400,2025-05-05,ECHO,282.938562,283.109926,281.161792,281.694976,4031
2025-05-05T15:25:00-0400,2025-05-05,AURA,42.53068,42.63984,42.501614,42.573602,39688
2025-05-05T15:25:00-0400,2025-05-05,BOLT,115.674643,115.768375,115.648683,115.69065,15414
2025-05-05T15:25:00-0400,2025-05-05,CRUX,78.864703,78.889676,78.671411,78.690403,29492
2025-05-05T15:25:00-0400,2025-05-05,DUNE,21.663176,21.669181,21.648477,21.664088,72234
2025-05-05T15:25:00-0400,2025-05-05,ECHO,281.317751,286.126528,280.878852,284.224838,5006
2025-05-05T15:30:00-0400,2025-05-05,AURA,42.57674,42.682945,42.540488,42.635214,83831
2025-05-05T15:30:00-0400,2025-05-05,BOLT,115.672047,116.116077,115.661268,116.005062,16183
2025-05-05T15:30:00-0400,2025-05-05,CRUX,78.733307,79.21651,78.727875,79.116709,27465
2025-05-05T15:30:00-0400,2025-05-05,DUNE,21.661511,21.746076,21.64302,21.726351,118704
2025-05-05T15:30:00-0400,2025-05-05,ECHO,284.321286,288.059554,283.220756,287.658039,9689
2025-05-05T15:35:00-0400,2025-05-05,AURA,42.615502,42.688418,42.572509,42.686611,33269
2025-05-05T15:35:00-0400,2025-05-05,BOLT,116.02745,116.183775,115.806039,115.837039,17309
2025-05-05T15:35:00-0400,2025-05-05,CRUX,79.14776,79.24783,79.042009,79.050768,37273
2025-05-05T15:35:00-0400,2025-05-05,DUNE,21.724258,21.763516,21.612508,21.612636,67384
2025-05-05T15:35:00-0400,2025-05-05,ECHO,287.374276,287.741336,285.948035,286.066239,11296
2025-05-05T15:40:00-0400,2025-05-05,AURA,42.674563,42.759338,42.657146,42.749489,60425
2025-05-05T15:40:00-0400,2025-05-05,BOLT,115.876645,116.0145,115.28083,115.409737,14383
2025-05-05T15:40:00-0400,2025-05-05,CRUX,79.061196,79.211999,78.390421,78.568563,51413
2025-05-05T15:40:00-0400,2025-05-05,DUNE,21.619254,21.6415,21.556553,21.575591,46585
2025-05-05T15:40:00-0400,2025-05-05,ECHO,285.920128,286.20246,284.676497,284.981542,8052
2025-05-05T15:45:00-0400,2025-05-05,AURA,42.759492,42.777918,42.716024,42.749014,28529
2025-05-05T15:45:00-0400,2025-05-05,BOLT,115.389265,115.718408,115.345218,115.476216,19344
2025-05-05T15:45:00-0400,2025-05-05,CRUX,78.561349,78.687956,78.307189,78.659425,25052
2025-05-05T15:45:00-0400,2025-05-05,DUNE,21.599834,21.706451,21.534577,21.58295,77213
2025-05-05T15:45:00-0400,2025-05-05,ECHO,284.810001,286.632516,284.640598,285.658031,9367
2025-05-05T15:50:00-0400,2025-05-05,AURA,42.729686,42.7304,42.629757,42.677929,32655
2025-05-05T15:50:00-0400,2025-05-05,BOLT,115.39494,115.677498,115.30776,115.511385,19395
2025-05-05T15:50:00-0400,2025-05-05,CRUX,78.643542,78.669333,78.369796,78.540806,42213
2025-05-05T15:50:00-0400,2025-05-05,DUNE,21.58679,21.605574,21.554242,21.597292,111539
2025-05-05T15:50:00-0400,2025-05-05,ECHO,285.7224,286.469666,285.620067,286.181307,4900
2025-05-05T15:55:00-0400,2025-05-05,AURA,42.668381,42.683679,42.60167,42.643826,32588
2025-05-05T15:55:00-0400,2025-05-05,BOLT,115.561964,115.68972,115.452129,115.582533,14007
2025-05-05T15:55:00-0400,2025-05-05,CRUX,78.511762,78.573444,78.470335,78.489619,67695
2025-05-05T15:55:00-0400,2025-05-05,DUNE,21.583213,21.604443,21.491433,21.554302,79285
2025-05-05T15:55:00-0400,2025-05-05,ECHO,285.929887,288.681041,285.928738,286.789334,14149
2025-05-06T09:30:00-0400,2025-05-06,AURA,42.653077,42.724363,42.622993,42.714016,36593
2025-05-06T09:30:00-0400,2025-05-06,BOLT,115.566258,115.68296,115.537446,115.583124,20448
2025-05-06T09:30:00-0400,2025-05-06,CRUX,78.289165,78.401238,78.274687,78.316915,32906
2025-05-06T09:30:00-0400,2025-05-06,DUNE,21.499287,21.59159,21.492988,21.579377,78089
2025-05-06T09:30:00-0400,2025-05-06,ECHO,288.240777,289.562658,287.86788,289.460478,9528
2025-05-06T09:35:00-0400,2025-05-06,AURA,42.717804,42.784939,42.592334,42.63025,15017
2025-05-06T09:35:00-0400,2025-05-06,BOLT,115.612106,116.105818,115.512175,115.682084,9817
2025-05-06T09:35:00-0400,2025-05-06,CRUX,78.257301,78.444353,78.049732,78.151502,41773
2025-05-06T09:35:00-0400,2025-05-06,DUNE,21.565107,21.742669,21.553132,21.728779,102307
2025-05-06T09:35:00-0400,2025-05-06,ECHO,289.293497,290.1709,289.178665,290.100027,12583
2025-05-06T09:40:00-0400,2025-05-06,AURA,42.639868,42.682421,42.622206,42.629877,30962
2025-05-06T09:40:00-0400,2025-05-06,BOLT,115.705819,115.768127,115.227071,115.362214,17480
2025-05-06T09:40:00-0400,2025-05-06,CRUX,78.159517,78.166522,77.704693,77.808931,56456
2025-05-06T09:40:00-0400,2025-05-06,DUNE,21.719026,21.783308,21.610305,21.619364,64010
2025-05-06T09:40:00-0400,2025-05-06,ECHO,289.825874,290.208885,287.156739,287.624532,6618
2025-05-06T09:45:00-0400,2025-05-06,AURA,42.617607,42.621331,42.495551,42.57552,24513
2025-05-06T09:45:00-0400,2025-05-06,BOLT,115.488127,115.509497,115.238899,115.315068,13442
2025-05-06T09:45:00-0400,2025-05-06,CRUX,77.892256,78.118599,77.872047,77.921828,26453
2025-05-06T09:45:00-0400,2025-05-06,DUNE,21.616843,21.652627,21.558034,21.598374,62808
2025-05-06T09:45:00-0400,2025-05-06,ECHO,287.821747,288.630675,287.415294,287.902421,9465
2025-05-06T09:50:00-0400,2025-05-06,AURA,42.572039,42.617925,42.570916,42.573572,28670
2025-05-06T09:50:00-0400,2025-05-06,BOLT,115.394609,115.483489,115.211779,115.354485,12435
2025-05-06T09:50:00-0400,2025-05-06,CRUX,77.906047,78.002468,77.756463,77.825508,45606
2025-05-06T09:50:00-0400,2025-05-06,DUNE,21.59512,21.673517,21.553796,21.660075,69085
2025-05-06T09:50:00-0400,2025-05-06,ECHO,287.722426,288.779287,287.397756,288.777361,7291
2025-05-06T09:55:00-0400,2025-05-06,AURA,42.566244,42.573218,42.419359,42.447305,27970
2025-05-06T09:55:00-0400,2025-05-06,BOLT,115.308432,115.328746,114.769465,114.880645,14333
2025-05-06T09:55:00-0400,2025-05-06,CRUX,77.829501,78.069332,77.663539,77.694711,29744
2025-05-06T09:55:00-0400,2025-05-06,DUNE,21.645023,21.69291,21.438141,21.443507,52890
2025-05-06T09:55:00-0400,2025-05-06,ECHO,289.187491,289.666958,286.273773,286.360706,8309
2025-05-06T10:00:00-0400,2025-05-06,AURA,42.437662,42.569464,42.396711,42.550856,28239
2025-05-06T10:00:00-0400,2025-05-06,BOLT,114.849774,114.964802,114.806925,114.947134,15567
2025-05-06T10:00:00-0400,2025-05-06,CRUX,77.690191,77.791229,77.392456,77.701316,50672
2025-05-06T10:00:00-0400,2025-05-06,DUNE,21.446819,21.580923,21.38531,21.576836,34088
2025-05-06T10:00:00-0400,2025-05-06,ECHO,286.98549,288.826965,286.933373,288.364666,5899
2025-05-06T10:05:00-0400,2025-05-06,AURA,42.553764,42.591772,42.386077,42.427148,22551
2025-05-06T10:05:00-0400,2025-05-06,BOLT,114.939642,115.063881,114.828801,114.861793,18024
2025-05-06T10:05:00-0400,2025-05-06,CRUX,77.659119,77.79965,77.366978,77.549804,25888
2025-05-06T10:05:00-0400,2025-05-06,DUNE,21.57944,21.695625,21.564767,21.680372,61224
2025-05-06T10:05:00-0400,2025-05-06,ECHO,288.06886,288.238822,287.385529,287.984032,10058
2025-05-06T10:10:00-0400,2025-05-06,AURA,42.416399,42.47528,42.380543,42.473887,32843
2025-05-06T10:10:00-0400,2025-05-06,BOLT,114.88131,115.261855,114.8424,115.189936,14397
2025-05-06T10:10:00-0400,2025-05-06,CRUX,77.565684,78.086286,77.42419,77.865489,22199
2025-05-06T10:10:00-0400,2025-05-06,DUNE,21.68221,21.937119,21.659528,21.876889,111264
2025-05-06T10:10:00-0400,2025-05-06,ECHO,287.987294,290.571541,287.784063,290.097111,12412
2025-05-06T10:15:00-0400,2025-05-06,AURA,42.458051,42.497623,42.42361,42.469468,23579
2025-05-06T10:15:00-0400,2025-05-06,BOLT,115.194406,115.250993,114.695379,115.031263,27068
2025-05-06T10:15:00-0400,2025-05-06,CRUX,77.860771,77.909074,77.761807,77.857832,18995
2025-05-06T10:15:00-0400,2025-05-06,DUNE,21.873468,21.910498,21.808532,21.881037,104128
2025-05-06T10:15:00-0400,2025-05-06,ECHO,289.895715,290.286487,289.382073,289.875574,8137
2025-05-06T10:20:00-0400,2025-05-06,AURA,42.450907,42.557842,42.42388,42.497757,26400
2025-05-06T10:20:00-0400,2025-05-06,BOLT,115.016839,115.433175,114.883081,115.179028,11469
2025-05-06T10:20:00-0400,2025-05-06,CRUX,77.864689,77.872188,77.547162,77.564872,59849
2025-05-06T10:20:00-0400,2025-05-06,DUNE,21.885698,21.972422,21.868642,21.88545,67827
2025-05-06T10:20:00-0400,2025-05-06,ECHO,289.579058,289.788537,288.93125,289.47782,9854
2025-05-06T10:25:00-0400,2025-05-06,AURA,42.512087,42.541657,42.511853,42.519117,17366
2025-05-06T10:25:00-0400,2025-05-06,BOLT,115.073429,115.299055,115.029891,115.141545,16754
2025-05-06T10:25:00-0400,2025-05-06,CRUX,77.568771,77.746998,77.380102,77.684349,20817
2025-05-06T10:25:00-0400,2025-05-06,DUNE,21.883304,21.892059,21.835704,21.851756,48529
2025-05-06T10:25:00-0400,2025-05-06,ECHO,289.510981,289.878974,286.233036,286.998397,6807
2025-05-06T10:30:00-0400,2025-05-06,AURA,42.498314,42.512628,42.339598,42.362361,21976
2025-05-06T10:30:00-0400,2025-05-06,BOLT,115.157513,115.365235,114.937695,114.995614,14477
2025-05-06T10:30:00-0400,2025-05-06,CRUX,77.67916,77.982484,77.528356,77.927537,26758
2025-05-06T10:30:00-0400,2025-05-06,DUNE,21.846486,21.848477,21.7343,21.744117,32001
2025-05-06T10:30:00-0400,2025-05-06,ECHO,287.153745,287.450554,283.756889,284.338154,8304
2025-05-06T10:35:00-0400,2025-05-06,AURA,42.337442,42.369174,42.176327,42.312742,15628
2025-05-06T10:35:00-0400,2025-05-06,BOLT,115.071398,115.327831,114.806388,115.244732,20251
2025-05-06T10:35:00-0400,2025-05-06,CRUX,77.974909,77.982381,77.649727,77.819153,16078
2025-05-06T10:35:00-0400,2025-05-06,DUNE,21.747262,21.770903,21.705613,21.742218,81921
2025-05-06T10:35:00-0400,2025-05-06,ECHO,284.356863,285.469974,284.239651,285.120977,5922
2025-05-06T10:40:00-0400,2025-05-06,AURA,42.330926,42.441682,42.26635,42.326353,11283
2025-05-06T10:40:00-0400,2025-05-06,BOLT,115.251134,115.531486,115.127437,115.409997,12885
2025-05-06T10:40:00-0400,2025-05-06,CRUX,77.838066,77.929832,77.677912,77.721867,41962
2025-05-06T10:40:00-0400,2025-05-06,DUNE,21.725429,21.778921,21.6612,21.696733,48737
2025-05-06T10:40:00-0400,2025-05-06,ECHO,285.282472,286.182981,282.419974,282.508041,5402
2025-05-06T10:45:00-0400,2025-05-06,AURA,42.343614,42.349012,42.294454,42.307028,34230
2025-05-06T10:45:00-0400,2025-05-06,BOLT,115.460629,115.594966,115.036707,115.276283,7676
2025-05-06T10:45:00-0400,2025-05-06,CRUX,77.690557,77.823366,77.532925,77.702284,47237
2025-05-06T10:45:00-0400,2025-05-06,DUNE,21.674797,21.706585,21.635815,21.689499,41680
2025-05-06T10:45:00-0400,2025-05-06,ECHO,282.244909,284.920291,280.12194,283.542345,5569
2025-05-06T10:50:00-0400,2025-05-06,AURA,42.293574,42.32869,42.232502,42.326332,14176
2025-05-06T10:50:00-0400,2025-05-06,BOLT,115.371504,115.397367,115.178131,115.227656,8813
2025-05-06T10:50:00-0400,2025-05-06,CRUX,77.680288,78.055997,77.658778,77.914489,15747
2025-05-06T10:50:00-0400,2025-05-06,DUNE,21.676585,21.732034,21.639005,21.712786,46709
2025-05-06T10:50:00-0400,2025-05-06,ECHO,283.388342,284.733075,283.213301,284.202351,2894
2025-05-06T10:55:00-0400,2025-05-06,AURA,42.321438,42.328155,42.288311,42.294154,19443
2025-05-06T10:55:00-0400,2025-05-06,BOLT,115.232567,115.350737,114.922781,114.938191,15679
2025-05-06T10:55:00-0400,2025-05-06,CRUX,77.943671,78.15276,77.867584,78.14455,11408
2025-05-06T10:55:00-0400,2025-05-06,DUNE,21.692964,21.76709,21.657434,21.721563,34857
2025-05-06T10:55:00-0400,2025-05-06,ECHO,284.246651,287.157395,283.94269,286.000895,4430
2025-05-06T11:00:00-0400,2025-05-06,AURA,42.277706,42.358546,42.268003,42.280769,20819
2025-05-06T11:00:00-0400,2025-05-06,BOLT,114.916198,115.19885,114.729741,114.82377,9808
2025-05-06T11:00:00-0400,2025-05-06,CRUX,78.085313,78.411239,78.077418,78.164051,23232
2025-05-06T11:00:00-0400,2025-05-06,DUNE,21.730384,21.772004,21.670406,21.686072,38475
2025-05-06T11:00:00-0400,2025-05-06,ECHO,285.369418,286.24181,285.351341,286.18939,2740
2025-05-06T11:05:00-0400,2025-05-06,AURA,42.26349,42.291473,42.21134,42.274225,32418
2025-05-06T11:05:00-0400,2025-05-06,BOLT,114.746881,114.970383,114.671065,114.870598,10121
2025-05-06T11:05:00-0400,2025-05-06,CRUX,78.113759,78.156684,77.795804,77.991914,16897
2025-05-06T11:05:00-0400,2025-05-06,DUNE,21.675714,21.708671,21.611534,21.628591,46946
2025-05-06T11:05:00-0400,2025-05-06,ECHO,286.343711,288.89755,285.837799,288.319191,2678
2025-05-06T11:10:00-0400,2025-05-06,AURA,42.277329,42.324875,42.26238,42.31385,18821
2025-05-06T11:10:00-0400,2025-05-06,BOLT,114.934088,115.119487,114.690293,114.719765,9630
2025-05-06T11:10:00-0400,2025-05-06,CRUX,78.05909,78.06388,77.564545,77.728074,27563
2025-05-06T11:10:00-0400,2025-05-06,DUNE,21.615955,21.648842,21.556905,21.619397,39387
2025-05-06T11:10:00-0400,2025-05-06,ECHO,288.534521,290.333459,284.531426,286.790192,6939
2025-05-06T11:15:00-0400,2025-05-06,AURA,42.318223,42.342818,42.229759,42.272918,12666
2025-05-06T11:15:00-0400,2025-05-06,BOLT,114.717839,114.789306,114.240345,114.46148,7544
2025-05-06T11:15:00-0400,2025-05-06,CRUX,77.668799,78.207115,77.60738,77.988821,19802
2025-05-06T11:15:00-0400,2025-05-06,DUNE,21.618819,21.671229,21.61243,21.623998,30420
2025-05-06T11:15:00-0400,2025-05-06,ECHO,286.889737,287.073902,285.188891,285.78066,7053
2025-05-06T11:20:00-0400,2025-05-06,AURA,42.277747,42.327638,42.27339,42.315381,18219
2025-05-06T11:20:00-0400,2025-05-06,BOLT,114.409896,115.170155,114.222042,114.989775,15547
2025-05-06T11:20:00-0400,2025-05-06,CRUX,77.952306,77.977233,77.754998,77.817658,11818
2025-05-06T11:20:00-0400,2025-05-06,DUNE,21.628261,21.948438,21.575137,21.886681,52692
2025-05-06T11:20:00-0400,2025-05-06,ECHO,285.718074,287.671088,285.534858,287.632806,3129
2025-05-06T11:25:00-0400,2025-05-06,AURA,42.321112,42.401379,42.294292,42.336099,13109
2025-05-06T11:25:00-0400,2025-05-06,BOLT,114.974246,115.084748,114.767019,114.821867,8224
2025-05-06T11:25:00-0400,2025-05-06,CRUX,77.809918,77.960309,77.80986,77.896199,25925
2025-05-06T11:25:00-0400,2025-05-06,DUNE,21.88692,21.926685,21.840982,21.920531,49284
2025-05-06T11:25:00-0400,2025-05-06,ECHO,287.834237,288.397344,287.25734,287.594346,4265
2025-05-06T11:30:00-0400,2025-05-06,AURA,42.342484,42.498869,42.307277,42.495876,29409
2025-05-06T11:30:00-0400,2025-05-06,BOLT,114.882517,115.04324,114.816379,114.821149,6688
2025-05-06T11:30:00-0400,2025-05-06,CRUX,77.861715,78.211466,77.839878,78.126714,25642
2025-05-06T11:30:00-0400,2025-05-06,DUNE,21.898484,21.911634,21.71833,21.758915,25512
2025-05-06T11:30:00-0400,2025-05-06,ECHO,287.883518,289.020829,286.022908,286.999693,9342
2025-05-06T11:35:00-0400,2025-05-06,AURA,42.502561,42.523265,42.474343,42.503427,11655
2025-05-06T11:35:00-0400,2025-05-06,BOLT,114.824327,115.180305,114.538875,114.642566,9047
2025-05-06T11:35:00-0400,2025-05-06,CRUX,78.116201,78.180548,77.649836,77.677708,18524
2025-05-06T11:35:00-0400,2025-05-06,DUNE,21.754398,21.809728,21.685332,21.805735,44663
2025-05-06T11:35:00-0400,2025-05-06,ECHO,287.293306,289.710715,285.104475,288.782328,10448
2025-05-06T11:40:00-0400,2025-05-06,AURA,42.500939,42.550543,42.497083,42.50161,19333
2025-05-06T11:40:00-0400,2025-05-06,BOLT,114.599003,114.632918,114.523686,114.580406,11671
2025-05-06T11:40:00-0400,2025-05-06,CRUX,77.673456,78.044529,77.619682,78.027749,25190
2025-05-06T11:40:00-0400,2025-05-06,DUNE,21.80456,21.883159,21.770625,21.849931,81531
2025-05-06T11:40:00-0400,2025-05-06,ECHO,288.86375,289.316777,288.766427,289.183793,6280
2025-05-06T11:45:00-0400,2025-05-06,AURA,42.512123,42.519211,42.423556,42.433434,9031
2025-05-06T11:45:00-0400,2025-05-06,BOLT,114.603201,114.767835,114.072332,114.223849,13384
2025-05-06T11:45:00-0400,2025-05-06,CRUX,77.936599,77.944006,77.72293,77.858669,9304
2025-05-06T11:45:00-0400,2025-05-06,DUNE,21.850906,21.926124,21.704906,21.721766,43409
2025-05-06T11:45:00-0400,2025-05-06,ECHO,289.311249,290.213017,287.499275,287.922657,5906
2025-05-06T11:50:00-0400,2025-05-06,AURA,42.445887,42.507722,42.42026,42.472589,18871
2025-05-06T11:50:00-0400,2025-05-06,BOLT,114.222106,114.253897,114.138109,114.19201,8525
2025-05-06T11:50:00-0400,2025-05-06,CRUX,77.85204,77.921284,77.689977,77.732354,19860
2025-05-06T11:50:00-0400,2025-05-06,DUNE,21.710056,21.885477,21.669698,21.835953,26292
2025-05-06T11:50:00-0400,2025-05-06,ECHO,287.787248,289.005355,285.542457,287.423471,3855
2025-05-06T11:55:00-0400,2025-05-06,AURA,42.447573,42.489709,42.401686,42.477969,13932
2025-05-06T11:55:00-0400,2025-05-06,BOLT,114.271581,114.742398,114.076804,114.570789,8097
2025-05-06T11:55:00-0400,2025-05-06,CRUX,77.717764,77.862552,77.702885,77.759253,12497
2025-05-06T11:55:00-0400,2025-05-06,DUNE,21.842959,21.866706,21.80897,21.817929,29271
2025-05-06T11:55:00-0400,2025-05-06,ECHO,287.583326,287.970854,285.716198,286.77854,3867
2025-05-06T12:00:00-0400,2025-05-06,AURA,42.481802,42.542631,42.445678,42.538634,18148
2025-05-06T12:00:00-0400,2025-05-06,BOLT,114.55577,114.604837,114.391267,114.507858,12019
2025-05-06T12:00:00-0400,2025-05-06,CRUX,77.747007,78.087799,77.661535,78.049017,13317
2025-05-06T12:00:00-0400,2025-05-06,DUNE,21.799524,21.851683,21.702174,21.821823,31704
2025-05-06T12:00:00-0400,2025-05-06,ECHO,286.934221,288.483039,286.923716,287.818362,4578
2025-05-06T12:05:00-0400,2025-05-06,AURA,42.541162,42.572018,42.334602,42.354207,9227
2025-05-06T12:05:00-0400,2025-05-06,BOLT,114.463757,114.856099,114.296896,114.830091,8119
2025-05-06T12:05:00-0400,2025-05-06,CRUX,78.05186,78.362351,77.997459,78.239405,12883
2025-05-06T12:05:00-0400,2025-05-06,DUNE,21.82722,21.835134,21.761014,21.778994,15970
2025-05-06T12:05:00-0400,2025-05-06,ECHO,287.802093,288.436584,287.541792,288.086272,5070
2025-05-06T12:10:00-0400,2025-05-06,AURA,42.366615,42.450895,42.340288,42.375615,10448
2025-05-06T12:10:00-0400,2025-05-06,BOLT,114.784696,115.331473,114.599301,115.306899,7927
2025-05-06T12:10:00-0400,2025-05-06,CRUX,78.301332,78.450582,78.211174,78.343152,14321
2025-05-06T12:10:00-0400,2025-05-06,DUNE,21.785283,21.821323,21.742472,21.80688,36935
2025-05-06T12:10:00-0400,2025-05-06,ECHO,288.11236,289.583034,287.899735,288.839301,4303
2025-05-06T12:15:00-0400,2025-05-06,AURA,42.396832,42.422638,42.364967,42.392426,11493
2025-05-06T12:15:00-0400,2025-05-06,BOLT,115.289712,115.897537,115.192317,115.69681,8489
2025-05-06T12:15:00-0400,2025-05-06,CRUX,78.389011,78.610071,77.806721,77.945007,10522
2025-05-06T12:15:00-0400,2025-05-06,DUNE,21.788485,21.927054,21.683518,21.91149,50384
2025-05-06T12:15:00-0400,2025-05-06,ECHO,288.444867,289.447656,287.897412,288.503802,3982
2025-05-06T12:20:00-0400,2025-05-06,AURA,42.377976,42.420437,42.271354,42.300912,26386
2025-05-06T12:20:00-0400,2025-05-06,BOLT,115.748276,115.813442,115.478861,115.595262,5853
2025-05-06T12:20:00-0400,2025-05-06,CRUX,77.983432,78.195725,77.882808,78.073702,13941
2025-05-06T12:20:00-0400,2025-05-06,DUNE,21.921575,22.138018,21.861195,22.121306,20638
2025-05-06T12:20:00-0400,2025-05-06,ECHO,288.233288,289.091065,287.06192,287.715775,7620
2025-05-06T12:25:00-0400,2025-05-06,AURA,42.286982,42.4129,42.254222,42.357915,14891
2025-05-06T12:25:00-0400,2025-05-06,BOLT,115.590764,115.757831,115.544042,115.743367,4852
2025-05-06T12:25:00-0400,2025-05-06,CRUX,78.114889,78.287927,77.959486,78.125157,19941
2025-05-06T12:25:00-0400,2025-05-06,DUNE,22.118287,22.222752,22.062325,22.167336,22550
2025-05-06T12:25:00-0400,2025-05-06,ECHO,288.152413,288.730663,287.238049,287.827971,4181
2025-05-06T12:30:00-0400,2025-05-06,AURA,42.367787,42.385655,42.250473,42.250792,11970
2025-05-06T12:30:00-0400,2025-05-06,BOLT,115.720794,116.320437,115.691716,116.180491,6420
2025-05-06T12:30:00-0400,2025-05-06,CRUX,78.157721,78.343473,78.113168,78.203805,36766
2025-05-06T12:30:00-0400,2025-05-06,DUNE,22.129171,22.149249,22.040908,22.117701,36046
2025-05-06T12:30:00-0400,2025-05-06,ECHO,288.242046,288.551124,287.097483,288.119225,2822
2025-05-06T12:35:00-0400,2025-05-06,AURA,42.231343,42.274395,42.221672,42.226097,13512
2025-05-06T12:35:00-0400,2025-05-06,BOLT,116.168809,116.336045,115.893815,115.975505,8768
2025-05-06T12:35:00-0400,2025-05-06,CRUX,78.201673,78.631264,78.11697,78.586522,29836
2025-05-06T12:35:00-0400,2025-05-06,DUNE,22.104597,22.139663,22.024538,22.081148,18247
2025-05-06T12:35:00-0400,2025-05-06,ECHO,287.855854,289.005312,286.413162,286.933699,3814
2025-05-06T12:40:00-0400,2025-05-06,AURA,42.221459,42.348302,42.208719,42.233681,17538
2025-05-06T12:40:00-0400,2025-05-06,BOLT,115.955923,116.218092,115.637248,116.139951,3653
2025-05-06T12:40:00-0400,2025-05-06,CRUX,78.560953,78.738281,78.498072,78.723909,20883
2025-05-06T12:40:00-0400,2025-05-06,DUNE,22.090737,22.104955,21.989009,22.046273,18828
2025-05-06T12:40:00-0400,2025-05-06,ECHO,287.040134,287.522774,284.967925,285.995544,4519
2025-05-06T12:45:00-0400,2025-05-06,AURA,42.244295,42.319624,42.190012,42.287028,11932
2025-05-06T12:45:00-0400,2025-05-06,BOLT,116.108853,116.36882,115.741624,115.837987,10626
2025-05-06T12:45:00-0400,2025-05-06,CRUX,78.69737,78.913079,78.457902,78.838556,14056
2025-05-06T12:45:00-0400,2025-05-06,DUNE,22.052783,22.218867,22.026837,22.157563,14898
2025-05-06T12:45:00-0400,2025-05-06,ECHO,286.340291,286.424944,286.120019,286.254256,6384
2025-05-06T12:50:00-0400,2025-05-06,AURA,42.277462,42.378183,42.255412,42.367091,15180
2025-05-06T12:50:00-0400,2025-05-06,BOLT,115.820092,116.194201,115.758231,116.113479,7752
2025-05-06T12:50:00-0400,2025-05-06,CRUX,78.930492,79.189579,78.678498,78.830833,27916
2025-05-06T12:50:00-0400,2025-05-06,DUNE,22.149939,22.300471,22.065791,22.2244,45402
2025-05-06T12:50:00-0400,2025-05-06,ECHO,286.12626,287.010659,284.209564,286.507035,3701
2025-05-06T12:55:00-0400,2025-05-06,AURA,42.366434,42.557117,42.347838,42.46863,9863
2025-05-06T12:55:00-0400,2025-05-06,BOLT,116.102066,116.177449,115.676365,115.737527,9482
2025-05-06T12:55:00-0400,2025-05-06,CRUX,78.816316,78.987264,78.723832,78.928777,26531
2025-05-06T12:55:00-0400,2025-05-06,DUNE,22.240521,22.48939,22.155965,22.435513,24953
2025-05-06T12:55:00-0400,2025-05-06,ECHO,286.576621,288.326347,286.34575,287.682869,3400
2025-05-06T13:00:00-0400,2025-05-06,AURA,42.472326,42.576588,42.456637,42.539665,7420
2025-05-06T13:00:00-0400,2025-05-06,BOLT,115.702078,116.350074,115.560309,116.044234,7796
2025-05-06T13:00:00-0400,2025-05-06,CRUX,78.935189,79.158036,78.864125,79.034205,10087
2025-05-06T13:00:00-0400,2025-05-06,DUNE,22.431056,22.444166,22.309138,22.392562,22224
2025-05-06T13:00:00-0400,2025-05-06,ECHO,287.66061,291.187124,287.280004,291.071585,4093
2025-05-06T13:05:00-0400,2025-05-06,AURA,42.532328,42.631273,42.510793,42.59785,9993
2025-05-06T13:05:00-0400,2025-05-06,BOLT,116.059778,116.536116,116.00318,116.452438,7876
2025-05-06T13:05:00-0400,2025-05-06,CRUX,78.974017,79.101974,78.918619,79.029283,20920
2025-05-06T13:05:00-0400,2025-05-06,DUNE,22.392051,22.545902,22.316495,22.524953,33769
2025-05-06T13:05:00-0400,2025-05-06,ECHO,291.199505,291.953563,288.441919,290.237326,5717
2025-05-06T13:10:00-0400,2025-05-06,AURA,42.589391,42.696765,42.554322,42.636631,8239
2025-05-06T13:10:00-0400,2025-05-06,BOLT,116.408676,116.673889,116.16181,116.169376,17820
2025-05-06T13:10:00-0400,2025-05-06,CRUX,79.030962,79.282611,78.931695,79.279675,8041
2025-05-06T13:10:00-0400,2025-05-06,DUNE,22.536094,22.775359,22.489596,22.746386,39753
2025-05-06T13:10:00-0400,2025-05-06,ECHO,290.154892,291.056501,288.931575,290.726429,4558
2025-05-06T13:15:00-0400,2025-05-06,AURA,42.625079,42.684354,42.539924,42.672603,8910
2025-05-06T13:15:00-0400,2025-05-06,BOLT,116.208244,116.2591,115.657037,115.783517,6776
2025-05-06T13:15:00-0400,2025-05-06,CRUX,79.240467,79.370216,79.172355,79.257767,14469
2025-05-06T13:15:00-0400,2025-05-06,DUNE,22.759113,22.762261,22.652706,22.680384,28748
2025-05-06T13:15:00-0400,2025-05-06,ECHO,290.679949,291.153974,290.009357,290.02233,5461
2025-05-06T13:20:00-0400,2025-05-06,AURA,42.665674,42.684523,42.652134,42.671291,9814
2025-05-06T13:20:00-0400,2025-05-06,BOLT,115.765598,115.94985,115.662859,115.763316,9340
2025-05-06T13:20:00-0400,2025-05-06,CRUX,79.273868,79.343943,79.062431,79.08815,14577
2025-05-06T13:20:00-0400,2025-05-06,DUNE,22.648257,22.720009,22.46298,22.506919,24813
2025-05-06T13:20:00-0400,2025-05-06,ECHO,290.16763,290.312871,286.486883,287.668501,2085
2025-05-06T13:25:00-0400,2025-05-06,AURA,42.678172,42.683778,42.503164,42.570717,14435
2025-05-06T13:25:00-0400,2025-05-06,BOLT,115.733927,116.054739,115.705972,116.023924,16566
2025-05-06T13:25:00-0400,2025-05-06,CRUX,79.057672,79.284437,78.867495,79.226493,13471
2025-05-06T13:25:00-0400,2025-05-06,DUNE,22.498067,22.578271,22.455326,22.567052,66000
2025-05-06T13:25:00-0400,2025-05-06,ECHO,287.478252,287.680194,284.916791,286.100839,3932
2025-05-06T13:30:00-0400,2025-05-06,AURA,42.569845,42.578172,42.457737,42.542745,21390
2025-05-06T13:30:00-0400,2025-05-06,BOLT,116.023341,116.309658,115.817421,115.845177,5156
2025-05-06T13:30:00-0400,2025-05-06,CRUX,79.244636,79.248438,78.739696,78.885275,26203
2025-05-06T13:30:00-0400,2025-05-06,DUNE,22.56402,22.607437,22.25509,22.37748,41894
2025-05-06T13:30:00-0400,2025-05-06,ECHO,286.037186,286.524882,283.860171,283.927671,7860
2025-05-06T13:35:00-0400,2025-05-06,AURA,42.558049,42.572229,42.512677,42.52528,27513
2025-05-06T13:35:00-0400,2025-05-06,BOLT,115.770938,116.057564,115.769344,116.036202,12643
2025-05-06T13:35:00-0400,2025-05-06,CRUX,78.949077,79.242485,78.85073,79.102407,16585
2025-05-06T13:35:00-0400,2025-05-06,DUNE,22.37036,22.429812,22.331793,22.390342,43090
2025-05-06T13:35:00-0400,2025-05-06,ECHO,283.827366,286.462484,282.6399,286.324349,4560
2025-05-06T13:40:00-0400,2025-05-06,AURA,42.517527,42.623171,42.517296,42.576955,18651
2025-05-06T13:40:00-0400,2025-05-06,BOLT,116.070159,116.33278,116.028485,116.30437,7946
2025-05-06T13:40:00-0400,2025-05-06,CRUX,79.078446,79.180366,78.950267,78.995453,17067
2025-05-06T13:40:00-0400,2025-05-06,DUNE,22.399887,22.515032,22.388146,22.465221,20849
2025-05-06T13:40:00-0400,2025-05-06,ECHO,286.338633,289.890937,286.162562,289.225879,7385
2025-05-06T13:45:00-0400,2025-05-06,AURA,42.588733,42.641598,42.543645,42.597539,10243
2025-05-06T13:45:00-0400,2025-05-06,BOLT,116.367064,116.37476,116.201655,116.366497,11698
2025-05-06T13:45:00-0400,2025-05-06,CRUX,78.977125,79.016785,78.868524,78.970691,13191
2025-05-06T13:45:00-0400,2025-05-06,DUNE,22.463684,22.545455,22.444488,22.52611,44041
2025-05-06T13:45:00-0400,2025-05-06,ECHO,289.272951,289.701736,287.858354,288.020947,5903
2025-05-06T13:50:00-0400,2025-05-06,AURA,42.613573,42.749487,42.55121,42.690127,8846
2025-05-06T13:50:00-0400,2025-05-06,BOLT,116.404711,116.797442,116.367563,116.648941,4679
2025-05-06T13:50:00-0400,2025-05-06,CRUX,78.988525,79.120477,78.843901,79.046868,12411
2025-05-06T13:50:00-0400,2025-05-06,DUNE,22.527424,22.591474,22.459951,22.581311,44465
2025-05-06T13:50:00-0400,2025-05-06,ECHO,288.277327,288.662997,287.202667,287.5235,11946
2025-05-06T13:55:00-0400,2025-05-06,AURA,42.701719,42.779284,42.604483,42.621253,10740
2025-05-06T13:55:00-0400,2025-05-06,BOLT,116.651958,116.680261,116.460059,116.65628,7710
2025-05-06T13:55:00-0400,2025-05-06,CRUX,79.101439,79.1021,78.658049,78.836429,34810
2025-05-06T13:55:00-0400,2025-05-06,DUNE,22.594406,22.636836,22.313272,22.336096,29445
2025-05-06T13:55:00-0400,2025-05-06,ECHO,287.713117,287.788535,283.467108,285.120754,6239
2025-05-06T14:00:00-0400,2025-05-06,AURA,42.624295,42.805996,42.588002,42.693114,12158
2025-05-06T14:00:00-0400,2025-05-06,BOLT,116.696365,117.096879,116.686734,116.926321,6614
2025-05-06T14:00:00-0400,2025-05-06,CRUX,78.82653,78.828306,78.542549,78.707168,27782
2025-05-06T14:00:00-0400,2025-05-06,DUNE,22.339236,22.535428,22.279659,22.513249,23947
2025-05-06T14:00:00-0400,2025-05-06,ECHO,285.581204,287.221724,285.370416,286.809472,2577
2025-05-06T14:05:00-0400,2025-05-06,AURA,42.696568,42.708843,42.63941,42.700392,12423
2025-05-06T14:05:00-0400,2025-05-06,BOLT,116.92763,117.172816,116.582486,116.684559,15781
2025-05-06T14:05:00-0400,2025-05-06,CRUX,78.766637,78.768111,78.49789,78.520693,14630
2025-05-06T14:05:00-0400,2025-05-06,DUNE,22.530603,22.588558,22.401928,22.442593,58347
2025-05-06T14:05:00-0400,2025-05-06,ECHO,286.847471,289.682989,286.425298,288.624753,5353
2025-05-06T14:10:00-0400,2025-05-06,AURA,42.700393,42.702342,42.62207,42.628996,19674
2025-05-06T14:10:00-0400,2025-05-06,BOLT,116.772923,117.141773,116.717329,117.047442,10331
2025-05-06T14:10:00-0400,2025-05-06,CRUX,78.55821,78.691887,78.062692,78.101362,17483
2025-05-06T14:10:00-0400,2025-05-06,DUNE,22.45525,22.468544,22.325585,22.404821,43573
2025-05-06T14:10:00-0400,2025-05-06,ECHO,289.143867,290.933614,288.409605,289.550503,7280
2025-05-06T14:15:00-0400,2025-05-06,AURA,42.618452,42.628356,42.577415,42.598869,17832
2025-05-06T14:15:00-0400,2025-05-06,BOLT,117.101006,117.495062,116.926154,117.409171,15191
2025-05-06T14:15:00-0400,2025-05-06,CRUX,78.063888,78.216916,77.866989,77.947639,21687
2025-05-06T14:15:00-0400,2025-05-06,DUNE,22.418584,22.460502,22.21123,22.226234,62569
2025-05-06T14:15:00-0400,2025-05-06,ECHO,289.847457,290.484077,289.736017,289.905058,6481
2025-05-06T14:20:00-0400,2025-05-06,AURA,42.593469,42.621148,42.558493,42.566178,11206
2025-05-06T14:20:00-0400,2025-05-06,BOLT,117.453612,117.470457,117.098939,117.106927,16755
2025-05-06T14:20:00-0400,2025-05-06,CRUX,77.971308,78.019213,77.648588,77.693129,39561
2025-05-06T14:20:00-0400,2025-05-06,DUNE,22.219525,22.290296,22.135801,22.172796,46966
2025-05-06T14:20:00-0400,2025-05-06,ECHO,289.483054,290.984548,288.894455,290.818593,6277
2025-05-06T14:25:00-0400,2025-05-06,AURA,42.558781,42.636411,42.507437,42.60746,15108
2025-05-06T14:25:00-0400,2025-05-06,BOLT,117.019658,117.101097,116.751282,116.902972,11979
2025-05-06T14:25:00-0400,2025-05-06,CRUX,77.700961,77.741112,77.268342,77.317762,20849
2025-05-06T14:25:00-0400,2025-05-06,DUNE,22.160099,22.234574,22.005886,22.030119,33833
2025-05-06T14:25:00-0400,2025-05-06,ECHO,290.258811,292.706243,290.038851,291.578802,4968
2025-05-06T14:30:00-0400,2025-05-06,AURA,42.628121,42.658754,42.459843,42.479146,14135
2025-05-06T14:30:00-0400,2025-05-06,BOLT,116.915355,116.960883,116.782237,116.836902,21844
2025-05-06T14:30:00-0400,2025-05-06,CRUX,77.301863,77.434534,77.141573,77.252391,22129
2025-05-06T14:30:00-0400,2025-05-06,DUNE,22.03099,22.069038,21.972547,21.978683,39746
2025-05-06T14:30:00-0400,2025-05-06,ECHO,291.195351,293.182498,289.811716,292.820309,3529
2025-05-06T14:35:00-0400,2025-05-06,AURA,42.478275,42.48305,42.383084,42.468504,16626
2025-05-06T14:35:00-0400,2025-05-06,BOLT,116.81468,116.853674,116.641246,116.772758,13640
2025-05-06T14:35:00-0400,2025-05-06,CRUX,77.293916,77.372055,77.119754,77.142858,25167
2025-05-06T14:35:00-0400,2025-05-06,DUNE,21.972048,21.999085,21.697515,21.764337,27641
2025-05-06T14:35:00-0400,2025-05-06,ECHO,292.943357,293.90293,291.970309,293.077446,6316
2025-05-06T14:40:00-0400,2025-05-06,AURA,42.477939,42.494609,42.329209,42.330505,19580
2025-05-06T14:40:00-0400,2025-05-06,BOLT,116.686793,116.846168,116.077225,116.260125,12943
2025-05-06T14:40:00-0400,2025-05-06,CRUX,77.140102,77.259536,77.06546,77.102901,19433
2025-05-06T14:40:00-0400,2025-05-06,DUNE,21.749983,21.800112,21.696499,21.779352,46126
2025-05-06T14:40:00-0400,2025-05-06,ECHO,292.720119,293.739301,291.364949,291.872147,6584
2025-05-06T14:45:00-0400,2025-05-06,AURA,42.329992,42.345018,42.276999,42.334249,20696
2025-05-06T14:45:00-0400,2025-05-06,BOLT,116.228811,116.320885,115.812749,116.044962,14838
2025-05-06T14:45:00-0400,2025-05-06,CRUX,77.057724,77.362127,76.839874,77.124893,18715
2025-05-06T14:45:00-0400,2025-05-06,DUNE,21.780904,21.975265,21.777886,21.922919,61360
2025-05-06T14:45:00-0400,2025-05-06,ECHO,291.937284,292.804448,290.727459,290.830145,3525
2025-05-06T14:50:00-0400,2025-05-06,AURA,42.321902,42.631702,42.298636,42.593132,20666
2025-05-06T14:50:00-0400,2025-05-06,BOLT,116.070349,116.522731,115.722529,116.460356,14113
2025-05-06T14:50:00-0400,2025-05-06,CRUX,77.10744,77.418181,77.076853,77.224862,25718
2025-05-06T14:50:00-0400,2025-05-06,DUNE,21.918886,22.005446,21.917041,21.959832,60176
2025-05-06T14:50:00-0400,2025-05-06,ECHO,291.102015,293.661422,291.060302,293.653601,5077
2025-05-06T14:55:00-0400,2025-05-06,AURA,42.604186,42.642502,42.518662,42.630759,41585
2025-05-06T14:55:00-0400,2025-05-06,BOLT,116.464207,116.691982,116.242597,116.669621,18511
2025-05-06T14:55:00-0400,2025-05-06,CRUX,77.217165,77.462921,77.191462,77.383163,17691
2025-05-06T14:55:00-0400,2025-05-06,DUNE,21.960491,21.997013,21.867632,21.90827,62060
2025-05-06T14:55:00-0400,2025-05-06,ECHO,293.857697,294.308437,292.667379,293.360191,5524
2025-05-06T15:00:00-0400,2025-05-06,AURA,42.616457,42.644908,42.606317,42.620154,18028
2025-05-06T15:00:00-0400,2025-05-06,BOLT,116.696545,116.864712,116.616022,116.79008,10810
2025-05-06T15:00:00-0400,2025-05-06,CRUX,77.35622,77.632598,77.30362,77.604506,34621
2025-05-06T15:00:00-0400,2025-05-06,DUNE,21.906709,22.126842,21.876966,22.027929,68659
2025-05-06T15:00:00-0400,2025-05-06,ECHO,293.407395,295.461023,292.578734,295.33255,4732
2025-05-06T15:05:00-0400,2025-05-06,AURA,42.616602,42.644399,42.59759,42.642592,27325
2025-05-06T15:05:00-0400,2025-05-06,BOLT,116.751192,116.965534,116.625982,116.885103,13857
2025-05-06T15:05:00-0400,2025-05-06,CRUX,77.609863,77.779686,77.342536,77.38498,31709
2025-05-06T15:05:00-0400,2025-05-06,DUNE,22.038344,22.042443,21.922917,21.955718,66487
2025-05-06T15:05:00-0400,2025-05-06,ECHO,295.431405,295.776906,292.367255,294.142124,9685
2025-05-06T15:10:00-0400,2025-05-06,AURA,42.640183,42.813937,42.634074,42.810717,33799
2025-05-06T15:10:00-0400,2025-05-06,BOLT,116.898942,117.350209,116.831913,117.256008,14240
2025-05-06T15:10:00-0400,2025-05-06,CRUX,77.456602,77.705745,77.450517,77.658159,34305
2025-05-06T15:10:00-0400,2025-05-06,DUNE,21.949208,22.137899,21.944919,22.10722,86626
2025-05-06T15:10:00-0400,2025-05-06,ECHO,293.97269,295.072052,293.682736,294.79,10091
2025-05-06T15:15:00-0400,2025-05-06,AURA,42.812989,42.823421,42.76807,42.78938,23723
2025-05-06T15:15:00-0400,2025-05-06,BOLT,117.252997,117.358192,117.156279,117.240216,15784
2025-05-06T15:15:00-0400,2025-05-06,CRUX,77.653877,77.748791,77.497702,77.597653,48977
2025-05-06T15:15:00-0400,2025-05-06,DUNE,22.093127,22.140968,21.967094,21.978596,75027
2025-05-06T15:15:00-0400,2025-05-06,ECHO,294.384622,295.317707,294.381909,295.092774,9601
2025-05-06T15:20:00-0400,2025-05-06,AURA,42.805448,42.829072,42.736798,42.749399,24653
2025-05-06T15:20:00-0400,2025-05-06,BOLT,117.239867,117.274209,117.22973,117.262643,7957
2025-05-06T15:20:00-0400,2025-05-06,CRUX,77.547913,78.180696,77.514034,78.107371,36762
2025-05-06T15:20:00-0400,2025-05-06,DUNE,21.990761,22.072452,21.987651,22.066111,84463
2025-05-06T15:20:00-0400,2025-05-06,ECHO,295.045103,296.782518,294.56155,295.244491,8960
2025-05-06T15:25:00-0400,2025-05-06,AURA,42.744106,42.744741,42.563116,42.617114,24190
2025-05-06T15:25:00-0400,2025-05-06,BOLT,117.279016,117.439932,117.041634,117.067717,10756
2025-05-06T15:25:00-0400,2025-05-06,CRUX,78.152759,78.333976,77.951098,78.028739,21996
2025-05-06T15:25:00-0400,2025-05-06,DUNE,22.073609,22.190946,22.049141,22.180152,80129
2025-05-06T15:25:00-0400,2025-05-06,ECHO,295.189023,296.905181,294.202132,295.650569,12814
2025-05-06T15:30:00-0400,2025-05-06,AURA,42.621929,42.765464,42.594866,42.737345,28077
2025-05-06T15:30:00-0400,2025-05-06,BOLT,117.111829,117.673475,117.103285,117.672001,17177
2025-05-06T15:30:00-0400,2025-05-06,CRUX,78.046105,78.433847,78.015398,78.386304,31696
2025-05-06T15:30:00-0400,2025-05-06,DUNE,22.163116,22.254608,22.125258,22.201596,71629
2025-05-06T15:30:00-0400,2025-05-06,ECHO,295.121022,297.102538,294.780621,296.593104,7247
2025-05-06T15:35:00-0400,2025-05-06,AURA,42.745407,42.788814,42.638184,42.693274,21796
2025-05-06T15:35:00-0400,2025-05-06,BOLT,117.668917,117.910943,117.585733,117.649779,28354
2025-05-06T15:35:00-0400,2025-05-06,CRUX,78.42843,78.536265,78.382703,78.502705,42254
2025-05-06T15:35:00-0400,2025-05-06,DUNE,22.192977,22.237896,22.091714,22.163991,57331
2025-05-06T15:35:00-0400,2025-05-06,ECHO,296.714194,297.190575,296.60275,296.707895,11295
2025-05-06T15:40:00-0400,2025-05-06,AURA,42.710582,42.743828,42.548709,42.630844,20879
2025-05-06T15:40:00-0400,2025-05-06,BOLT,117.619509,117.735059,117.454924,117.52832,13998
2025-05-06T15:40:00-0400,2025-05-06,CRUX,78.550447,78.917053,78.354583,78.856735,29957
2025-05-06T15:40:00-0400,2025-05-06,DUNE,22.163013,22.185525,22.091914,22.177394,75244
2025-05-06T15:40:00-0400,2025-05-06,ECHO,296.426148,298.66528,296.331655,297.755234,11884
2025-05-06T15:45:00-0400,2025-05-06,AURA,42.660557,42.694451,42.653366,42.680998,62516
2025-05-06T15:45:00-0400,2025-05-06,BOLT,117.630391,117.669073,117.208603,117.442393,11973
2025-05-06T15:45:00-0400,2025-05-06,CRUX,78.866713,79.075847,78.815526,78.937565,36851
2025-05-06T15:45:00-0400,2025-05-06,DUNE,22.144545,22.183405,22.136237,22.139812,83556
2025-05-06T15:45:00-0400,2025-05-06,ECHO,297.600532,298.490798,297.307399,297.462675,8105
2025-05-06T15:50:00-0400,2025-05-06,AURA,42.676994,42.679981,42.664787,42.678632,17711
2025-05-06T15:50:00-0400,2025-05-06,BOLT,117.447305,117.917557,117.446019,117.637159,15526
2025-05-06T15:50:00-0400,2025-05-06,CRUX,78.902482,79.162298,78.786009,79.038117,55152
2025-05-06T15:50:00-0400,2025-05-06,DUNE,22.15958,22.235664,22.071589,22.196529,56132
2025-05-06T15:50:00-0400,2025-05-06,ECHO,297.179494,298.426177,296.090522,296.849814,7955
2025-05-06T15:55:00-0400,2025-05-06,AURA,42.676135,42.772995,42.649962,42.722398,33351
2025-05-06T15:55:00-0400,2025-05-06,BOLT,117.730289,117.891939,117.572108,117.866478,32076
2025-05-06T15:55:00-0400,2025-05-06,CRUX,79.061033,79.31256,78.845176,79.098198,15558
2025-05-06T15:55:00-0400,2025-05-06,DUNE,22.181102,22.313312,22.09445,22.206669,85141
2025-05-06T15:55:00-0400,2025-05-06,ECHO,297.020207,298.122098,296.740784,297.638079,18081
2025-05-07T09:30:00-0400,2025-05-07,AURA,42.535928,42.611547,42.515924,42.606127,36559
2025-05-07T09:30:00-0400,2025-05-07,BOLT,117.364538,118.031587,117.189829,117.973044,15541
2025-05-07T09:30:00-0400,2025-05-07,CRUX,79.055738,79.617105,78.992709,79.464153,39864
2025-05-07T09:30:00-0400,2025-05-07,DUNE,22.009468,22.226896,21.877358,22.198069,67386
2025-05-07T09:30:00-0400,2025-05-07,ECHO,299.384866,299.806886,299.149459,299.16904,10175
2025-05-07T09:35:00-0400,2025-05-07,AURA,42.614627,42.693819,42.590618,42.658839,14571
2025-05-07T09:35:00-0400,2025-05-07,BOLT,117.947416,118.85396,117.941258,118.713324,44110
2025-05-07T09:35:00-0400,2025-05-07,CRUX,79.487673,79.840823,79.228454,79.672637,47200
2025-05-07T09:35:00-0400,2025-05-07,DUNE,22.211003,22.320044,22.201943,22.215426,97130
2025-05-07T09:35:00-0400,2025-05-07,ECHO,298.907966,299.341099,297.666417,298.142457,8608
2025-05-07T09:40:00-0400,2025-05-07,AURA,42.654191,42.667154,42.644548,42.663103,29782
2025-05-07T09:40:00-0400,2025-05-07,BOLT,118.742415,118.873828,118.600487,118.661034,17272
2025-05-07T09:40:00-0400,2025-05-07,CRUX,79.703508,79.836509,79.350592,79.786532,38853
2025-05-07T09:40:00-0400,2025-05-07,DUNE,22.230246,22.235583,22.074451,22.193479,34497
2025-05-07T09:40:00-0400,2025-05-07,ECHO,298.190088,298.739143,297.75712,298.335899,4932
2025-05-07T09:45:00-0400,2025-05-07,AURA,42.660704,42.666224,42.592137,42.638066,18752
2025-05-07T09:45:00-0400,2025-05-07,BOLT,118.65234,118.747561,118.476212,118.518811,20222
2025-05-07T09:45:00-0400,2025-05-07,CRUX,79.813275,79.813399,79.355672,79.427345,32027
2025-05-07T09:45:00-0400,2025-05-07,DUNE,22.223528,22.25957,22.088963,22.118402,64595
2025-05-07T09:45:00-0400,2025-05-07,ECHO,298.356863,299.10826,295.345493,295.638291,8959
2025-05-07T09:50:00-0400,2025-05-07,AURA,42.616881,42.800714,42.570578,42.763476,20182
2025-05-07T09:50:00-0400,2025-05-07,BOLT,118.579764,118.719247,118.39147,118.490556,15163
2025-05-07T09:50:00-0400,2025-05-07,CRUX,79.422412,79.655146,79.350216,79.53373,30555
2025-05-07T09:50:00-0400,2025-05-07,DUNE,22.099503,22.217986,22.045665,22.197977,41460
2025-05-07T09:50:00-0400,2025-05-07,ECHO,295.507763,296.13688,295.368555,295.61596,6124
2025-05-07T09:55:00-0400,2025-05-07,AURA,42.767353,42.805253,42.743472,42.784383,20907
2025-05-07T09:55:00-0400,2025-05-07,BOLT,118.496776,118.927048,118.446359,118.782098,22104
2025-05-07T09:55:00-0400,2025-05-07,CRUX,79.484397,79.829345,79.325171,79.801626,47249
2025-05-07T09:55:00-0400,2025-05-07,DUNE,22.184705,22.469241,22.117737,22.354001,104164
2025-05-07T09:55:00-0400,2025-05-07,ECHO,295.499864,296.81502,294.95987,295.673414,7926
2025-05-07T10:00:00-0400,2025-05-07,AURA,42.788231,42.80878,42.678274,42.738482,24306
2025-05-07T10:00:00-0400,2025-05-07,BOLT,118.754264,118.796638,118.723895,118.78882,22259
2025-05-07T10:00:00-0400,2025-05-07,CRUX,79.826207,79.919991,79.670052,79.711593,40093
2025-05-07T10:00:00-0400,2025-05-07,DUNE,22.382935,22.402011,22.255091,22.312426,53086
2025-05-07T10:00:00-0400,2025-05-07,ECHO,295.919855,296.173949,293.368167,294.507975,12446
2025-05-07T10:05:00-0400,2025-05-07,AURA,42.764381,42.782364,42.598236,42.671468,19275
2025-05-07T10:05:00-0400,2025-05-07,BOLT,118.71128,118.71206,118.392108,118.485993,17110
2025-05-07T10:05:00-0400,2025-05-07,CRUX,79.776374,79.98696,79.308833,79.39451,39340
2025-05-07T10:05:00-0400,2025-05-07,DUNE,22.30923,22.429278,22.24096,22.350387,42066
2025-05-07T10:05:00-0400,2025-05-07,ECHO,294.383973,296.371993,292.062609,295.566406,3894
2025-05-07T10:10:00-0400,2025-05-07,AURA,42.669895,42.730322,42.605564,42.701674,14708
2025-05-07T10:10:00-0400,2025-05-07,BOLT,118.513037,118.672718,118.418116,118.476157,13995
2025-05-07T10:10:00-0400,2025-05-07,CRUX,79.391264,79.400025,78.965801,79.033455,46944
2025-05-07T10:10:00-0400,2025-05-07,DUNE,22.367921,22.379206,22.224468,22.275254,92447
2025-05-07T10:10:00-0400,2025-05-07,ECHO,295.635348,295.748103,292.872102,293.462914,11306
2025-05-07T10:15:00-0400,2025-05-07,AURA,42.700527,42.722185,42.584722,42.600117,24669
2025-05-07T10:15:00-0400,2025-05-07,BOLT,118.480717,118.57792,118.161668,118.254312,26001
2025-05-07T10:15:00-0400,2025-05-07,CRUX,79.052802,79.056094,78.782344,78.821122,20743
2025-05-07T10:15:00-0400,2025-05-07,DUNE,22.283484,22.361243,22.21369,22.349737,132526
2025-05-07T10:15:00-0400,2025-05-07,ECHO,293.524334,293.703478,291.600752,292.097057,7583
2025-05-07T10:20:00-0400,2025-05-07,AURA,42.605951,42.823643,42.541249,42.754914,32166
2025-05-07T10:20:00-0400,2025-05-07,BOLT,118.186156,118.418996,117.954202,118.23485,14944
2025-05-07T10:20:00-0400,2025-05-07,CRUX,78.813198,78.819762,78.560759,78.698903,20413
2025-05-07T10:20:00-0400,2025-05-07,DUNE,22.349,22.357964,22.292384,22.354432,56327
2025-05-07T10:20:00-0400,2025-05-07,ECHO,291.703546,293.023737,291.566491,292.545928,5823
2025-05-07T10:25:00-0400,2025-05-07,AURA,42.763413,42.777237,42.724146,42.730359,18208
2025-05-07T10:25:00-0400,2025-05-07,BOLT,118.359421,118.448842,117.823935,118.091897,8394
2025-05-07T10:25:00-0400,2025-05-07,CRUX,78.70413,78.722317,78.217882,78.250817,23215
2025-05-07T10:25:00-0400,2025-05-07,DUNE,22.353069,22.356059,22.301039,22.332496,72591
2025-05-07T10:25:00-0400,2025-05-07,ECHO,292.310265,293.13329,292.061162,292.225761,9839
2025-05-07T10:30:00-0400,2025-05-07,AURA,42.738597,42.767642,42.629335,42.65575,21026
2025-05-07T10:30:00-0400,2025-05-07,BOLT,118.044935,118.242021,117.53489,117.583601,22703
2025-05-07T10:30:00-0400,2025-05-07,CRUX,78.24242,78.2959,78.057787,78.209796,25397
2025-05-07T10:30:00-0400,2025-05-07,DUNE,22.322621,22.397618,22.272084,22.317912,68987
2025-05-07T10:30:00-0400,2025-05-07,ECHO,292.499662,293.276063,288.775861,289.552687,7466
2025-05-07T10:35:00-0400,2025-05-07,AURA,42.637482,42.650757,42.617044,42.639321,41657
2025-05-07T10:35:00-0400,2025-05-07,BOLT,117.613738,117.627797,117.543997,117.596269,12914
2025-05-07T10:35:00-0400,2025-05-07,CRUX,78.163915,78.279711,77.993622,78.207938,15874
2025-05-07T10:35:00-0400,2025-05-07,DUNE,22.335799,22.474033,22.296785,22.348174,32919
2025-05-07T10:35:00-0400,2025-05-07,ECHO,289.56821,291.301203,286.117781,286.978886,6240
2025-05-07T10:40:00-0400,2025-05-07,AURA,42.638492,42.776581,42.576263,42.726404,10510
2025-05-07T10:40:00-0400,2025-05-07,BOLT,117.600339,117.629529,117.419652,117.608895,9053
2025-05-07T10:40:00-0400,2025-05-07,CRUX,78.21937,78.446359,78.076718,78.384991,33410
2025-05-07T10:40:00-0400,2025-05-07,DUNE,22.336848,22.361024,22.296692,22.307238,51226
2025-05-07T10:40:00-0400,2025-05-07,ECHO,287.012956,288.199032,286.120454,287.424692,7827
2025-05-07T10:45:00-0400,2025-05-07,AURA,42.743715,42.86671,42.728264,42.814202,25327
2025-05-07T10:45:00-0400,2025-05-07,BOLT,117.622762,118.090415,117.437899,117.843308,11897
2025-05-07T10:45:00-0400,2025-05-07,CRUX,78.375745,78.529597,78.213038,78.458073,13403
2025-05-07T10:45:00-0400,2025-05-07,DUNE,22.306198,22.340545,22.292307,22.301522,33300
2025-05-07T10:45:00-0400,2025-05-07,ECHO,287.205405,291.68995,286.766126,291.503295,5125
2025-05-07T10:50:00-0400,2025-05-07,AURA,42.798269,42.876823,42.767685,42.80933,10949
2025-05-07T10:50:00-0400,2025-05-07,BOLT,117.912919,118.600393,117.888591,118.51526,25903
2025-05-07T10:50:00-0400,2025-05-07,CRUX,78.440474,78.449826,78.26037,78.287291,21245
2025-05-07T10:50:00-0400,2025-05-07,DUNE,22.273732,22.363248,22.194326,22.240235,59870
2025-05-07T10:50:00-0400,2025-05-07,ECHO,291.513087,292.833167,290.24826,290.32251,5525
2025-05-07T10:55:00-0400,2025-05-07,AURA,42.809693,42.852928,42.638907,42.698887,27813
2025-05-07T10:55:00-0400,2025-05-07,BOLT,118.487915,118.596348,118.233994,118.526588,8678
2025-05-07T10:55:00-0400,2025-05-07,CRUX,78.303001,78.313696,78.185634,78.309203,19574
2025-05-07T10:55:00-0400,2025-05-07,DUNE,22.231783,22.274522,21.956914,22.017991,46531
2025-05-07T10:55:00-0400,2025-05-07,ECHO,289.796918,290.975073,289.187213,290.062007,5026
2025-05-07T11:00:00-0400,2025-05-07,AURA,42.725033,42.877853,42.716005,42.824642,21180
2025-05-07T11:00:00-0400,2025-05-07,BOLT,118.558558,119.116584,118.553565,118.891249,7879
2025-05-07T11:00:00-0400,2025-05-07,CRUX,78.342629,78.847205,78.098898,78.582295,16824
2025-05-07T11:00:00-0400,2025-05-07,DUNE,22.010359,22.274334,22.004442,22.267447,27211
2025-05-07T11:00:00-0400,2025-05-07,ECHO,289.763209,292.717721,288.848723,291.637828,5683
2025-05-07T11:05:00-0400,2025-05-07,AURA,42.846363,42.971829,42.807218,42.945802,18307
2025-05-07T11:05:00-0400,2025-05-07,BOLT,118.908466,119.31367,118.803437,119.268961,20381
2025-05-07T11:05:00-0400,2025-05-07,CRUX,78.586941,78.73937,78.450842,78.64132,20398
2025-05-07T11:05:00-0400,2025-05-07,DUNE,22.270608,22.310321,22.200359,22.294587,52663
2025-05-07T11:05:00-0400,2025-05-07,ECHO,291.415866,292.791689,289.307218,289.807315,8695
2025-05-07T11:10:00-0400,2025-05-07,AURA,42.944608,43.071009,42.941094,43.053073,9439
2025-05-07T11:10:00-0400,2025-05-07,BOLT,119.267846,119.275468,118.853269,119.128447,16798
2025-05-07T11:10:00-0400,2025-05-07,CRUX,78.676648,78.963238,78.638983,78.955996,17956
2025-05-07T11:10:00-0400,2025-05-07,DUNE,22.279484,22.317795,22.24016,22.255209,34490
2025-05-07T11:10:00-0400,2025-05-07,ECHO,289.80324,291.038408,289.716069,290.151889,2739
2025-05-07T11:15:00-0400,2025-05-07,AURA,43.041912,43.046749,43.016911,43.044011,12228
2025-05-07T11:15:00-0400,2025-05-07,BOLT,119.1679,119.339228,119.070397,119.124249,12819
2025-05-07T11:15:00-0400,2025-05-07,CRUX,78.91641,79.291162,78.876956,79.125508,35243
2025-05-07T11:15:00-0400,2025-05-07,DUNE,22.25235,22.312884,22.132886,22.198471,37983
2025-05-07T11:15:00-0400,2025-05-07,ECHO,289.794302,291.810406,288.990109,290.80616,6828
2025-05-07T11:20:00-0400,2025-05-07,AURA,43.050047,43.092486,43.036403,43.058647,12737
2025-05-07T11:20:00-0400,2025-05-07,BOLT,119.064679,119.327719,118.925473,119.119398,7296
2025-05-07T11:20:00-0400,2025-05-07,CRUX,79.124953,79.456414,79.108276,79.413082,14028
2025-05-07T11:20:00-0400,2025-05-07,DUNE,22.218551,22.251907,22.203512,22.244302,23771
2025-05-07T11:20:00-0400,2025-05-07,ECHO,290.571472,292.605814,290.187506,292.066895,6810
2025-05-07T11:25:00-0400,2025-05-07,AURA,43.048568,43.201465,43.042555,43.153758,9127
2025-05-07T11:25:00-0400,2025-05-07,BOLT,119.124284,119.266651,118.859204,118.967342,8124
2025-05-07T11:25:00-0400,2025-05-07,CRUX,79.393089,79.565624,79.364964,79.45009,20433
2025-05-07T11:25:00-0400,2025-05-07,DUNE,22.225833,22.307013,22.171316,22.244797,54586
2025-05-07T11:25:00-0400,2025-05-07,ECHO,291.86421,293.775989,291.457397,292.971597,5941
2025-05-07T11:30:00-0400,2025-05-07,AURA,43.174133,43.221984,43.166604,43.203443,15053
2025-05-07T11:30:00-0400,2025-05-07,BOLT,118.937343,119.041305,118.364574,118.443506,19853
2025-05-07T11:30:00-0400,2025-05-07,CRUX,79.455134,79.547432,79.193627,79.475049,16625
2025-05-07T11:30:00-0400,2025-05-07,DUNE,22.253411,22.262986,22.112959,22.213974,20468
2025-05-07T11:30:00-0400,2025-05-07,ECHO,293.130912,294.215815,290.320106,290.520324,5720
2025-05-07T11:35:00-0400,2025-05-07,AURA,43.221551,43.268006,43.219138,43.260603,21411
2025-05-07T11:35:00-0400,2025-05-07,BOLT,118.393547,118.543384,118.374553,118.433811,11901
2025-05-07T11:35:00-0400,2025-05-07,CRUX,79.447853,79.49278,79.224286,79.414417,15219
2025-05-07T11:35:00-0400,2025-05-07,DUNE,22.222511,22.311196,22.180801,22.210232,20650
2025-05-07T11:35:00-0400,2025-05-07,ECHO,290.770178,290.895747,287.831809,289.491834,5502
2025-05-07T11:40:00-0400,2025-05-07,AURA,43.276278,43.287192,43.077895,43.140671,13243
2025-05-07T11:40:00-0400,2025-05-07,BOLT,118.40097,118.597033,118.119618,118.368478,7569
2025-05-07T11:40:00-0400,2025-05-07,CRUX,79.415708,79.648523,79.231776,79.293513,25341
2025-05-07T11:40:00-0400,2025-05-07,DUNE,22.198896,22.210596,22.078979,22.198872,46191
2025-05-07T11:40:00-0400,2025-05-07,ECHO,289.889656,291.715628,289.833015,290.61579,7393
2025-05-07T11:45:00-0400,2025-05-07,AURA,43.142786,43.170436,43.102507,43.115565,24963
2025-05-07T11:45:00-0400,2025-05-07,BOLT,118.382166,118.53569,118.273779,118.45625,10819
2025-05-07T11:45:00-0400,2025-05-07,CRUX,79.331201,79.450698,78.969121,79.099163,29382
2025-05-07T11:45:00-0400,2025-05-07,DUNE,22.209198,22.23408,22.156559,22.224633,35662
2025-05-07T11:45:00-0400,2025-05-07,ECHO,290.241077,290.253893,288.977098,289.955672,4049
2025-05-07T11:50:00-0400,2025-05-07,AURA,43.103078,43.160398,42.892523,42.908103,12534
2025-05-07T11:50:00-0400,2025-05-07,BOLT,118.406256,118.520687,118.062444,118.181551,6081
2025-05-07T11:50:00-0400,2025-05-07,CRUX,79.020967,79.209217,78.814319,78.868195,14540
2025-05-07T11:50:00-0400,2025-05-07,DUNE,22.22453,22.264048,22.131622,22.231593,18384
2025-05-07T11:50:00-0400,2025-05-07,ECHO,290.20493,292.059309,290.079361,291.041534,4973
2025-05-07T11:55:00-0400,2025-05-07,AURA,42.913571,43.030976,42.902698,42.984854,11485
2025-05-07T11:55:00-0400,2025-05-07,BOLT,118.275146,118.456069,117.925081,118.034315,10698
2025-05-07T11:55:00-0400,2025-05-07,CRUX,78.825983,79.391108,78.760814,79.332645,10456
2025-05-07T11:55:00-0400,2025-05-07,DUNE,22.219771,22.243613,22.175886,22.234474,29716
2025-05-07T11:55:00-0400,2025-05-07,ECHO,291.218103,295.08026,290.518441,295.007106,5064
2025-05-07T12:00:00-0400,2025-05-07,AURA,42.998562,43.080229,42.966284,43.076308,17353
2025-05-07T12:00:00-0400,2025-05-07,BOLT,118.071368,118.391623,117.989571,118.152528,6065
2025-05-07T12:00:00-0400,2025-05-07,CRUX,79.384085,79.462207,79.237637,79.330608,14548
2025-05-07T12:00:00-0400,2025-05-07,DUNE,22.210339,22.217871,22.161473,22.161704,31457
2025-05-07T12:00:00-0400,2025-05-07,ECHO,295.096951,295.468579,291.577178,292.758968,8541
2025-05-07T12:05:00-0400,2025-05-07,AURA,43.084242,43.11053,43.043649,43.09919,7841
2025-05-07T12:05:00-0400,2025-05-07,BOLT,118.134191,118.523153,118.120607,118.454192,14876
2025-05-07T12:05:00-0400,2025-05-07,CRUX,79.265753,79.327113,79.055789,79.123642,25421
2025-05-07T12:05:00-0400,2025-05-07,DUNE,22.147473,22.225487,22.002353,22.018491,47129
2025-05-07T12:05:00-0400,2025-05-07,ECHO,292.685944,293.770755,292.497337,293.348625,4064
2025-05-07T12:10:00-0400,2025-05-07,AURA,43.106376,43.16387,42.98852,43.05055,16915
2025-05-07T12:10:00-0400,2025-05-07,BOLT,118.492354,118.693475,118.375416,118.690488,9423
2025-05-07T12:10:00-0400,2025-05-07,CRUX,79.084465,79.46664,78.990828,79.394484,11346
2025-05-07T12:10:00-0400,2025-05-07,DUNE,22.025374,22.084563,22.023956,22.07825,19519
2025-05-07T12:10:00-0400,2025-05-07,ECHO,293.370104,293.526317,291.535613,292.495493,3690
2025-05-07T12:15:00-0400,2025-05-07,AURA,43.05624,43.082851,42.924484,42.982957,26728
2025-05-07T12:15:00-0400,2025-05-07,BOLT,118.637682,118.784192,118.609399,118.704868,11202
2025-05-07T12:15:00-0400,2025-05-07,CRUX,79.375007,79.484673,79.288342,79.45392,12932
2025-05-07T12:15:00-0400,2025-05-07,DUNE,22.094303,22.213823,22.074592,22.190334,38177
2025-05-07T12:15:00-0400,2025-05-07,ECHO,292.118679,295.819138,291.194759,295.758985,4317
2025-05-07T12:20:00-0400,2025-05-07,AURA,42.98813,43.017236,42.942197,43.010027,10635
2025-05-07T12:20:00-0400,2025-05-07,BOLT,118.72509,119.019794,118.412128,118.973337,6801
2025-05-07T12:20:00-0400,2025-05-07,CRUX,79.441327,79.675224,79.27311,79.662756,34399
2025-05-07T12:20:00-0400,2025-05-07,DUNE,22.173218,22.236639,22.14446,22.207474,28509
2025-05-07T12:20:00-0400,2025-05-07,ECHO,295.723639,297.628987,295.319369,297.356004,2986
2025-05-07T12:25:00-0400,2025-05-07,AURA,43.008214,43.033935,42.968776,42.989857,8442
2025-05-07T12:25:00-0400,2025-05-07,BOLT,119.017199,119.018522,118.539589,118.67572,4630
2025-05-07T12:25:00-0400,2025-05-07,CRUX,79.729207,79.88516,79.177709,79.244316,16895
2025-05-07T12:25:00-0400,2025-05-07,DUNE,22.191651,22.238924,22.028825,22.055797,23280
2025-05-07T12:25:00-0400,2025-05-07,ECHO,297.22675,298.487005,296.402464,298.143476,6675
2025-05-07T12:30:00-0400,2025-05-07,AURA,43.014727,43.052855,43.006266,43.010792,10435
2025-05-07T12:30:00-0400,2025-05-07,BOLT,118.665595,119.043339,118.258031,119.004087,12477
2025-05-07T12:30:00-0400,2025-05-07,CRUX,79.219266,79.369791,79.147751,79.229623,24901
2025-05-07T12:30:00-0400,2025-05-07,DUNE,22.072579,22.32889,21.998118,22.233892,37227
2025-05-07T12:30:00-0400,2025-05-07,ECHO,297.862734,298.274687,296.644243,298.103302,2618
2025-05-07T12:35:00-0400,2025-05-07,AURA,43.003285,43.040182,42.861499,42.949189,8783
2025-05-07T12:35:00-0400,2025-05-07,BOLT,118.990542,119.569783,118.83914,119.462151,8607
2025-05-07T12:35:00-0400,2025-05-07,CRUX,79.19975,79.259761,79.194699,79.238086,28070
2025-05-07T12:35:00-0400,2025-05-07,DUNE,22.223371,22.259208,22.13547,22.244052,42301
2025-05-07T12:35:00-0400,2025-05-07,ECHO,297.871728,299.211395,294.582182,296.068377,2222
2025-05-07T12:40:00-0400,2025-05-07,AURA,42.950806,42.977717,42.941891,42.949338,13904
2025-05-07T12:40:00-0400,2025-05-07,BOLT,119.456151,119.647841,119.350922,119.527096,8226
2025-05-07T12:40:00-0400,2025-05-07,CRUX,79.255805,79.688605,79.016227,79.504584,12100
2025-05-07T12:40:00-0400,2025-05-07,DUNE,22.223797,22.353192,22.215817,22.329905,45699
2025-05-07T12:40:00-0400,2025-05-07,ECHO,295.580958,296.698991,294.527591,296.275868,2649
2025-05-07T12:45:00-0400,2025-05-07,AURA,42.960821,42.98742,42.863295,42.89721,7534
2025-05-07T12:45:00-0400,2025-05-07,BOLT,119.603061,120.055571,119.484224,119.77645,15853
2025-05-07T12:45:00-0400,2025-05-07,CRUX,79.52279,79.565961,79.300603,79.348666,16836
2025-05-07T12:45:00-0400,2025-05-07,DUNE,22.324825,22.344117,22.236073,22.247537,22703
2025-05-07T12:45:00-0400,2025-05-07,ECHO,296.733394,297.370175,296.09909,297.31591,3486
2025-05-07T12:50:00-0400,2025-05-07,AURA,42.889663,43.05253,42.884289,43.003211,10875
2025-05-07T12:50:00-0400,2025-05-07,BOLT,119.783644,120.203736,119.563806,120.043803,5644
2025-05-07T12:50:00-0400,2025-05-07,CRUX,79.314639,79.639048,79.099801,79.623507,33900
2025-05-07T12:50:00-0400,2025-05-07,DUNE,22.239281,22.315345,22.234136,22.28966,31168
2025-05-07T12:50:00-0400,2025-05-07,ECHO,297.410539,300.360524,297.388313,300.25586,5887
2025-05-07T12:55:00-0400,2025-05-07,AURA,43.001399,43.017014,42.914918,42.958291,13595
2025-05-07T12:55:00-0400,2025-05-07,BOLT,119.998952,120.532302,119.961333,120.392531,15950
2025-05-07T12:55:00-0400,2025-05-07,CRUX,79.624969,79.869507,79.608813,79.780589,8603
2025-05-07T12:55:00-0400,2025-05-07,DUNE,22.295363,22.386733,22.192642,22.201388,34907
2025-05-07T12:55:00-0400,2025-05-07,ECHO,300.100268,300.373055,298.867048,299.00929,3985
2025-05-07T13:00:00-0400,2025-05-07,AURA,42.975244,43.02478,42.906547,42.929771,17198
2025-05-07T13:00:00-0400,2025-05-07,BOLT,120.347823,120.524376,119.802581,119.929137,19809
2025-05-07T13:00:00-0400,2025-05-07,CRUX,79.779951,79.956049,79.75916,79.828654,17269
2025-05-07T13:00:00-0400,2025-05-07,DUNE,22.212437,22.271526,22.20044,22.269945,44539
2025-05-07T13:00:00-0400,2025-05-07,ECHO,299.045169,299.658495,298.714253,299.51633,2546
2025-05-07T13:05:00-0400,2025-05-07,AURA,42.931127,43.062564,42.921871,42.975496,6643
2025-05-07T13:05:00-0400,2025-05-07,BOLT,119.951751,120.645483,119.88803,120.5705,13810
2025-05-07T13:05:00-0400,2025-05-07,CRUX,79.833931,80.313329,79.772884,80.231933,21135
2025-05-07T13:05:00-0400,2025-05-07,DUNE,22.267057,22.317088,22.202468,22.29922,19867
2025-05-07T13:05:00-0400,2025-05-07,ECHO,299.118571,301.63785,298.322618,299.157126,4823
2025-05-07T13:10:00-0400,2025-05-07,AURA,42.984625,43.03571,42.951125,42.983746,18130
2025-05-07T13:10:00-0400,2025-05-07,BOLT,120.53578,120.802239,120.456818,120.800787,11698
2025-05-07T13:10:00-0400,2025-05-07,CRUX,80.277213,80.404427,80.221004,80.32507,12005
2025-05-07T13:10:00-0400,2025-05-07,DUNE,22.31863,22.4617,22.283367,22.403481,20986
2025-05-07T13:10:00-0400,2025-05-07,ECHO,298.846113,299.498719,297.839321,299.219516,3207
2025-05-07T13:15:00-0400,2025-05-07,AURA,42.98337,43.028713,42.81008,42.902484,11676
2025-05-07T13:15:00-0400,2025-05-07,BOLT,120.802419,120.929758,120.511041,120.628978,5612
2025-05-07T13:15:00-0400,2025-05-07,CRUX,80.292965,80.418808,79.673552,79.859705,9580
2025-05-07T13:15:00-0400,2025-05-07,DUNE,22.388105,22.457728,22.223419,22.299279,25719
2025-05-07T13:15:00-0400,2025-05-07,ECHO,299.443777,299.624226,295.08545,296.20969,5682
2025-05-07T13:20:00-0400,2025-05-07,AURA,42.913098,42.96621,42.822769,42.865195,15476
2025-05-07T13:20:00-0400,2025-05-07,BOLT,120.561863,120.603805,119.900551,120.019627,12007
2025-05-07T13:20:00-0400,2025-05-07,CRUX,79.907273,79.955196,79.456782,79.527918,19354
2025-05-07T13:20:00-0400,2025-05-07,DUNE,22.273064,22.342996,22.241224,22.270914,32121
2025-05-07T13:20:00-0400,2025-05-07,ECHO,296.481116,297.448069,294.840333,295.487184,6067
2025-05-07T13:25:00-0400,2025-05-07,AURA,42.85521,42.993872,42.78364,42.924403,13708
2025-05-07T13:25:00-0400,2025-05-07,BOLT,119.975259,120.363928,119.900431,120.238463,8320
2025-05-07T13:25:00-0400,2025-05-07,CRUX,79.533891,79.616588,79.320595,79.589592,19232
2025-05-07T13:25:00-0400,2025-05-07,DUNE,22.246304,22.33631,22.219495,22.325381,20244
2025-05-07T13:25:00-0400,2025-05-07,ECHO,295.881855,298.118727,295.299182,297.237898,5131
2025-05-07T13:30:00-0400,2025-05-07,AURA,42.935038,42.958987,42.887139,42.899483,15153
2025-05-07T13:30:00-0400,2025-05-07,BOLT,120.252777,120.33194,120.030969,120.231251,11994
2025-05-07T13:30:00-0400,2025-05-07,CRUX,79.595545,79.606248,79.505444,79.55623,16653
2025-05-07T13:30:00-0400,2025-05-07,DUNE,22.304137,22.340407,22.300664,22.311853,21292
2025-05-07T13:30:00-0400,2025-05-07,ECHO,296.586767,297.035629,293.47894,295.04778,3809
2025-05-07T13:35:00-0400,2025-05-07,AURA,42.906484,43.017721,42.854186,43.008453,8707
2025-05-07T13:35:00-0400,2025-05-07,BOLT,120.249991,120.272715,120.212435,120.222973,8169
2025-05-07T13:35:00-0400,2025-05-07,CRUX,79.589157,79.943709,79.411958,79.827428,11059
2025-05-07T13:35:00-0400,2025-05-07,DUNE,22.315566,22.383033,22.308358,22.346933,42119
2025-05-07T13:35:00-0400,2025-05-07,ECHO,295.081703,295.208345,294.345614,294.396149,5910
2025-05-07T13:40:00-0400,2025-05-07,AURA,43.019577,43.04941,42.900286,42.937115,9444
2025-05-07T13:40:00-0400,2025-05-07,BOLT,120.206961,120.271904,119.665648,119.72878,7552
2025-05-07T13:40:00-0400,2025-05-07,CRUX,79.832004,79.942063,79.752084,79.82318,13413
2025-05-07T13:40:00-0400,2025-05-07,DUNE,22.329203,22.34255,22.21772,22.294222,29017
2025-05-07T13:40:00-0400,2025-05-07,ECHO,294.686042,297.022382,293.476054,296.543971,3600
2025-05-07T13:45:00-0400,2025-05-07,AURA,42.934602,43.032387,42.911665,43.019822,20757
2025-05-07T13:45:00-0400,2025-05-07,BOLT,119.750822,119.997539,119.254248,119.493642,7769
2025-05-07T13:45:00-0400,2025-05-07,CRUX,79.765577,79.809173,79.497787,79.615404,9810
2025-05-07T13:45:00-0400,2025-05-07,DUNE,22.282976,22.285195,22.05359,22.102019,48842
2025-05-07T13:45:00-0400,2025-05-07,ECHO,296.240319,297.484399,295.96023,296.633326,4984
2025-05-07T13:50:00-0400,2025-05-07,AURA,43.006018,43.034517,42.862915,42.952177,17356
2025-05-07T13:50:00-0400,2025-05-07,BOLT,119.502374,119.703621,119.16254,119.600764,6696
2025-05-07T13:50:00-0400,2025-05-07,CRUX,79.625669,80.10481,79.514237,80.026337,16150
2025-05-07T13:50:00-0400,2025-05-07,DUNE,22.090938,22.220897,21.977461,22.168962,33058
2025-05-07T13:50:00-0400,2025-05-07,ECHO,296.685699,299.320307,295.407563,298.420855,7491
2025-05-07T13:55:00-0400,2025-05-07,AURA,42.950463,43.141162,42.858384,43.095808,11935
2025-05-07T13:55:00-0400,2025-05-07,BOLT,119.574737,120.083132,119.571078,120.053599,9575
2025-05-07T13:55:00-0400,2025-05-07,CRUX,79.983052,80.247229,79.928433,80.036595,14876
2025-05-07T13:55:00-0400,2025-05-07,DUNE,22.195108,22.227613,22.163283,22.166797,38406
2025-05-07T13:55:00-0400,2025-05-07,ECHO,298.366457,300.607663,297.660109,299.852766,9150
2025-05-07T14:00:00-0400,2025-05-07,AURA,43.084871,43.100594,43.026517,43.055789,20829
2025-05-07T14:00:00-0400,2025-05-07,BOLT,120.109195,120.470262,120.037812,120.12926,6956
2025-05-07T14:00:00-0400,2025-05-07,CRUX,80.031027,80.150602,79.939164,80.096109,19716
2025-05-07T14:00:00-0400,2025-05-07,DUNE,22.19489,22.207131,22.135026,22.156061,29819
2025-05-07T14:00:00-0400,2025-05-07,ECHO,299.771145,302.012736,299.255594,301.785096,2882
2025-05-07T14:05:00-0400,2025-05-07,AURA,43.065472,43.147582,43.010944,43.096163,16857
2025-05-07T14:05:00-0400,2025-05-07,BOLT,120.121243,120.429586,119.982417,120.29152,15516
2025-05-07T14:05:00-0400,2025-05-07,CRUX,80.089978,80.095895,79.866857,80.051686,24112
2025-05-07T14:05:00-0400,2025-05-07,DUNE,22.135542,22.144293,21.983159,22.0185,40936
2025-05-07T14:05:00-0400,2025-05-07,ECHO,301.727835,301.760938,300.545466,301.016289,4234
2025-05-07T14:10:00-0400,2025-05-07,AURA,43.101153,43.120787,42.980863,43.011337,25244
2025-05-07T14:10:00-0400,2025-05-07,BOLT,120.310425,120.435443,120.297777,120.323008,14704
2025-05-07T14:10:00-0400,2025-05-07,CRUX,80.012053,80.330137,80.010946,80.206852,20062
2025-05-07T14:10:00-0400,2025-05-07,DUNE,22.014033,22.082057,22.000842,22.028988,47133
2025-05-07T14:10:00-0400,2025-05-07,ECHO,301.150567,301.485253,299.780077,300.13799,6899
2025-05-07T14:15:00-0400,2025-05-07,AURA,43.027193,43.085749,43.015197,43.049995,16925
2025-05-07T14:15:00-0400,2025-05-07,BOLT,120.301832,120.421108,119.651312,119.883879,9693
2025-05-07T14:15:00-0400,2025-05-07,CRUX,80.203123,80.245997,79.673644,79.772289,20643
2025-05-07T14:15:00-0400,2025-05-07,DUNE,22.024911,22.041839,21.788104,21.90799,49352
2025-05-07T14:15:00-0400,2025-05-07,ECHO,300.104313,300.38326,297.31247,298.359772,4381
2025-05-07T14:20:00-0400,2025-05-07,AURA,43.040094,43.052834,42.865054,42.904378,13272
2025-05-07T14:20:00-0400,2025-05-07,BOLT,119.91107,119.920946,119.420188,119.426811,11950
2025-05-07T14:20:00-0400,2025-05-07,CRUX,79.757321,79.795842,79.450113,79.475941,17667
2025-05-07T14:20:00-0400,2025-05-07,DUNE,21.923501,22.029129,21.745235,21.79075,43597
2025-05-07T14:20:00-0400,2025-05-07,ECHO,298.193135,298.941675,295.327087,296.147791,3526
2025-05-07T14:25:00-0400,2025-05-07,AURA,42.915262,42.919244,42.895971,42.904043,12693
2025-05-07T14:25:00-0400,2025-05-07,BOLT,119.423384,119.545113,119.136533,119.264868,9823
2025-05-07T14:25:00-0400,2025-05-07,CRUX,79.500957,79.71941,79.362206,79.631146,30297
2025-05-07T14:25:00-0400,2025-05-07,DUNE,21.777567,21.827641,21.714319,21.800626,33970
2025-05-07T14:25:00-0400,2025-05-07,ECHO,296.530074,296.736921,295.57513,295.854068,4322
2025-05-07T14:30:00-0400,2025-05-07,AURA,42.885716,42.901613,42.819125,42.890595,15760
2025-05-07T14:30:00-0400,2025-05-07,BOLT,119.287191,119.501683,119.159463,119.494103,18960
2025-05-07T14:30:00-0400,2025-05-07,CRUX,79.669627,79.985972,79.619479,79.90574,27922
2025-05-07T14:30:00-0400,2025-05-07,DUNE,21.792664,21.880481,21.771826,21.773412,35096
2025-05-07T14:30:00-0400,2025-05-07,ECHO,295.734195,299.656876,294.776778,298.408886,9249
2025-05-07T14:35:00-0400,2025-05-07,AURA,42.90636,42.994407,42.878321,42.963388,24270
2025-05-07T14:35:00-0400,2025-05-07,BOLT,119.495099,119.900223,119.221942,119.662386,13482
2025-05-07T14:35:00-0400,2025-05-07,CRUX,79.947522,79.993139,79.732265,79.950418,29934
2025-05-07T14:35:00-0400,2025-05-07,DUNE,21.760345,21.81041,21.655464,21.661346,49301
2025-05-07T14:35:00-0400,2025-05-07,ECHO,298.521381,299.159554,296.319032,296.746353,6917
2025-05-07T14:40:00-0400,2025-05-07,AURA,42.960418,42.988531,42.77933,42.826741,18984
2025-05-07T14:40:00-0400,2025-05-07,BOLT,119.652155,119.867205,119.144745,119.237361,10289
2025-05-07T14:40:00-0400,2025-05-07,CRUX,80.009598,80.066013,79.960449,79.988848,29642
2025-05-07T14:40:00-0400,2025-05-07,DUNE,21.676471,21.730958,21.538351,21.570478,75181
2025-05-07T14:40:00-0400,2025-05-07,ECHO,296.982772,297.316359,294.123347,295.169727,6600
2025-05-07T14:45:00-0400,2025-05-07,AURA,42.817142,42.883381,42.810148,42.845162,12193
2025-05-07T14:45:00-0400,2025-05-07,BOLT,119.248223,119.334195,119.131938,119.180642,18588
2025-05-07T14:45:00-0400,2025-05-07,CRUX,80.083637,80.173608,79.942156,79.949173,32612
2025-05-07T14:45:00-0400,2025-05-07,DUNE,21.577178,21.590527,21.576874,21.585171,45569
2025-05-07T14:45:00-0400,2025-05-07,ECHO,295.083297,296.363156,295.04685,295.372323,5627
2025-05-07T14:50:00-0400,2025-05-07,AURA,42.834531,42.87696,42.809779,42.869134,19297
2025-05-07T14:50:00-0400,2025-05-07,BOLT,119.16691,119.195874,118.916026,118.929316,8722
2025-05-07T14:50:00-0400,2025-05-07,CRUX,79.967845,80.070494,79.901985,79.908165,22705
2025-05-07T14:50:00-0400,2025-05-07,DUNE,21.575315,21.582752,21.513427,21.518788,70665
2025-05-07T14:50:00-0400,2025-05-07,ECHO,295.34597,296.801544,292.684301,293.129006,7422
2025-05-07T14:55:00-0400,2025-05-07,AURA,42.869418,43.024128,42.741902,42.937948,21694
2025-05-07T14:55:00-0400,2025-05-07,BOLT,118.97679,119.222192,118.768117,119.156247,5715
2025-05-07T14:55:00-0400,2025-05-07,CRUX,79.927413,80.663759,79.748204,80.565305,24246
2025-05-07T14:55:00-0400,2025-05-07,DUNE,21.531747,21.803831,21.504848,21.788302,49264
2025-05-07T14:55:00-0400,2025-05-07,ECHO,293.304237,297.673262,293.018185,296.088174,9795
2025-05-07T15:00:00-0400,2025-05-07,AURA,42.933509,42.954239,42.80762,42.825306,14388
2025-05-07T15:00:00-0400,2025-05-07,BOLT,119.147164,119.186745,118.34322,118.480365,10303
2025-05-07T15:00:00-0400,2025-05-07,CRUX,80.522159,80.567119,80.264478,80.268733,23818
2025-05-07T15:00:00-0400,2025-05-07,DUNE,21.780523,21.832812,21.652053,21.660631,45986
2025-05-07T15:00:00-0400,2025-05-07,ECHO,295.749948,295.932764,292.983559,293.908485,8731
2025-05-07T15:05:00-0400,2025-05-07,AURA,42.826972,42.886076,42.727681,42.745842,31318
2025-05-07T15:05:00-0400,2025-05-07,BOLT,118.541212,118.810221,118.421339,118.486272,8558
2025-05-07T15:05:00-0400,2025-05-07,CRUX,80.265012,80.332417,80.182264,80.287917,45731
2025-05-07T15:05:00-0400,2025-05-07,DUNE,21.666396,21.742938,21.552899,21.60405,53082
2025-05-07T15:05:00-0400,2025-05-07,ECHO,294.265066,296.93576,293.609502,296.112486,8824
2025-05-07T15:10:00-0400,2025-05-07,AURA,42.757754,42.778773,42.645722,42.660318,9834
2025-05-07T15:10:00-0400,2025-05-07,BOLT,118.585214,118.648391,118.159666,118.209306,15812
2025-05-07T15:10:00-0400,2025-05-07,CRUX,80.273141,80.467282,80.195795,80.282492,24906
2025-05-07T15:10:00-0400,2025-05-07,DUNE,21.612792,21.692104,21.55807,21.633093,108906
2025-05-07T15:10:00-0400,2025-05-07,ECHO,295.880307,296.481135,293.963719,294.402126,11444
2025-05-07T15:15:00-0400,2025-05-07,AURA,42.671473,42.695909,42.651133,42.668839,13960
2025-05-07T15:15:00-0400,2025-05-07,BOLT,118.217213,118.294012,117.621959,117.78148,10257
2025-05-07T15:15:00-0400,2025-05-07,CRUX,80.236916,80.244808,79.932802,80.074409,22477
2025-05-07T15:15:00-0400,2025-05-07,DUNE,21.614026,21.631004,21.47397,21.574264,56078
2025-05-07T15:15:00-0400,2025-05-07,ECHO,294.806263,294.892764,292.724398,293.70143,6053
2025-05-07T15:20:00-0400,2025-05-07,AURA,42.661245,42.762482,42.593682,42.753993,9569
2025-05-07T15:20:00-0400,2025-05-07,BOLT,117.747243,117.942262,117.653315,117.822775,19715
2025-05-07T15:20:00-0400,2025-05-07,CRUX,80.028584,80.252591,79.999468,80.186396,35143
2025-05-07T15:20:00-0400,2025-05-07,DUNE,21.579609,21.650478,21.515524,21.517744,150891
2025-05-07T15:20:00-0400,2025-05-07,ECHO,294.019403,295.809318,293.195803,295.092103,11060
2025-05-07T15:25:00-0400,2025-05-07,AURA,42.780839,42.802119,42.758204,42.794941,10897
2025-05-07T15:25:00-0400,2025-05-07,BOLT,117.847251,117.887334,117.712644,117.717139,13312
2025-05-07T15:25:00-0400,2025-05-07,CRUX,80.193597,80.361445,79.876444,79.981338,25355
2025-05-07T15:25:00-0400,2025-05-07,DUNE,21.530544,21.533448,21.494465,21.514649,71246
2025-05-07T15:25:00-0400,2025-05-07,ECHO,295.292279,297.932864,294.107158,296.667772,10940
2025-05-07T15:30:00-0400,2025-05-07,AURA,42.797259,42.798608,42.711014,42.747032,20498
2025-05-07T15:30:00-0400,2025-05-07,BOLT,117.723116,118.010818,117.598756,117.80354,19826
2025-05-07T15:30:00-0400,2025-05-07,CRUX,79.97358,80.22459,79.959384,80.196508,18700
2025-05-07T15:30:00-0400,2025-05-07,DUNE,21.513385,21.521715,21.449822,21.456972,84795
2025-05-07T15:30:00-0400,2025-05-07,ECHO,296.352061,297.49713,296.212277,297.172456,11668
2025-05-07T15:35:00-0400,2025-05-07,AURA,42.754791,42.778529,42.715387,42.739819,26102
2025-05-07T15:35:00-0400,2025-05-07,BOLT,117.847179,118.290418,117.811064,118.130571,22596
2025-05-07T15:35:00-0400,2025-05-07,CRUX,80.148314,80.443463,80.101512,80.399371,51243
2025-05-07T15:35:00-0400,2025-05-07,DUNE,21.450904,21.473917,21.389326,21.423839,170220
2025-05-07T15:35:00-0400,2025-05-07,ECHO,297.397215,300.44061,296.553914,299.829798,9757
2025-05-07T15:40:00-0400,2025-05-07,AURA,42.731263,42.810713,42.656388,42.700297,28708
2025-05-07T15:40:00-0400,2025-05-07,BOLT,118.056372,118.633074,117.913498,118.587721,15965
2025-05-07T15:40:00-0400,2025-05-07,CRUX,80.427342,80.767777,80.305829,80.686779,30590
2025-05-07T15:40:00-0400,2025-05-07,DUNE,21.402957,21.533332,21.319746,21.489994,50255
2025-05-07T15:40:00-0400,2025-05-07,ECHO,299.675663,302.460486,298.017948,301.610503,7646
2025-05-07T15:45:00-0400,2025-05-07,AURA,42.722563,42.736643,42.672892,42.732989,39252
2025-05-07T15:45:00-0400,2025-05-07,BOLT,118.558157,118.561548,118.522452,118.53665,21208
2025-05-07T15:45:00-0400,2025-05-07,CRUX,80.648852,81.006027,80.399296,80.820985,31275
2025-05-07T15:45:00-0400,2025-05-07,DUNE,21.515291,21.570621,21.442152,21.446657,109961
2025-05-07T15:45:00-0400,2025-05-07,ECHO,302.053241,303.587089,301.243641,303.26573,4945
2025-05-07T15:50:00-0400,2025-05-07,AURA,42.725495,42.823073,42.713983,42.80329,21138
2025-05-07T15:50:00-0400,2025-05-07,BOLT,118.503254,118.678901,118.173777,118.334993,29443
2025-05-07T15:50:00-0400,2025-05-07,CRUX,80.833575,80.92575,80.497919,80.752735,23085
2025-05-07T15:50:00-0400,2025-05-07,DUNE,21.459296,21.527437,21.459068,21.513969,94146
2025-05-07T15:50:00-0400,2025-05-07,ECHO,303.399832,304.870977,301.979694,302.512826,7564
2025-05-07T15:55:00-0400,2025-05-07,AURA,42.800941,42.814371,42.685058,42.691895,34989
2025-05-07T15:55:00-0400,2025-05-07,BOLT,118.3207,118.689766,118.25485,118.354858,17114
2025-05-07T15:55:00-0400,2025-05-07,CRUX,80.776348,81.246602,80.66584,81.049375,38051
2025-05-07T15:55:00-0400,2025-05-07,DUNE,21.515472,21.553146,21.430088,21.457477,59519
2025-05-07T15:55:00-0400,2025-05-07,ECHO,302.791782,303.401989,299.198748,299.873721,4073
2025-05-08T09:30:00-0400,2025-05-08,AURA,42.847705,42.863101,42.781527,42.799864,20206
2025-05-08T09:30:00-0400,2025-05-08,BOLT,120.318883,120.40522,119.815724,119.862536,19676
2025-05-08T09:30:00-0400,2025-05-08,CRUX,82.084909,82.132846,81.802013,81.952783,46304
2025-05-08T09:30:00-0400,2025-05-08,DUNE,21.895348,21.910138,21.840772,21.851694,80571
2025-05-08T09:30:00-0400,2025-05-08,ECHO,306.097732,306.699639,304.663043,305.679603,9785
2025-05-08T09:35:00-0400,2025-05-08,AURA,42.773511,42.948331,42.699675,42.932851,15201
2025-05-08T09:35:00-0400,2025-05-08,BOLT,119.866759,119.897053,119.838938,119.862194,13563
2025-05-08T09:35:00-0400,2025-05-08,CRUX,81.968998,81.999308,81.292332,81.484291,40118
2025-05-08T09:35:00-0400,2025-05-08,DUNE,21.855352,21.85961,21.625229,21.691712,81381
2025-05-08T09:35:00-0400,2025-05-08,ECHO,305.617937,310.143053,304.905615,308.221182,5099
2025-05-08T09:40:00-0400,2025-05-08,AURA,42.942349,42.955733,42.804503,42.834005,25522
2025-05-08T09:40:00-0400,2025-05-08,BOLT,119.896792,120.104027,119.624346,119.677102,17522
2025-05-08T09:40:00-0400,2025-05-08,CRUX,81.498674,81.622846,81.117612,81.142578,33429
2025-05-08T09:40:00-0400,2025-05-08,DUNE,21.72086,21.729972,21.547029,21.577287,62832
2025-05-08T09:40:00-0400,2025-05-08,ECHO,308.020401,308.880892,304.142293,304.269826,5516
2025-05-08T09:45:00-0400,2025-05-08,AURA,42.825106,42.826068,42.725703,42.800679,32895
2025-05-08T09:45:00-0400,2025-05-08,BOLT,119.654247,119.740881,119.386096,119.476711,23012
2025-05-08T09:45:00-0400,2025-05-08,CRUX,81.09396,81.233273,80.70475,80.831922,56744
2025-05-08T09:45:00-0400,2025-05-08,DUNE,21.565322,21.567118,21.409809,21.494471,78425
2025-05-08T09:45:00-0400,2025-05-08,ECHO,304.3112,306.643936,301.587736,306.367778,14218
2025-05-08T09:50:00-0400,2025-05-08,AURA,42.797143,42.817508,42.645937,42.769914,28921
2025-05-08T09:50:00-0400,2025-05-08,BOLT,119.442279,119.717414,119.340124,119.55141,38813
2025-05-08T09:50:00-0400,2025-05-08,CRUX,80.876752,81.072052,80.770264,80.822386,13595
2025-05-08T09:50:00-0400,2025-05-08,DUNE,21.487829,21.559255,21.34441,21.427887,77146
2025-05-08T09:50:00-0400,2025-05-08,ECHO,306.340473,308.046966,306.300196,306.845661,12286
2025-05-08T09:55:00-0400,2025-05-08,AURA,42.792056,42.93183,42.750014,42.908776,10694
2025-05-08T09:55:00-0400,2025-05-08,BOLT,119.598202,119.777107,119.544737,119.699806,23356
2025-05-08T09:55:00-0400,2025-05-08,CRUX,80.7224,81.091804,80.670568,81.016216,26536
2025-05-08T09:55:00-0400,2025-05-08,DUNE,21.390673,21.576104,21.376019,21.565489,23579
2025-05-08T09:55:00-0400,2025-05-08,ECHO,306.724069,307.074131,304.633397,306.133197,9230
2025-05-08T10:00:00-0400,2025-05-08,AURA,42.921971,42.931549,42.821141,42.862946,27828
2025-05-08T10:00:00-0400,2025-05-08,BOLT,119.745787,120.127418,119.460151,119.610888,17129
2025-05-08T10:00:00-0400,2025-05-08,CRUX,81.041378,81.086679,80.852154,80.872048,21521
2025-05-08T10:00:00-0400,2025-05-08,DUNE,21.580128,21.677073,21.541634,21.661083,112349
2025-05-08T10:00:00-0400,2025-05-08,ECHO,306.180297,307.658595,306.035835,307.127215,10795
2025-05-08T10:05:00-0400,2025-05-08,AURA,42.853023,42.937773,42.836876,42.936339,25908
2025-05-08T10:05:00-0400,2025-05-08,BOLT,119.601359,120.192429,119.379859,120.183515,14934
2025-05-08T10:05:00-0400,2025-05-08,CRUX,80.907973,81.142003,80.907731,80.987994,33248
2025-05-08T10:05:00-0400,2025-05-08,DUNE,21.646773,21.829265,21.588463,21.810137,73603
2025-05-08T10:05:00-0400,2025-05-08,ECHO,306.986524,307.83469,305.855416,307.56037,12975
2025-05-08T10:10:00-0400,2025-05-08,AURA,42.919444,42.979955,42.84338,42.973644,21043
2025-05-08T10:10:00-0400,2025-05-08,BOLT,120.164124,120.213892,119.958027,120.037482,31235
2025-05-08T10:10:00-0400,2025-05-08,CRUX,80.951121,80.974218,80.834562,80.844139,53484
2025-05-08T10:10:00-0400,2025-05-08,DUNE,21.812415,21.842918,21.668994,21.695958,68772
2025-05-08T10:10:00-0400,2025-05-08,ECHO,307.615036,310.616636,306.614222,310.045379,6238
2025-05-08T10:15:00-0400,2025-05-08,AURA,42.980282,43.015911,42.824635,42.8676,16985
2025-05-08T10:15:00-0400,2025-05-08,BOLT,120.054684,120.12473,119.746673,119.873462,13404
2025-05-08T10:15:00-0400,2025-05-08,CRUX,80.84373,80.922436,80.569947,80.582296,29709
2025-05-08T10:15:00-0400,2025-05-08,DUNE,21.70906,21.7667,21.649753,21.737644,43221
2025-05-08T10:15:00-0400,2025-05-08,ECHO,310.152147,310.163231,308.53666,309.25669,6892
2025-05-08T10:20:00-0400,2025-05-08,AURA,42.852481,42.951159,42.847739,42.9241,20711
2025-05-08T10:20:00-0400,2025-05-08,BOLT,119.92451,119.939666,119.746435,119.777916,18070
2025-05-08T10:20:00-0400,2025-05-08,CRUX,80.586154,80.82657,80.479363,80.491787,18208
2025-05-08T10:20:00-0400,2025-05-08,DUNE,21.744657,21.829609,21.656447,21.703698,81601
2025-05-08T10:20:00-0400,2025-05-08,ECHO,309.071124,309.588658,307.280382,308.190502,4909
2025-05-08T10:25:00-0400,2025-05-08,AURA,42.944692,42.951418,42.898214,42.925021,28797
2025-05-08T10:25:00-0400,2025-05-08,BOLT,119.68637,119.849432,119.401935,119.743948,20121
2025-05-08T10:25:00-0400,2025-05-08,CRUX,80.487166,80.552737,80.405696,80.469657,30637
2025-05-08T10:25:00-0400,2025-05-08,DUNE,21.708903,21.853584,21.661582,21.788589,37433
2025-05-08T10:25:00-0400,2025-05-08,ECHO,308.221564,310.529135,306.795417,309.59381,7219
2025-05-08T10:30:00-0400,2025-05-08,AURA,42.913394,42.944847,42.88232,42.893088,20849
2025-05-08T10:30:00-0400,2025-05-08,BOLT,119.790489,119.806656,119.563077,119.730557,21265
2025-05-08T10:30:00-0400,2025-05-08,CRUX,80.380236,80.469789,80.354926,80.453499,26849
2025-05-08T10:30:00-0400,2025-05-08,DUNE,21.78919,21.875472,21.697299,21.746119,64278
2025-05-08T10:30:00-0400,2025-05-08,ECHO,309.567824,310.436571,308.086087,308.851824,2679
2025-05-08T10:35:00-0400,2025-05-08,AURA,42.909471,43.060197,42.810188,43.015808,17864
2025-05-08T10:35:00-0400,2025-05-08,BOLT,119.68428,120.375828,119.415109,120.26598,18458
2025-05-08T10:35:00-0400,2025-05-08,CRUX,80.4236,80.572583,80.276491,80.469916,11583
2025-05-08T10:35:00-0400,2025-05-08,DUNE,21.740615,21.908464,21.695733,21.861903,39828
2025-05-08T10:35:00-0400,2025-05-08,ECHO,309.136605,310.599771,308.406691,309.764562,9275
2025-05-08T10:40:00-0400,2025-05-08,AURA,43.008806,43.051648,42.929943,42.936516,11750
2025-05-08T10:40:00-0400,2025-05-08,BOLT,120.288155,120.320404,120.147247,120.271466,15259
2025-05-08T10:40:00-0400,2025-05-08,CRUX,80.471144,80.720417,80.363573,80.71885,20141
2025-05-08T10:40:00-0400,2025-05-08,DUNE,21.859959,21.907845,21.809884,21.870125,62317
2025-05-08T10:40:00-0400,2025-05-08,ECHO,309.745773,310.056797,308.542746,308.769485,4374
2025-05-08T10:45:00-0400,2025-05-08,AURA,42.934755,43.047559,42.918786,43.019465,18767
2025-05-08T10:45:00-0400,2025-05-08,BOLT,120.256475,120.931866,120.108849,120.846833,24341
2025-05-08T10:45:00-0400,2025-05-08,CRUX,80.764717,80.972894,80.723251,80.884466,20218
2025-05-08T10:45:00-0400,2025-05-08,DUNE,21.862946,21.92281,21.715703,21.784053,29408
2025-05-08T10:45:00-0400,2025-05-08,ECHO,309.06529,310.753325,308.657369,309.09633,4494
2025-05-08T10:50:00-0400,2025-05-08,AURA,43.034206,43.051698,42.898191,43.007842,18232
2025-05-08T10:50:00-0400,2025-05-08,BOLT,120.842183,121.342927,120.636606,121.229081,15059
2025-05-08T10:50:00-0400,2025-05-08,CRUX,80.886932,81.206771,80.762502,81.002739,17792
2025-05-08T10:50:00-0400,2025-05-08,DUNE,21.781287,21.813562,21.747711,21.807521,30768
2025-05-08T10:50:00-0400,2025-05-08,ECHO,309.114131,310.234284,307.940641,308.046467,4831
2025-05-08T10:55:00-0400,2025-05-08,AURA,43.011679,43.056605,42.835997,42.865882,10988
2025-05-08T10:55:00-0400,2025-05-08,BOLT,121.241592,121.840317,121.134206,121.793409,6096
2025-05-08T10:55:00-0400,2025-05-08,CRUX,80.950515,81.134813,80.76748,80.982746,16818
2025-05-08T10:55:00-0400,2025-05-08,DUNE,21.832722,21.863282,21.808511,21.843202,39512
2025-05-08T10:55:00-0400,2025-05-08,ECHO,308.007741,310.790305,307.780765,309.487842,10698
2025-05-08T11:00:00-0400,2025-05-08,AURA,42.867122,42.880584,42.741774,42.768488,23672
2025-05-08T11:00:00-0400,2025-05-08,BOLT,121.765922,122.136341,121.500837,121.935499,19087
2025-05-08T11:00:00-0400,2025-05-08,CRUX,80.963072,81.005086,80.468551,80.696606,28334
2025-05-08T11:00:00-0400,2025-05-08,DUNE,21.841074,21.850099,21.730458,21.754179,34670
2025-05-08T11:00:00-0400,2025-05-08,ECHO,309.245471,309.265376,307.289357,307.930744,5135
2025-05-08T11:05:00-0400,2025-05-08,AURA,42.760761,42.767522,42.678893,42.700335,12714
2025-05-08T11:05:00-0400,2025-05-08,BOLT,121.934089,122.038092,121.639931,121.706223,10582
2025-05-08T11:05:00-0400,2025-05-08,CRUX,80.694187,80.801761,80.381732,80.398851,33985
2025-05-08T11:05:00-0400,2025-05-08,DUNE,21.711859,21.793787,21.646084,21.768706,55751
2025-05-08T11:05:00-0400,2025-05-08,ECHO,308.31327,308.739698,306.339796,306.486171,5634
2025-05-08T11:10:00-0400,2025-05-08,AURA,42.697514,42.916449,42.686323,42.882196,18368
2025-05-08T11:10:00-0400,2025-05-08,BOLT,121.728254,122.111633,121.558778,122.059588,5413
2025-05-08T11:10:00-0400,2025-05-08,CRUX,80.441622,80.509904,80.197935,80.246504,17324
2025-05-08T11:10:00-0400,2025-05-08,DUNE,21.767776,21.885004,21.754201,21.879873,45137
2025-05-08T11:10:00-0400,2025-05-08,ECHO,306.626635,308.46343,305.856333,307.110309,3768
2025-05-08T11:15:00-0400,2025-05-08,AURA,42.864602,42.939316,42.771726,42.836893,29031
2025-05-08T11:15:00-0400,2025-05-08,BOLT,121.945808,122.038944,121.563496,121.946341,8365
2025-05-08T11:15:00-0400,2025-05-08,CRUX,80.184949,80.286467,79.822993,80.019238,12898
2025-05-08T11:15:00-0400,2025-05-08,DUNE,21.867101,21.972567,21.858217,21.938022,50910
2025-05-08T11:15:00-0400,2025-05-08,ECHO,307.001568,307.47766,304.460645,305.441476,3675
2025-05-08T11:20:00-0400,2025-05-08,AURA,42.833263,42.921553,42.797669,42.809755,23143
2025-05-08T11:20:00-0400,2025-05-08,BOLT,121.922769,122.647814,121.879495,122.550328,4490
2025-05-08T11:20:00-0400,2025-05-08,CRUX,80.067969,80.322148,79.930067,79.977576,16275
2025-05-08T11:20:00-0400,2025-05-08,DUNE,21.921955,22.132989,21.904347,22.120274,66790
2025-05-08T11:20:00-0400,2025-05-08,ECHO,305.244565,307.19326,305.164666,307.175372,5527
2025-05-08T11:25:00-0400,2025-05-08,AURA,42.805227,42.805698,42.761574,42.772794,14792
2025-05-08T11:25:00-0400,2025-05-08,BOLT,122.545508,123.035324,122.537649,122.901196,6194
2025-05-08T11:25:00-0400,2025-05-08,CRUX,79.991701,80.394439,79.949243,80.32865,17926
2025-05-08T11:25:00-0400,2025-05-08,DUNE,22.1059,22.184119,22.044943,22.16291,52407
2025-05-08T11:25:00-0400,2025-05-08,ECHO,307.484954,308.17611,304.583899,305.462924,12184
2025-05-08T11:30:00-0400,2025-05-08,AURA,42.77146,42.937531,42.738288,42.898205,11622
2025-05-08T11:30:00-0400,2025-05-08,BOLT,122.928537,123.083826,122.842023,122.988165,8756
2025-05-08T11:30:00-0400,2025-05-08,CRUX,80.313521,80.367337,80.299199,80.365749,21603
2025-05-08T11:30:00-0400,2025-05-08,DUNE,22.156414,22.290954,22.109581,22.237689,73861
2025-05-08T11:30:00-0400,2025-05-08,ECHO,305.808099,306.154496,302.606572,302.923529,5392
2025-05-08T11:35:00-0400,2025-05-08,AURA,42.899819,43.033265,42.899641,42.998238,13327
2025-05-08T11:35:00-0400,2025-05-08,BOLT,123.045892,123.303969,122.903115,123.251654,7803
2025-05-08T11:35:00-0400,2025-05-08,CRUX,80.414944,80.698415,80.123289,80.59021,12457
2025-05-08T11:35:00-0400,2025-05-08,DUNE,22.226198,22.235842,22.055096,22.168484,39322
2025-05-08T11:35:00-0400,2025-05-08,ECHO,303.002141,307.047395,302.522218,306.106565,4985
2025-05-08T11:40:00-0400,2025-05-08,AURA,43.003608,43.060814,42.771536,42.874697,11275
2025-05-08T11:40:00-0400,2025-05-08,BOLT,123.236313,123.51136,123.068076,123.464496,14817
2025-05-08T11:40:00-0400,2025-05-08,CRUX,80.659275,81.047616,80.453774,80.908284,17147
2025-05-08T11:40:00-0400,2025-05-08,DUNE,22.181987,22.331447,22.085189,22.263718,25484
2025-05-08T11:40:00-0400,2025-05-08,ECHO,305.654115,308.351363,305.290499,308.310883,6387
2025-05-08T11:45:00-0400,2025-05-08,AURA,42.868853,42.96163,42.838903,42.934319,14810
2025-05-08T11:45:00-0400,2025-05-08,BOLT,123.453594,123.658058,122.993431,123.244123,9536
2025-05-08T11:45:00-0400,2025-05-08,CRUX,80.911934,81.030823,80.690918,80.828149,18108
2025-05-08T11:45:00-0400,2025-05-08,DUNE,22.25251,22.314637,22.05889,22.12124,37336
2025-05-08T11:45:00-0400,2025-05-08,ECHO,308.228098,309.537535,305.864585,306.812661,4700
2025-05-08T11:50:00-0400,2025-05-08,AURA,42.926064,42.928006,42.772474,42.79138,11836
2025-05-08T11:50:00-0400,2025-05-08,BOLT,123.171934,123.214881,123.070067,123.101661,9421
2025-05-08T11:50:00-0400,2025-05-08,CRUX,80.840204,80.862686,80.471479,80.544527,14506
2025-05-08T11:50:00-0400,2025-05-08,DUNE,22.128613,22.148929,21.97807,22.004369,21913
2025-05-08T11:50:00-0400,2025-05-08,ECHO,306.811902,309.175511,306.53246,308.382618,5082
2025-05-08T11:55:00-0400,2025-05-08,AURA,42.795126,42.924449,42.746104,42.92041,15237
2025-05-08T11:55:00-0400,2025-05-08,BOLT,123.14664,123.223244,122.974978,123.057921,4975
2025-05-08T11:55:00-0400,2025-05-08,CRUX,80.612732,80.664867,80.469816,80.608657,24009
2025-05-08T11:55:00-0400,2025-05-08,DUNE,21.994794,22.208433,21.968172,22.187528,23304
2025-05-08T11:55:00-0400,2025-05-08,ECHO,308.37522,312.244107,308.111131,311.794456,5396
2025-05-08T12:00:00-0400,2025-05-08,AURA,42.909398,42.935389,42.889305,42.903774,12212
2025-05-08T12:00:00-0400,2025-05-08,BOLT,123.034468,123.577732,123.025184,123.537211,9591
2025-05-08T12:00:00-0400,2025-05-08,CRUX,80.595597,80.755505,80.299155,80.58279,9968
2025-05-08T12:00:00-0400,2025-05-08,DUNE,22.20086,22.22517,22.130734,22.16869,32628
2025-05-08T12:00:00-0400,2025-05-08,ECHO,312.095038,312.439149,307.937788,308.683706,3607
2025-05-08T12:05:00-0400,2025-05-08,AURA,42.900783,42.943011,42.843604,42.889057,17901
2025-05-08T12:05:00-0400,2025-05-08,BOLT,123.598701,124.110678,123.545437,123.986404,10534
2025-05-08T12:05:00-0400,2025-05-08,CRUX,80.534355,80.593441,80.490266,80.567343,25423
2025-05-08T12:05:00-0400,2025-05-08,DUNE,22.169103,22.28944,22.158646,22.26085,46259
2025-05-08T12:05:00-0400,2025-05-08,ECHO,308.649776,310.473282,308.347711,310.251177,5710
2025-05-08T12:10:00-0400,2025-05-08,AURA,42.882419,42.956984,42.867539,42.900763,12023
2025-05-08T12:10:00-0400,2025-05-08,BOLT,123.97196,123.999292,123.835454,123.952804,11470
2025-05-08T12:10:00-0400,2025-05-08,CRUX,80.573684,80.617363,80.527905,80.562404,31295
2025-05-08T12:10:00-0400,2025-05-08,DUNE,22.24844,22.348676,22.102967,22.108069,26565
2025-05-08T12:10:00-0400,2025-05-08,ECHO,310.339651,311.547935,308.05935,308.222432,4901
2025-05-08T12:15:00-0400,2025-05-08,AURA,42.904739,42.997203,42.874916,42.962223,26569
2025-05-08T12:15:00-0400,2025-05-08,BOLT,123.94195,124.040466,123.6796,123.8109,8362
2025-05-08T12:15:00-0400,2025-05-08,CRUX,80.542454,80.657876,80.289771,80.647268,15896
2025-05-08T12:15:00-0400,2025-05-08,DUNE,22.11186,22.124485,22.023233,22.092832,14173
2025-05-08T12:15:00-0400,2025-05-08,ECHO,308.448282,311.083031,307.83385,309.79216,6069
2025-05-08T12:20:00-0400,2025-05-08,AURA,42.960115,42.981243,42.88723,42.935136,5893
2025-05-08T12:20:00-0400,2025-05-08,BOLT,123.750554,123.79495,123.418557,123.562651,10642
2025-05-08T12:20:00-0400,2025-05-08,CRUX,80.645359,81.113669,80.613361,80.843287,6391
2025-05-08T12:20:00-0400,2025-05-08,DUNE,22.096237,22.103138,22.074711,22.084424,31821
2025-05-08T12:20:00-0400,2025-05-08,ECHO,309.60905,310.433907,307.709777,308.307519,2908
2025-05-08T12:25:00-0400,2025-05-08,AURA,42.923549,43.011944,42.804825,42.964356,9154
2025-05-08T12:25:00-0400,2025-05-08,BOLT,123.491839,123.530088,122.83665,122.984675,6698
2025-05-08T12:25:00-0400,2025-05-08,CRUX,80.823993,80.960923,80.659917,80.92656,24788
2025-05-08T12:25:00-0400,2025-05-08,DUNE,22.074761,22.097295,21.927436,21.930866,26552
2025-05-08T12:25:00-0400,2025-05-08,ECHO,308.495358,309.786191,307.116152,307.751328,4452
2025-05-08T12:30:00-0400,2025-05-08,AURA,42.976065,43.105225,42.961372,43.051042,23189
2025-05-08T12:30:00-0400,2025-05-08,BOLT,123.030348,123.619083,122.767735,123.271356,7834
2025-05-08T12:30:00-0400,2025-05-08,CRUX,80.93642,81.045984,80.821789,80.863812,14394
2025-05-08T12:30:00-0400,2025-05-08,DUNE,21.945454,21.959234,21.835077,21.856048,53751
2025-05-08T12:30:00-0400,2025-05-08,ECHO,307.854478,308.258882,305.63862,306.971315,5418
2025-05-08T12:35:00-0400,2025-05-08,AURA,43.062689,43.073233,42.906255,42.922605,23041
2025-05-08T12:35:00-0400,2025-05-08,BOLT,123.290973,123.546952,123.101956,123.437314,11513
2025-05-08T12:35:00-0400,2025-05-08,CRUX,80.883447,80.907059,80.692605,80.877152,9192
2025-05-08T12:35:00-0400,2025-05-08,DUNE,21.863655,21.949995,21.856855,21.900686,31453
2025-05-08T12:35:00-0400,2025-05-08,ECHO,307.107929,308.17001,304.8295,305.004586,5557
2025-05-08T12:40:00-0400,2025-05-08,AURA,42.918532,42.928193,42.858203,42.859206,26779
2025-05-08T12:40:00-0400,2025-05-08,BOLT,123.441164,123.54663,122.99057,123.292946,28477
2025-05-08T12:40:00-0400,2025-05-08,CRUX,80.889991,80.949365,80.554313,80.59764,11145
2025-05-08T12:40:00-0400,2025-05-08,DUNE,21.899342,21.988904,21.699601,21.750997,36884
2025-05-08T12:40:00-0400,2025-05-08,ECHO,304.671504,305.294953,304.000465,304.61997,2553
2025-05-08T12:45:00-0400,2025-05-08,AURA,42.859761,42.942581,42.827414,42.904052,8144
2025-05-08T12:45:00-0400,2025-05-08,BOLT,123.298848,123.748075,123.269337,123.546076,11821
2025-05-08T12:45:00-0400,2025-05-08,CRUX,80.624258,80.880307,80.620452,80.624424,12929
2025-05-08T12:45:00-0400,2025-05-08,DUNE,21.75246,21.769616,21.686095,21.7506,38250
2025-05-08T12:45:00-0400,2025-05-08,ECHO,304.610879,305.488671,303.85444,304.676183,2900
2025-05-08T12:50:00-0400,2025-05-08,AURA,42.916393,42.996989,42.782858,42.809544,8496
2025-05-08T12:50:00-0400,2025-05-08,BOLT,123.565555,123.784813,123.526917,123.591154,12054
2025-05-08T12:50:00-0400,2025-05-08,CRUX,80.630889,80.937293,80.468922,80.817375,14809
2025-05-08T12:50:00-0400,2025-05-08,DUNE,21.725895,21.749187,21.644864,21.736647,14163
2025-05-08T12:50:00-0400,2025-05-08,ECHO,304.584087,304.659805,302.401611,302.411721,4859
2025-05-08T12:55:00-0400,2025-05-08,AURA,42.79961,42.933388,42.776997,42.909776,20964
2025-05-08T12:55:00-0400,2025-05-08,BOLT,123.602574,123.830231,123.43558,123.544078,5453
2025-05-08T12:55:00-0400,2025-05-08,CRUX,80.823408,81.086392,80.806976,81.004226,24500
2025-05-08T12:55:00-0400,2025-05-08,DUNE,21.753617,21.772175,21.672647,21.771696,37789
2025-05-08T12:55:00-0400,2025-05-08,ECHO,302.111735,304.055264,301.97341,302.88742,5598
2025-05-08T13:00:00-0400,2025-05-08,AURA,42.916933,43.004867,42.877303,42.973955,9053
2025-05-08T13:00:00-0400,2025-05-08,BOLT,123.582906,124.042896,123.461713,123.816929,11239
2025-05-08T13:00:00-0400,2025-05-08,CRUX,81.066364,81.191724,80.711129,81.005285,11824
2025-05-08T13:00:00-0400,2025-05-08,DUNE,21.772614,21.775354,21.736788,21.769254,23001
2025-05-08T13:00:00-0400,2025-05-08,ECHO,303.17069,306.725685,303.10805,304.870879,4954
2025-05-08T13:05:00-0400,2025-05-08,AURA,42.984513,43.027665,42.941294,42.989456,5900
2025-05-08T13:05:00-0400,2025-05-08,BOLT,123.768503,124.030292,123.589704,123.889224,10635
2025-05-08T13:05:00-0400,2025-05-08,CRUX,80.982899,81.340428,80.900254,81.175552,27233
2025-05-08T13:05:00-0400,2025-05-08,DUNE,21.771003,21.805394,21.64518,21.660303,41709
2025-05-08T13:05:00-0400,2025-05-08,ECHO,304.847875,305.284468,302.707906,303.701748,2518
2025-05-08T13:10:00-0400,2025-05-08,AURA,43.00622,43.022546,42.798717,42.823509,9025
2025-05-08T13:10:00-0400,2025-05-08,BOLT,123.88863,124.02236,123.739852,123.901038,10194
2025-05-08T13:10:00-0400,2025-05-08,CRUX,81.140694,81.247071,81.064116,81.141838,11228
2025-05-08T13:10:00-0400,2025-05-08,DUNE,21.664641,21.707217,21.589627,21.662863,26674
2025-05-08T13:10:00-0400,2025-05-08,ECHO,303.506975,304.012864,301.217305,302.031442,9132
2025-05-08T13:15:00-0400,2025-05-08,AURA,42.830871,42.842534,42.776165,42.788438,9661
2025-05-08T13:15:00-0400,2025-05-08,BOLT,123.967667,123.978463,123.601313,123.66187,10890
2025-05-08T13:15:00-0400,2025-05-08,CRUX,81.112287,81.188035,80.528047,80.634423,20881
2025-05-08T13:15:00-0400,2025-05-08,DUNE,21.665533,21.677042,21.561128,21.585235,40285
2025-05-08T13:15:00-0400,2025-05-08,ECHO,301.99376,302.116995,299.256696,300.474952,2230
2025-05-08T13:20:00-0400,2025-05-08,AURA,42.802263,42.814433,42.667066,42.714724,15371
2025-05-08T13:20:00-0400,2025-05-08,BOLT,123.669678,123.684084,122.96933,123.178934,7030
2025-05-08T13:20:00-0400,2025-05-08,CRUX,80.63261,80.823761,80.108683,80.150621,13530
2025-05-08T13:20:00-0400,2025-05-08,DUNE,21.595078,21.672063,21.325204,21.430167,16974
2025-05-08T13:20:00-0400,2025-05-08,ECHO,300.366526,301.760372,299.555032,301.247004,2479
2025-05-08T13:25:00-0400,2025-05-08,AURA,42.708122,42.760441,42.527436,42.568161,14790
2025-05-08T13:25:00-0400,2025-05-08,BOLT,123.071201,123.076203,122.741024,122.797404,7924
2025-05-08T13:25:00-0400,2025-05-08,CRUX,80.15079,80.189834,79.707741,79.944078,11687
2025-05-08T13:25:00-0400,2025-05-08,DUNE,21.419378,21.4288,21.272564,21.327419,51951
2025-05-08T13:25:00-0400,2025-05-08,ECHO,301.087469,301.557093,298.03786,299.543494,4529
2025-05-08T13:30:00-0400,2025-05-08,AURA,42.583103,42.673501,42.559633,42.665375,12493
2025-05-08T13:30:00-0400,2025-05-08,BOLT,122.796432,122.927676,122.627897,122.916221,8089
2025-05-08T13:30:00-0400,2025-05-08,CRUX,79.915237,80.039925,79.876385,80.036695,20844
2025-05-08T13:30:00-0400,2025-05-08,DUNE,21.35277,21.355914,21.32115,21.354244,45368
2025-05-08T13:30:00-0400,2025-05-08,ECHO,299.511452,300.41816,299.232972,299.959666,4954
2025-05-08T13:35:00-0400,2025-05-08,AURA,42.652936,42.654144,42.642035,42.645198,10152
2025-05-08T13:35:00-0400,2025-05-08,BOLT,122.958553,123.10536,122.458217,122.628889,7113
2025-05-08T13:35:00-0400,2025-05-08,CRUX,80.082525,80.136451,79.741922,79.741936,13262
2025-05-08T13:35:00-0400,2025-05-08,DUNE,21.39298,21.394709,21.287186,21.317102,36595
2025-05-08T13:35:00-0400,2025-05-08,ECHO,300.245208,300.263842,296.302968,297.7797,6025
2025-05-08T13:40:00-0400,2025-05-08,AURA,42.646276,42.667361,42.507847,42.529749,10071
2025-05-08T13:40:00-0400,2025-05-08,BOLT,122.610981,123.007902,122.459749,122.817692,8548
2025-05-08T13:40:00-0400,2025-05-08,CRUX,79.706765,80.011448,79.511479,79.930407,13966
2025-05-08T13:40:00-0400,2025-05-08,DUNE,21.336135,21.348621,21.285816,21.347677,35745
2025-05-08T13:40:00-0400,2025-05-08,ECHO,297.782736,299.531357,297.647429,298.924439,3280
2025-05-08T13:45:00-0400,2025-05-08,AURA,42.532784,42.598093,42.433491,42.449075,9799
2025-05-08T13:45:00-0400,2025-05-08,BOLT,122.830303,122.906355,122.30817,122.323158,9920
2025-05-08T13:45:00-0400,2025-05-08,CRUX,79.925478,80.144793,79.392942,79.450389,11189
2025-05-08T13:45:00-0400,2025-05-08,DUNE,21.354725,21.364077,21.302484,21.333389,33279
2025-05-08T13:45:00-0400,2025-05-08,ECHO,298.982666,300.719662,296.416295,296.884113,5664
2025-05-08T13:50:00-0400,2025-05-08,AURA,42.443589,42.46084,42.36684,42.420845,9811
2025-05-08T13:50:00-0400,2025-05-08,BOLT,122.384088,122.453067,121.297908,121.462316,6566
2025-05-08T13:50:00-0400,2025-05-08,CRUX,79.393922,79.40539,79.293814,79.317719,10112
2025-05-08T13:50:00-0400,2025-05-08,DUNE,21.357287,21.420032,21.321276,21.353116,32584
2025-05-08T13:50:00-0400,2025-05-08,ECHO,296.515975,298.048299,296.276958,297.840436,6865
2025-05-08T13:55:00-0400,2025-05-08,AURA,42.434305,42.458418,42.244836,42.291924,27550
2025-05-08T13:55:00-0400,2025-05-08,BOLT,121.572825,121.575328,121.375131,121.436786,8807
2025-05-08T13:55:00-0400,2025-05-08,CRUX,79.377725,79.55081,79.342349,79.380291,18271
2025-05-08T13:55:00-0400,2025-05-08,DUNE,21.361246,21.441628,21.335061,21.384648,13709
2025-05-08T13:55:00-0400,2025-05-08,ECHO,297.56194,297.779061,295.000488,296.80574,5184
2025-05-08T14:00:00-0400,2025-05-08,AURA,42.286951,42.421593,42.273673,42.299481,29781
2025-05-08T14:00:00-0400,2025-05-08,BOLT,121.363682,121.617561,121.323698,121.600597,6381
2025-05-08T14:00:00-0400,2025-05-08,CRUX,79.454114,79.509167,79.134734,79.139856,18287
2025-05-08T14:00:00-0400,2025-05-08,DUNE,21.382138,21.454431,21.314055,21.362486,24121
2025-05-08T14:00:00-0400,2025-05-08,ECHO,297.083348,298.176383,296.486683,297.749559,7691
2025-05-08T14:05:00-0400,2025-05-08,AURA,42.327054,42.402519,42.315054,42.378551,11199
2025-05-08T14:05:00-0400,2025-05-08,BOLT,121.639392,121.783401,121.497847,121.650926,10885
2025-05-08T14:05:00-0400,2025-05-08,CRUX,79.141587,79.575563,79.140594,79.560648,33845
2025-05-08T14:05:00-0400,2025-05-08,DUNE,21.350848,21.398946,21.32162,21.367034,51395
2025-05-08T14:05:00-0400,2025-05-08,ECHO,297.85621,300.559995,296.383243,298.980405,4773
2025-05-08T14:10:00-0400,2025-05-08,AURA,42.407412,42.416378,42.360085,42.365514,11245
2025-05-08T14:10:00-0400,2025-05-08,BOLT,121.623446,121.86463,121.607475,121.733184,17126
2025-05-08T14:10:00-0400,2025-05-08,CRUX,79.586522,79.754512,79.150931,79.270474,18366
2025-05-08T14:10:00-0400,2025-05-08,DUNE,21.358344,21.364036,21.30298,21.34088,43624
2025-05-08T14:10:00-0400,2025-05-08,ECHO,298.695988,299.635049,294.743012,296.662309,7212
2025-05-08T14:15:00-0400,2025-05-08,AURA,42.34885,42.585272,42.330296,42.569338,18009
2025-05-08T14:15:00-0400,2025-05-08,BOLT,121.722541,121.878409,121.4819,121.863938,8261
2025-05-08T14:15:00-0400,2025-05-08,CRUX,79.325654,79.418355,79.313161,79.393981,12792
2025-05-08T14:15:00-0400,2025-05-08,DUNE,21.341862,21.443289,21.31541,21.364705,41835
2025-05-08T14:15:00-0400,2025-05-08,ECHO,297.062304,298.652657,296.213281,296.430831,5581
2025-05-08T14:20:00-0400,2025-05-08,AURA,42.576165,42.602889,42.518449,42.538051,15376
2025-05-08T14:20:00-0400,2025-05-08,BOLT,121.840277,122.001195,121.745887,122.000461,9693
2025-05-08T14:20:00-0400,2025-05-08,CRUX,79.34667,79.795036,79.302813,79.570074,19647
2025-05-08T14:20:00-0400,2025-05-08,DUNE,21.360194,21.444253,21.33942,21.424721,52155
2025-05-08T14:20:00-0400,2025-05-08,ECHO,296.464836,297.255904,295.0909,295.374923,5094
2025-05-08T14:25:00-0400,2025-05-08,AURA,42.518498,42.549367,42.421499,42.502466,12784
2025-05-08T14:25:00-0400,2025-05-08,BOLT,121.954632,122.376314,121.653272,121.700749,10987
2025-05-08T14:25:00-0400,2025-05-08,CRUX,79.566183,79.568416,79.397177,79.439917,27025
2025-05-08T14:25:00-0400,2025-05-08,DUNE,21.417908,21.477791,21.250839,21.289771,41145
2025-05-08T14:25:00-0400,2025-05-08,ECHO,295.096318,297.032957,294.000076,296.658378,3605
2025-05-08T14:30:00-0400,2025-05-08,AURA,42.511597,42.568008,42.482769,42.488892,18004
2025-05-08T14:30:00-0400,2025-05-08,BOLT,121.753826,121.832788,121.350538,121.541489,26892
2025-05-08T14:30:00-0400,2025-05-08,CRUX,79.478931,79.683305,79.070878,79.102654,25834
2025-05-08T14:30:00-0400,2025-05-08,DUNE,21.290503,21.352143,21.276598,21.289516,48000
2025-05-08T14:30:00-0400,2025-05-08,ECHO,296.37131,296.861675,294.639748,295.160899,5550
2025-05-08T14:35:00-0400,2025-05-08,AURA,42.495717,42.52089,42.462424,42.472406,12270
2025-05-08T14:35:00-0400,2025-05-08,BOLT,121.540217,121.688608,121.288681,121.454354,13340
2025-05-08T14:35:00-0400,2025-05-08,CRUX,79.082057,79.273221,79.048785,79.210769,20855
2025-05-08T14:35:00-0400,2025-05-08,DUNE,21.302988,21.332431,21.207238,21.20861,30202
2025-05-08T14:35:00-0400,2025-05-08,ECHO,295.286291,295.810029,293.213796,293.907049,4356
2025-05-08T14:40:00-0400,2025-05-08,AURA,42.468619,42.474348,42.402937,42.429443,32142
2025-05-08T14:40:00-0400,2025-05-08,BOLT,121.455518,121.769185,121.407751,121.588412,10791
2025-05-08T14:40:00-0400,2025-05-08,CRUX,79.194169,79.345732,79.113782,79.255729,20750
2025-05-08T14:40:00-0400,2025-05-08,DUNE,21.207113,21.229619,21.170139,21.193659,72456
2025-05-08T14:40:00-0400,2025-05-08,ECHO,294.180122,295.647237,292.572276,295.141123,10463
2025-05-08T14:45:00-0400,2025-05-08,AURA,42.42951,42.468761,42.358001,42.364808,27301
2025-05-08T14:45:00-0400,2025-05-08,BOLT,121.675843,121.88192,120.946608,121.226836,10897
2025-05-08T14:45:00-0400,2025-05-08,CRUX,79.278619,79.338346,78.806277,78.900938,18954
2025-05-08T14:45:00-0400,2025-05-08,DUNE,21.202457,21.277707,21.149642,21.158693,32207
2025-05-08T14:45:00-0400,2025-05-08,ECHO,295.440929,295.632647,290.794338,291.60994,7952
2025-05-08T14:50:00-0400,2025-05-08,AURA,42.372628,42.480466,42.369013,42.41706,41729
2025-05-08T14:50:00-0400,2025-05-08,BOLT,121.271298,121.627451,121.060059,121.552113,14963
2025-05-08T14:50:00-0400,2025-05-08,CRUX,78.885059,79.046143,78.839648,79.02415,30550
2025-05-08T14:50:00-0400,2025-05-08,DUNE,21.145304,21.267695,21.071557,21.218646,49306
2025-05-08T14:50:00-0400,2025-05-08,ECHO,291.994001,293.362862,291.554014,292.837277,4419
2025-05-08T14:55:00-0400,2025-05-08,AURA,42.405398,42.450754,42.371097,42.380464,14211
2025-05-08T14:55:00-0400,2025-05-08,BOLT,121.512535,121.569535,121.450086,121.464319,22452
2025-05-08T14:55:00-0400,2025-05-08,CRUX,79.00071,79.47785,78.824426,79.299599,15870
2025-05-08T14:55:00-0400,2025-05-08,DUNE,21.201309,21.269606,21.184036,21.263168,79779
2025-05-08T14:55:00-0400,2025-05-08,ECHO,292.362541,295.972095,292.32123,295.231265,4086
2025-05-08T15:00:00-0400,2025-05-08,AURA,42.401666,42.443933,42.314117,42.319423,23619
2025-05-08T15:00:00-0400,2025-05-08,BOLT,121.398263,121.516526,120.754564,120.853764,6609
2025-05-08T15:00:00-0400,2025-05-08,CRUX,79.338224,79.41158,78.48761,78.584418,34833
2025-05-08T15:00:00-0400,2025-05-08,DUNE,21.266143,21.291201,21.19852,21.205772,58416
2025-05-08T15:00:00-0400,2025-05-08,ECHO,295.716237,296.002271,291.332227,292.426401,9795
2025-05-08T15:05:00-0400,2025-05-08,AURA,42.313174,42.509643,42.303524,42.469569,26170
2025-05-08T15:05:00-0400,2025-05-08,BOLT,120.868152,121.009872,120.760912,120.914463,10753
2025-05-08T15:05:00-0400,2025-05-08,CRUX,78.574669,79.03624,78.469621,78.947444,17039
2025-05-08T15:05:00-0400,2025-05-08,DUNE,21.203921,21.353974,21.176066,21.324633,65394
2025-05-08T15:05:00-0400,2025-05-08,ECHO,292.661827,295.146667,291.708223,294.227955,11944
2025-05-08T15:10:00-0400,2025-05-08,AURA,42.495096,42.516368,42.441782,42.50378,27088
2025-05-08T15:10:00-0400,2025-05-08,BOLT,120.878135,120.941145,120.613276,120.69226,8284
2025-05-08T15:10:00-0400,2025-05-08,CRUX,78.953151,78.97648,78.553625,78.700096,24122
2025-05-08T15:10:00-0400,2025-05-08,DUNE,21.319445,21.328618,21.298904,21.326983,44455
2025-05-08T15:10:00-0400,2025-05-08,ECHO,293.99235,294.805036,292.5508,293.305464,9343
2025-05-08T15:15:00-0400,2025-05-08,AURA,42.503534,42.587708,42.466604,42.565253,24052
2025-05-08T15:15:00-0400,2025-05-08,BOLT,120.611749,120.777873,120.589797,120.694644,21843
2025-05-08T15:15:00-0400,2025-05-08,CRUX,78.666071,79.06643,78.600206,78.837997,25827
2025-05-08T15:15:00-0400,2025-05-08,DUNE,21.337096,21.360949,21.232623,21.29566,51340
2025-05-08T15:15:00-0400,2025-05-08,ECHO,293.375343,296.164566,292.094811,295.620114,10918
2025-05-08T15:20:00-0400,2025-05-08,AURA,42.570686,42.628179,42.51935,42.563407,14683
2025-05-08T15:20:00-0400,2025-05-08,BOLT,120.772125,120.826702,120.503523,120.590549,8030
2025-05-08T15:20:00-0400,2025-05-08,CRUX,78.815213,78.955252,78.32143,78.395788,18799
2025-05-08T15:20:00-0400,2025-05-08,DUNE,21.324666,21.357412,21.129581,21.178099,72112
2025-05-08T15:20:00-0400,2025-05-08,ECHO,295.370197,296.666989,295.059373,296.101668,6746
2025-05-08T15:25:00-0400,2025-05-08,AURA,42.571037,42.639722,42.53474,42.585295,26717
2025-05-08T15:25:00-0400,2025-05-08,BOLT,120.633193,121.454799,120.526251,121.118207,15005
2025-05-08T15:25:00-0400,2025-05-08,CRUX,78.430701,78.711951,78.384775,78.570795,23316
2025-05-08T15:25:00-0400,2025-05-08,DUNE,21.196389,21.240184,21.135275,21.208403,31103
2025-05-08T15:25:00-0400,2025-05-08,ECHO,296.324462,297.956695,296.138562,296.760501,11460
2025-05-08T15:30:00-0400,2025-05-08,AURA,42.582924,42.621934,42.529071,42.559707,27649
2025-05-08T15:30:00-0400,2025-05-08,BOLT,121.073897,121.363484,120.811125,120.944925,21142
2025-05-08T15:30:00-0400,2025-05-08,CRUX,78.657181,78.939339,78.584859,78.727447,28964
2025-05-08T15:30:00-0400,2025-05-08,DUNE,21.223257,21.312519,21.19552,21.281949,72303
2025-05-08T15:30:00-0400,2025-05-08,ECHO,296.776702,297.528905,295.526261,295.676549,10006
2025-05-08T15:35:00-0400,2025-05-08,AURA,42.582624,42.669725,42.581503,42.653666,18870
2025-05-08T15:35:00-0400,2025-05-08,BOLT,120.91918,121.018859,120.673143,120.696972,13203
2025-05-08T15:35:00-0400,2025-05-08,CRUX,78.686082,78.858353,78.641864,78.739515,18826
2025-05-08T15:35:00-0400,2025-05-08,DUNE,21.277034,21.402034,21.228391,21.34924,42127
2025-05-08T15:35:00-0400,2025-05-08,ECHO,295.427762,295.936804,291.621768,293.001339,6340
2025-05-08T15:40:00-0400,2025-05-08,AURA,42.652947,42.674167,42.637902,42.665129,47414
2025-05-08T15:40:00-0400,2025-05-08,BOLT,120.711821,121.289208,120.692259,120.962424,22620
2025-05-08T15:40:00-0400,2025-05-08,CRUX,78.727599,78.802221,78.604164,78.606628,38637
2025-05-08T15:40:00-0400,2025-05-08,DUNE,21.366638,21.504948,21.365704,21.463817,52793
2025-05-08T15:40:00-0400,2025-05-08,ECHO,293.43461,295.470972,293.297334,294.827972,7874
2025-05-08T15:45:00-0400,2025-05-08,AURA,42.66432,42.731101,42.661502,42.679881,39546
2025-05-08T15:45:00-0400,2025-05-08,BOLT,120.910267,121.446944,120.715354,121.436195,24595
2025-05-08T15:45:00-0400,2025-05-08,CRUX,78.631785,79.247595,78.6015,78.950797,42653
2025-05-08T15:45:00-0400,2025-05-08,DUNE,21.46725,21.626693,21.441793,21.615907,85612
2025-05-08T15:45:00-0400,2025-05-08,ECHO,294.996904,295.85132,294.965122,295.32421,11805
2025-05-08T15:50:00-0400,2025-05-08,AURA,42.66797,42.776623,42.667335,42.746603,16068
2025-05-08T15:50:00-0400,2025-05-08,BOLT,121.442987,121.633077,120.992578,121.039256,14947
2025-05-08T15:50:00-0400,2025-05-08,CRUX,78.947599,79.14054,78.88983,79.076944,34357
2025-05-08T15:50:00-0400,2025-05-08,DUNE,21.615193,21.663225,21.560594,21.590721,83558
2025-05-08T15:50:00-0400,2025-05-08,ECHO,295.640556,299.249002,295.454271,298.920224,14773
2025-05-08T15:55:00-0400,2025-05-08,AURA,42.726471,42.751697,42.691301,42.725212,15878
2025-05-08T15:55:00-0400,2025-05-08,BOLT,120.975331,121.107411,120.834664,121.04231,16911
2025-05-08T15:55:00-0400,2025-05-08,CRUX,79.069567,79.45202,78.944467,79.343462,32793
2025-05-08T15:55:00-0400,2025-05-08,DUNE,21.568428,21.570167,21.520413,21.539885,68905
2025-05-08T15:55:00-0400,2025-05-08,ECHO,299.394534,300.238403,297.486558,299.025028,12372
2025-05-09T09:30:00-0400,2025-05-09,AURA,42.953899,43.013025,42.943224,42.980054,18875
2025-05-09T09:30:00-0400,2025-05-09,BOLT,121.516691,121.706922,121.399027,121.490516,12141
2025-05-09T09:30:00-0400,2025-05-09,CRUX,79.062134,79.117864,78.490939,78.525773,67911
2025-05-09T09:30:00-0400,2025-05-09,DUNE,21.437435,21.485763,21.336476,21.369979,97925
2025-05-09T09:30:00-0400,2025-05-09,ECHO,297.692214,298.537009,295.137697,295.722574,7347
2025-05-09T09:35:00-0400,2025-05-09,AURA,42.956623,43.001779,42.911124,42.940899,22549
2025-05-09T09:35:00-0400,2025-05-09,BOLT,121.378274,121.615517,121.185816,121.587486,22358
2025-05-09T09:35:00-0400,2025-05-09,CRUX,78.501651,78.700445,78.431223,78.615626,32783
2025-05-09T09:35:00-0400,2025-05-09,DUNE,21.402804,21.469851,21.241377,21.243958,80619
2025-05-09T09:35:00-0400,2025-05-09,ECHO,295.781252,296.235456,295.396696,295.723244,20439
2025-05-09T09:40:00-0400,2025-05-09,AURA,42.936436,42.950685,42.907076,42.945915,17764
2025-05-09T09:40:00-0400,2025-05-09,BOLT,121.550085,121.837982,121.460158,121.740695,13160
2025-05-09T09:40:00-0400,2025-05-09,CRUX,78.593136,78.762862,78.522362,78.632442,19900
2025-05-09T09:40:00-0400,2025-05-09,DUNE,21.248037,21.381217,21.233553,21.365208,63862
2025-05-09T09:40:00-0400,2025-05-09,ECHO,295.537709,296.071966,294.977523,295.159889,8180
2025-05-09T09:45:00-0400,2025-05-09,AURA,42.931162,42.95562,42.894319,42.945345,22880
2025-05-09T09:45:00-0400,2025-05-09,BOLT,121.738153,121.779945,121.703118,121.707073,19758
2025-05-09T09:45:00-0400,2025-05-09,CRUX,78.594383,78.947163,78.476439,78.657758,12434
2025-05-09T09:45:00-0400,2025-05-09,DUNE,21.378164,21.390448,21.17323,21.181069,86073
2025-05-09T09:45:00-0400,2025-05-09,ECHO,295.315107,296.724021,292.874392,293.697631,20205
2025-05-09T09:50:00-0400,2025-05-09,AURA,42.95394,43.05618,42.951718,43.029189,30062
2025-05-09T09:50:00-0400,2025-05-09,BOLT,121.695031,121.772557,121.273439,121.644063,9337
2025-05-09T09:50:00-0400,2025-05-09,CRUX,78.614177,78.627376,78.55554,78.572649,41153
2025-05-09T09:50:00-0400,2025-05-09,DUNE,21.174694,21.196813,21.146523,21.182525,59659
2025-05-09T09:50:00-0400,2025-05-09,ECHO,293.344121,296.43566,292.73231,294.401919,8765
2025-05-09T09:55:00-0400,2025-05-09,AURA,43.033654,43.074069,42.972649,43.049913,24046
2025-05-09T09:55:00-0400,2025-05-09,BOLT,121.699208,121.826203,121.241326,121.426754,14227
2025-05-09T09:55:00-0400,2025-05-09,CRUX,78.589331,78.845195,78.205732,78.356982,43739
2025-05-09T09:55:00-0400,2025-05-09,DUNE,21.181408,21.221312,21.120837,21.206683,95726
2025-05-09T09:55:00-0400,2025-05-09,ECHO,293.761989,294.705188,291.763244,291.976159,12432
2025-05-09T10:00:00-0400,2025-05-09,AURA,43.053997,43.099301,43.023502,43.098986,33032
2025-05-09T10:00:00-0400,2025-05-09,BOLT,121.379738,121.930172,121.232933,121.831431,20333
2025-05-09T10:00:00-0400,2025-05-09,CRUX,78.385461,78.937649,78.15695,78.795571,50067
2025-05-09T10:00:00-0400,2025-05-09,DUNE,21.19506,21.206424,21.182209,21.19612,52104
2025-05-09T10:00:00-0400,2025-05-09,ECHO,292.339291,292.458101,290.708635,291.309691,9228
2025-05-09T10:05:00-0400,2025-05-09,AURA,43.113594,43.163079,43.100218,43.103951,25893
2025-05-09T10:05:00-0400,2025-05-09,BOLT,121.747426,121.756661,121.616283,121.707151,22525
2025-05-09T10:05:00-0400,2025-05-09,CRUX,78.828519,78.8518,78.620197,78.840354,17178
2025-05-09T10:05:00-0400,2025-05-09,DUNE,21.191851,21.339418,21.174621,21.339254,46595
2025-05-09T10:05:00-0400,2025-05-09,ECHO,290.925847,291.598696,286.688304,289.488962,7508
2025-05-09T10:10:00-0400,2025-05-09,AURA,43.0922,43.114489,43.070744,43.087047,15659
2025-05-09T10:10:00-0400,2025-05-09,BOLT,121.712027,122.04335,121.696422,121.969571,12013
2025-05-09T10:10:00-0400,2025-05-09,CRUX,78.816371,78.824073,78.709594,78.821883,13655
2025-05-09T10:10:00-0400,2025-05-09,DUNE,21.325257,21.339729,21.271201,21.315751,35822
2025-05-09T10:10:00-0400,2025-05-09,ECHO,289.64867,291.039609,288.757777,289.920193,10343
2025-05-09T10:15:00-0400,2025-05-09,AURA,43.097006,43.141466,43.027452,43.041133,25450
2025-05-09T10:15:00-0400,2025-05-09,BOLT,121.943847,122.283103,121.661476,122.214838,16537
2025-05-09T10:15:00-0400,2025-05-09,CRUX,78.853918,78.896232,78.674388,78.691934,32891
2025-05-09T10:15:00-0400,2025-05-09,DUNE,21.304606,21.459471,21.275206,21.428532,56174
2025-05-09T10:15:00-0400,2025-05-09,ECHO,289.725802,291.432244,289.340655,290.735701,5512
2025-05-09T10:20:00-0400,2025-05-09,AURA,43.036268,43.052306,42.94487,43.000986,27551
2025-05-09T10:20:00-0400,2025-05-09,BOLT,122.29752,122.338588,121.713601,121.952035,18254
2025-05-09T10:20:00-0400,2025-05-09,CRUX,78.67785,78.806011,78.59135,78.76661,26872
2025-05-09T10:20:00-0400,2025-05-09,DUNE,21.405752,21.53591,21.293198,21.361362,78797
2025-05-09T10:20:00-0400,2025-05-09,ECHO,290.605964,291.053945,289.575003,290.619204,13580
2025-05-09T10:25:00-0400,2025-05-09,AURA,43.005112,43.062275,42.971384,42.995767,20847
2025-05-09T10:25:00-0400,2025-05-09,BOLT,122.046544,122.312278,121.442776,121.45442,17137
2025-05-09T10:25:00-0400,2025-05-09,CRUX,78.806317,79.181868,78.787308,79.10198,23807
2025-05-09T10:25:00-0400,2025-05-09,DUNE,21.361241,21.364411,21.307685,21.308071,78113
2025-05-09T10:25:00-0400,2025-05-09,ECHO,290.757003,292.031083,290.716786,290.983065,6057
2025-05-09T10:30:00-0400,2025-05-09,AURA,42.994807,43.137554,42.949989,43.09355,17790
2025-05-09T10:30:00-0400,2025-05-09,BOLT,121.40295,122.456279,121.327672,122.3375,8647
2025-05-09T10:30:00-0400,2025-05-09,CRUX,79.120852,79.273497,79.071371,79.247244,23761
2025-05-09T10:30:00-0400,2025-05-09,DUNE,21.310173,21.563692,21.309982,21.542262,39304
2025-05-09T10:30:00-0400,2025-05-09,ECHO,290.632277,292.253021,289.860298,292.076964,7076
2025-05-09T10:35:00-0400,2025-05-09,AURA,43.089187,43.130718,43.036803,43.071861,26086
2025-05-09T10:35:00-0400,2025-05-09,BOLT,122.334116,122.498111,122.129825,122.279131,6057
2025-05-09T10:35:00-0400,2025-05-09,CRUX,79.289726,79.429953,78.627684,78.680347,24921
2025-05-09T10:35:00-0400,2025-05-09,DUNE,21.531553,21.56249,21.496692,21.535976,27794
2025-05-09T10:35:00-0400,2025-05-09,ECHO,291.998084,294.590522,290.406479,293.686344,7025
2025-05-09T10:40:00-0400,2025-05-09,AURA,43.074338,43.139546,43.026339,43.116766,25740
2025-05-09T10:40:00-0400,2025-05-09,BOLT,122.294467,122.731004,122.21661,122.491643,8010
2025-05-09T10:40:00-0400,2025-05-09,CRUX,78.691415,79.360083,78.637756,79.168406,19692
2025-05-09T10:40:00-0400,2025-05-09,DUNE,21.545057,21.569291,21.496704,21.569026,34236
2025-05-09T10:40:00-0400,2025-05-09,ECHO,293.250874,296.805778,292.749148,295.761851,13252
2025-05-09T10:45:00-0400,2025-05-09,AURA,43.121521,43.148922,43.110626,43.126748,12706
2025-05-09T10:45:00-0400,2025-05-09,BOLT,122.5188,123.008284,122.408931,122.939967,8450
2025-05-09T10:45:00-0400,2025-05-09,CRUX,79.119243,79.48536,79.084701,79.250169,40477
2025-05-09T10:45:00-0400,2025-05-09,DUNE,21.593945,21.664897,21.542872,21.621514,24329
2025-05-09T10:45:00-0400,2025-05-09,ECHO,295.58389,297.211275,295.361275,297.202321,7361
2025-05-09T10:50:00-0400,2025-05-09,AURA,43.128022,43.149374,43.033175,43.070647,24935
2025-05-09T10:50:00-0400,2025-05-09,BOLT,122.928074,123.765517,122.860616,123.749336,11031
2025-05-09T10:50:00-0400,2025-05-09,CRUX,79.300027,79.808632,79.104202,79.729861,17342
2025-05-09T10:50:00-0400,2025-05-09,DUNE,21.612705,21.683429,21.561428,21.590043,47499
2025-05-09T10:50:00-0400,2025-05-09,ECHO,297.208006,301.231121,295.795239,301.136145,5455
2025-05-09T10:55:00-0400,2025-05-09,AURA,43.07491,43.076675,43.012594,43.028036,27375
2025-05-09T10:55:00-0400,2025-05-09,BOLT,123.719305,123.731547,123.475013,123.609062,9113
2025-05-09T10:55:00-0400,2025-05-09,CRUX,79.72541,79.892951,79.653988,79.759309,38533
2025-05-09T10:55:00-0400,2025-05-09,DUNE,21.59208,21.655822,21.533914,21.572164,55870
2025-05-09T10:55:00-0400,2025-05-09,ECHO,301.075378,302.462021,298.820178,300.396114,2615
2025-05-09T11:00:00-0400,2025-05-09,AURA,43.030773,43.212579,43.008715,43.168505,10653
2025-05-09T11:00:00-0400,2025-05-09,BOLT,123.613415,124.413695,123.532413,124.371701,11292
2025-05-09T11:00:00-0400,2025-05-09,CRUX,79.807185,80.164847,79.684573,80.023666,24133
2025-05-09T11:00:00-0400,2025-05-09,DUNE,21.577055,21.611774,21.559896,21.578841,50913
2025-05-09T11:00:00-0400,2025-05-09,ECHO,299.873659,301.821588,299.676583,300.866977,4879
2025-05-09T11:05:00-0400,2025-05-09,AURA,43.167211,43.288931,43.155745,43.240288,25865
2025-05-09T11:05:00-0400,2025-05-09,BOLT,124.41125,125.094469,124.272954,125.081251,5639
2025-05-09T11:05:00-0400,2025-05-09,CRUX,80.058047,80.156043,80.0366,80.132674,31348
2025-05-09T11:05:00-0400,2025-05-09,DUNE,21.6194,21.869461,21.577307,21.830601,61480
2025-05-09T11:05:00-0400,2025-05-09,ECHO,301.134548,305.117896,300.361271,304.137882,8009
2025-05-09T11:10:00-0400,2025-05-09,AURA,43.238118,43.264184,43.19615,43.222244,14918
2025-05-09T11:10:00-0400,2025-05-09,BOLT,125.07914,125.263032,124.605651,124.725632,8444
2025-05-09T11:10:00-0400,2025-05-09,CRUX,80.119396,80.42359,79.831832,80.272948,26932
2025-05-09T11:10:00-0400,2025-05-09,DUNE,21.840242,21.96908,21.830741,21.939192,69231
2025-05-09T11:10:00-0400,2025-05-09,ECHO,304.270957,304.944656,302.000276,303.583468,5346
2025-05-09T11:15:00-0400,2025-05-09,AURA,43.223707,43.22783,43.188051,43.193426,7792
2025-05-09T11:15:00-0400,2025-05-09,BOLT,124.720092,125.227381,124.705631,125.154045,11660
2025-05-09T11:15:00-0400,2025-05-09,CRUX,80.267912,80.373754,79.834625,80.0098,19463
2025-05-09T11:15:00-0400,2025-05-09,DUNE,21.955842,21.976973,21.929736,21.95372,24746
2025-05-09T11:15:00-0400,2025-05-09,ECHO,303.21015,303.297949,300.739255,301.01823,5341
2025-05-09T11:20:00-0400,2025-05-09,AURA,43.179151,43.340644,43.154846,43.274523,20147
2025-05-09T11:20:00-0400,2025-05-09,BOLT,125.166588,125.546772,125.051441,125.295799,16502
2025-05-09T11:20:00-0400,2025-05-09,CRUX,79.965217,80.468318,79.940908,80.363632,22959
2025-05-09T11:20:00-0400,2025-05-09,DUNE,21.961343,22.117787,21.960994,22.091404,42619
2025-05-09T11:20:00-0400,2025-05-09,ECHO,301.089298,302.836246,300.623756,302.336862,2963
2025-05-09T11:25:00-0400,2025-05-09,AURA,43.250126,43.325481,43.144903,43.159567,18173
2025-05-09T11:25:00-0400,2025-05-09,BOLT,125.204045,125.238834,124.910762,124.982041,12565
2025-05-09T11:25:00-0400,2025-05-09,CRUX,80.344481,80.361651,80.221224,80.282809,23787
2025-05-09T11:25:00-0400,2025-05-09,DUNE,22.099162,22.112256,21.998519,22.060442,37607
2025-05-09T11:25:00-0400,2025-05-09,ECHO,302.605141,302.716393,300.342416,300.898916,9787
2025-05-09T11:30:00-0400,2025-05-09,AURA,43.168738,43.214997,43.167907,43.199927,23168
2025-05-09T11:30:00-0400,2025-05-09,BOLT,125.020596,125.121655,124.678425,124.949505,11036
2025-05-09T11:30:00-0400,2025-05-09,CRUX,80.269693,80.898409,80.1074,80.774349,9961
2025-05-09T11:30:00-0400,2025-05-09,DUNE,22.060979,22.303355,21.954293,22.238627,66614
2025-05-09T11:30:00-0400,2025-05-09,ECHO,301.124643,303.362531,300.879176,301.660049,3135
2025-05-09T11:35:00-0400,2025-05-09,AURA,43.189436,43.212918,43.105096,43.199895,23143
2025-05-09T11:35:00-0400,2025-05-09,BOLT,125.078246,125.196554,124.862083,124.87297,8127
2025-05-09T11:35:00-0400,2025-05-09,CRUX,80.797697,80.850711,80.140278,80.306801,14601
2025-05-09T11:35:00-0400,2025-05-09,DUNE,22.231288,22.277765,22.088177,22.137488,45577
2025-05-09T11:35:00-0400,2025-05-09,ECHO,301.541822,303.145568,301.396324,302.816541,7094
2025-05-09T11:40:00-0400,2025-05-09,AURA,43.172176,43.265671,43.123786,43.158638,16362
2025-05-09T11:40:00-0400,2025-05-09,BOLT,124.828274,125.124528,124.77032,125.077152,8853
2025-05-09T11:40:00-0400,2025-05-09,CRUX,80.283382,80.735422,80.245769,80.685584,10900
2025-05-09T11:40:00-0400,2025-05-09,DUNE,22.151375,22.151587,22.076723,22.123217,46407
2025-05-09T11:40:00-0400,2025-05-09,ECHO,302.895504,304.358757,302.892714,303.336598,2200
2025-05-09T11:45:00-0400,2025-05-09,AURA,43.155445,43.222651,43.121412,43.185608,17172
2025-05-09T11:45:00-0400,2025-05-09,BOLT,125.152057,125.337207,124.860196,125.071015,11383
2025-05-09T11:45:00-0400,2025-05-09,CRUX,80.718205,80.749391,80.468297,80.539088,15404
2025-05-09T11:45:00-0400,2025-05-09,DUNE,22.12314,22.325727,22.074427,22.286618,25811
2025-05-09T11:45:00-0400,2025-05-09,ECHO,303.48472,303.895116,299.367616,300.269121,5410
2025-05-09T11:50:00-0400,2025-05-09,AURA,43.183274,43.277049,43.118367,43.210329,9906
2025-05-09T11:50:00-0400,2025-05-09,BOLT,125.074797,125.496973,125.006373,125.392404,10441
2025-05-09T11:50:00-0400,2025-05-09,CRUX,80.587487,80.668847,80.369747,80.467828,13061
2025-05-09T11:50:00-0400,2025-05-09,DUNE,22.268681,22.317424,22.258094,22.313708,38990
2025-05-09T11:50:00-0400,2025-05-09,ECHO,300.120706,301.208438,299.252943,300.793688,3213
2025-05-09T11:55:00-0400,2025-05-09,AURA,43.214153,43.35497,43.200481,43.333394,10320
2025-05-09T11:55:00-0400,2025-05-09,BOLT,125.343482,125.573664,125.23703,125.515423,18264
2025-05-09T11:55:00-0400,2025-05-09,CRUX,80.41126,80.696648,80.300519,80.553003,17395
2025-05-09T11:55:00-0400,2025-05-09,DUNE,22.315788,22.359522,22.236338,22.330188,18982
2025-05-09T11:55:00-0400,2025-05-09,ECHO,300.544785,301.00211,298.739812,300.046299,4054
2025-05-09T12:00:00-0400,2025-05-09,AURA,43.337896,43.344621,43.293858,43.297108,8453
2025-05-09T12:00:00-0400,2025-05-09,BOLT,125.530074,125.699545,125.142232,125.505742,8622
2025-05-09T12:00:00-0400,2025-05-09,CRUX,80.617641,80.721069,80.246169,80.283472,20826
2025-05-09T12:00:00-0400,2025-05-09,DUNE,22.31743,22.439522,22.291633,22.322038,35395
2025-05-09T12:00:00-0400,2025-05-09,ECHO,299.891163,301.741358,299.800969,301.362001,4905
2025-05-09T12:05:00-0400,2025-05-09,AURA,43.291061,43.391878,43.274811,43.304478,8858
2025-05-09T12:05:00-0400,2025-05-09,BOLT,125.426877,125.695786,125.328916,125.608948,7401
2025-05-09T12:05:00-0400,2025-05-09,CRUX,80.258633,80.516387,80.055363,80.16113,29116
2025-05-09T12:05:00-0400,2025-05-09,DUNE,22.311695,22.342512,22.258539,22.32858,18629
2025-05-09T12:05:00-0400,2025-05-09,ECHO,301.497995,303.351076,299.497592,302.77797,3934
2025-05-09T12:10:00-0400,2025-05-09,AURA,43.305538,43.343249,43.187397,43.337243,21137
2025-05-09T12:10:00-0400,2025-05-09,BOLT,125.604699,125.651139,125.417361,125.421139,10858
2025-05-09T12:10:00-0400,2025-05-09,CRUX,80.166733,80.182561,79.851732,79.933222,11287
2025-05-09T12:10:00-0400,2025-05-09,DUNE,22.298091,22.37184,22.169597,22.250394,37102
2025-05-09T12:10:00-0400,2025-05-09,ECHO,302.806006,302.947767,300.564478,301.448534,3795
2025-05-09T12:15:00-0400,2025-05-09,AURA,43.3507,43.364694,43.260864,43.311165,13082
2025-05-09T12:15:00-0400,2025-05-09,BOLT,125.419197,125.519368,125.076626,125.212437,9414
2025-05-09T12:15:00-0400,2025-05-09,CRUX,79.925836,80.003972,79.578625,79.649933,17430
2025-05-09T12:15:00-0400,2025-05-09,DUNE,22.246782,22.311921,22.206463,22.228928,18836
2025-05-09T12:15:00-0400,2025-05-09,ECHO,301.970264,303.96656,300.156561,302.623895,3954
2025-05-09T12:20:00-0400,2025-05-09,AURA,43.307107,43.308691,43.228449,43.267499,12370
2025-05-09T12:20:00-0400,2025-05-09,BOLT,125.170112,125.266693,124.90009,124.936027,10646
2025-05-09T12:20:00-0400,2025-05-09,CRUX,79.656218,79.666568,79.602128,79.637467,10449
2025-05-09T12:20:00-0400,2025-05-09,DUNE,22.218241,22.30146,22.178658,22.23587,64543
2025-05-09T12:20:00-0400,2025-05-09,ECHO,302.481706,303.445508,299.163465,299.585447,1901
2025-05-09T12:25:00-0400,2025-05-09,AURA,43.262814,43.400705,43.20506,43.318699,10075
2025-05-09T12:25:00-0400,2025-05-09,BOLT,124.918214,125.025368,124.835388,124.88631,8825
2025-05-09T12:25:00-0400,2025-05-09,CRUX,79.673277,80.018916,79.344594,79.489632,21351
2025-05-09T12:25:00-0400,2025-05-09,DUNE,22.216963,22.308879,22.197188,22.278351,31719
2025-05-09T12:25:00-0400,2025-05-09,ECHO,299.4257,303.535902,298.998755,303.188075,5273
2025-05-09T12:30:00-0400,2025-05-09,AURA,43.309329,43.53939,43.282711,43.478053,9470
2025-05-09T12:30:00-0400,2025-05-09,BOLT,124.900883,125.084137,124.568687,125.059936,22517
2025-05-09T12:30:00-0400,2025-05-09,CRUX,79.546644,79.577837,79.45125,79.564656,10579
2025-05-09T12:30:00-0400,2025-05-09,DUNE,22.286708,22.388962,22.27108,22.346053,26956
2025-05-09T12:30:00-0400,2025-05-09,ECHO,303.187951,308.311856,302.715211,306.204504,1908
2025-05-09T12:35:00-0400,2025-05-09,AURA,43.472519,43.541193,43.427085,43.494004,6020
2025-05-09T12:35:00-0400,2025-05-09,BOLT,125.014502,125.410968,124.956074,125.332161,4911
2025-05-09T12:35:00-0400,2025-05-09,CRUX,79.593276,79.68331,79.19383,79.278091,14725
2025-05-09T12:35:00-0400,2025-05-09,DUNE,22.354084,22.397612,22.320196,22.337267,26024
2025-05-09T12:35:00-0400,2025-05-09,ECHO,305.773103,307.096215,303.655779,304.080243,4421
2025-05-09T12:40:00-0400,2025-05-09,AURA,43.497144,43.574758,43.492356,43.525102,16844
2025-05-09T12:40:00-0400,2025-05-09,BOLT,125.261514,125.61522,125.021254,125.488642,6238
2025-05-09T12:40:00-0400,2025-05-09,CRUX,79.279481,79.609989,79.014297,79.566202,18046
2025-05-09T12:40:00-0400,2025-05-09,DUNE,22.357131,22.401038,22.342056,22.385566,33720
2025-05-09T12:40:00-0400,2025-05-09,ECHO,304.109658,305.478845,302.569253,303.281881,4280
2025-05-09T12:45:00-0400,2025-05-09,AURA,43.517145,43.679959,43.49728,43.58124,9078
2025-05-09T12:45:00-0400,2025-05-09,BOLT,125.484261,125.916904,125.443153,125.68154,6182
2025-05-09T12:45:00-0400,2025-05-09,CRUX,79.52994,79.647879,79.096558,79.201508,27637
2025-05-09T12:45:00-0400,2025-05-09,DUNE,22.400884,22.401249,22.318878,22.371574,16706
2025-05-09T12:45:00-0400,2025-05-09,ECHO,303.274946,304.070684,302.935505,303.094835,3794
2025-05-09T12:50:00-0400,2025-05-09,AURA,43.58211,43.610527,43.4813,43.490298,9870
2025-05-09T12:50:00-0400,2025-05-09,BOLT,125.757945,125.983471,125.585598,125.804046,12624
2025-05-09T12:50:00-0400,2025-05-09,CRUX,79.121315,79.44269,79.07135,79.217875,7241
2025-05-09T12:50:00-0400,2025-05-09,DUNE,22.374894,22.490392,22.350554,22.461811,27366
2025-05-09T12:50:00-0400,2025-05-09,ECHO,302.926916,303.9437,301.793355,302.137723,3819
2025-05-09T12:55:00-0400,2025-05-09,AURA,43.496871,43.630293,43.431471,43.578663,11918
2025-05-09T12:55:00-0400,2025-05-09,BOLT,125.742128,126.037244,125.436501,125.472088,17239
2025-05-09T12:55:00-0400,2025-05-09,CRUX,79.230154,79.337854,78.980256,79.052906,8196
2025-05-09T12:55:00-0400,2025-05-09,DUNE,22.471461,22.548122,22.453551,22.518917,22557
2025-05-09T12:55:00-0400,2025-05-09,ECHO,301.571508,303.381993,300.868878,302.317726,3446
2025-05-09T13:00:00-0400,2025-05-09,AURA,43.57765,43.64803,43.566073,43.607419,9603
2025-05-09T13:00:00-0400,2025-05-09,BOLT,125.504667,125.517564,125.184222,125.471745,13177
2025-05-09T13:00:00-0400,2025-05-09,CRUX,79.088561,79.477522,78.890874,79.08928,23415
2025-05-09T13:00:00-0400,2025-05-09,DUNE,22.501375,22.640874,22.453556,22.640821,40835
2025-05-09T13:00:00-0400,2025-05-09,ECHO,302.721545,304.60895,302.703202,303.280733,3741
2025-05-09T13:05:00-0400,2025-05-09,AURA,43.598065,43.812001,43.589765,43.781988,14211
2025-05-09T13:05:00-0400,2025-05-09,BOLT,125.446069,125.648304,125.265262,125.540281,7041
2025-05-09T13:05:00-0400,2025-05-09,CRUX,79.091107,79.245799,78.819962,79.226221,5720
2025-05-09T13:05:00-0400,2025-05-09,DUNE,22.650343,22.732822,22.525748,22.579506,39861
2025-05-09T13:05:00-0400,2025-05-09,ECHO,303.473842,303.697459,302.492251,303.637443,4082
2025-05-09T13:10:00-0400,2025-05-09,AURA,43.791194,43.893683,43.767096,43.864042,18936
2025-05-09T13:10:00-0400,2025-05-09,BOLT,125.634918,125.669113,125.096401,125.375742,9100
2025-05-09T13:10:00-0400,2025-05-09,CRUX,79.204927,79.472327,79.172675,79.321737,23083
2025-05-09T13:10:00-0400,2025-05-09,DUNE,22.569852,22.653662,22.543686,22.621245,31799
2025-05-09T13:10:00-0400,2025-05-09,ECHO,303.386257,305.7676,303.152039,305.680517,4359
2025-05-09T13:15:00-0400,2025-05-09,AURA,43.866591,43.923214,43.836324,43.905514,9240
2025-05-09T13:15:00-0400,2025-05-09,BOLT,125.346009,125.38164,125.178276,125.254247,7514
2025-05-09T13:15:00-0400,2025-05-09,CRUX,79.22733,79.349128,79.17541,79.215607,13627
2025-05-09T13:15:00-0400,2025-05-09,DUNE,22.603389,22.708595,22.582227,22.674254,20720
2025-05-09T13:15:00-0400,2025-05-09,ECHO,305.671226,308.456514,304.451003,307.969796,5398
2025-05-09T13:20:00-0400,2025-05-09,AURA,43.903065,43.981314,43.865997,43.967752,19728
2025-05-09T13:20:00-0400,2025-05-09,BOLT,125.20389,125.370165,125.087269,125.299161,6806
2025-05-09T13:20:00-0400,2025-05-09,CRUX,79.19317,79.403283,79.163367,79.346745,17713
2025-05-09T13:20:00-0400,2025-05-09,DUNE,22.646748,22.654995,22.584916,22.616443,30310
2025-05-09T13:20:00-0400,2025-05-09,ECHO,307.801825,310.220033,307.278048,309.032322,6154
2025-05-09T13:25:00-0400,2025-05-09,AURA,43.982232,43.986338,43.906198,43.969417,10099
2025-05-09T13:25:00-0400,2025-05-09,BOLT,125.267605,125.335037,125.082806,125.267381,5340
2025-05-09T13:25:00-0400,2025-05-09,CRUX,79.343498,79.901812,79.263855,79.623368,18142
2025-05-09T13:25:00-0400,2025-05-09,DUNE,22.619197,22.650554,22.575924,22.649705,43159
2025-05-09T13:25:00-0400,2025-05-09,ECHO,309.49631,310.282311,305.528673,305.709525,4734
2025-05-09T13:30:00-0400,2025-05-09,AURA,43.964864,44.044971,43.939287,44.0436,11085
2025-05-09T13:30:00-0400,2025-05-09,BOLT,125.304519,125.898657,125.280696,125.748302,5193
2025-05-09T13:30:00-0400,2025-05-09,CRUX,79.627186,79.683746,79.139574,79.309453,19403
2025-05-09T13:30:00-0400,2025-05-09,DUNE,22.660826,22.682711,22.648884,22.656721,27583
2025-05-09T13:30:00-0400,2025-05-09,ECHO,305.144212,305.72652,304.898321,305.240002,2662
2025-05-09T13:35:00-0400,2025-05-09,AURA,44.045983,44.152325,44.026052,44.144255,13755
2025-05-09T13:35:00-0400,2025-05-09,BOLT,125.670511,125.89822,125.652748,125.744469,9879
2025-05-09T13:35:00-0400,2025-05-09,CRUX,79.336496,79.338699,79.006854,79.113089,15329
2025-05-09T13:35:00-0400,2025-05-09,DUNE,22.639489,22.659792,22.631352,22.639749,33790
2025-05-09T13:35:00-0400,2025-05-09,ECHO,305.411573,306.002013,304.433636,304.495616,2477
2025-05-09T13:40:00-0400,2025-05-09,AURA,44.154957,44.200564,44.110116,44.147183,13153
2025-05-09T13:40:00-0400,2025-05-09,BOLT,125.750692,125.860024,125.548679,125.565332,11279
2025-05-09T13:40:00-0400,2025-05-09,CRUX,79.115035,79.15907,78.957294,79.037487,17227
2025-05-09T13:40:00-0400,2025-05-09,DUNE,22.65367,22.705772,22.615432,22.628508,54382
2025-05-09T13:40:00-0400,2025-05-09,ECHO,304.693027,306.643836,303.007724,306.608678,4743
2025-05-09T13:45:00-0400,2025-05-09,AURA,44.164494,44.216894,44.078193,44.109444,14995
2025-05-09T13:45:00-0400,2025-05-09,BOLT,125.620138,125.749004,125.250799,125.331349,6515
2025-05-09T13:45:00-0400,2025-05-09,CRUX,79.020682,79.291392,78.981832,79.22672,16811
2025-05-09T13:45:00-0400,2025-05-09,DUNE,22.635993,22.657222,22.52792,22.576686,27467
2025-05-09T13:45:00-0400,2025-05-09,ECHO,306.684226,306.79596,306.184684,306.411436,2397
2025-05-09T13:50:00-0400,2025-05-09,AURA,44.11347,44.167591,44.014014,44.053877,22859
2025-05-09T13:50:00-0400,2025-05-09,BOLT,125.315162,125.496625,125.242839,125.248647,10736
2025-05-09T13:50:00-0400,2025-05-09,CRUX,79.178098,79.251954,79.051985,79.12403,8375
2025-05-09T13:50:00-0400,2025-05-09,DUNE,22.588117,22.616278,22.393301,22.473126,63324
2025-05-09T13:50:00-0400,2025-05-09,ECHO,305.977325,307.910315,305.360467,305.973862,4150
2025-05-09T13:55:00-0400,2025-05-09,AURA,44.059859,44.071926,43.978983,43.99138,15040
2025-05-09T13:55:00-0400,2025-05-09,BOLT,125.188437,125.355734,124.560308,124.77204,6533
2025-05-09T13:55:00-0400,2025-05-09,CRUX,79.137655,79.210867,79.066543,79.084578,20484
2025-05-09T13:55:00-0400,2025-05-09,DUNE,22.457355,22.50128,22.413518,22.428297,22886
2025-05-09T13:55:00-0400,2025-05-09,ECHO,306.109591,307.232151,303.954001,304.237252,5280
2025-05-09T14:00:00-0400,2025-05-09,AURA,43.997737,44.038504,43.851069,43.890333,20907
2025-05-09T14:00:00-0400,2025-05-09,BOLT,124.815204,124.816461,124.230616,124.321561,10750
2025-05-09T14:00:00-0400,2025-05-09,CRUX,79.058023,79.208793,78.989753,79.183024,20879
2025-05-09T14:00:00-0400,2025-05-09,DUNE,22.419271,22.523578,22.182721,22.215408,28041
2025-05-09T14:00:00-0400,2025-05-09,ECHO,304.100995,304.220409,303.273504,303.53504,4346
2025-05-09T14:05:00-0400,2025-05-09,AURA,43.888128,44.011925,43.861595,43.956049,10250
2025-05-09T14:05:00-0400,2025-05-09,BOLT,124.307444,124.431268,124.059066,124.213365,8233
2025-05-09T14:05:00-0400,2025-05-09,CRUX,79.140098,79.564457,79.11457,79.339425,16840
2025-05-09T14:05:00-0400,2025-05-09,DUNE,22.229418,22.261961,22.037522,22.113067,29854
2025-05-09T14:05:00-0400,2025-05-09,ECHO,303.772153,306.603437,302.767715,305.235265,2343
2025-05-09T14:10:00-0400,2025-05-09,AURA,43.957908,44.06027,43.918704,44.060205,19346
2025-05-09T14:10:00-0400,2025-05-09,BOLT,124.180197,124.388275,123.955545,124.215809,13802
2025-05-09T14:10:00-0400,2025-05-09,CRUX,79.33018,79.385878,79.058591,79.073321,13606
2025-05-09T14:10:00-0400,2025-05-09,DUNE,22.114149,22.141295,21.909223,21.983057,24290
2025-05-09T14:10:00-0400,2025-05-09,ECHO,305.530414,305.702476,304.402404,304.596028,7821
2025-05-09T14:15:00-0400,2025-05-09,AURA,44.080154,44.259782,44.0244,44.235574,12532
2025-05-09T14:15:00-0400,2025-05-09,BOLT,124.172433,124.737345,124.043025,124.583409,12393
2025-05-09T14:15:00-0400,2025-05-09,CRUX,79.05521,79.187589,78.856262,79.153801,25723
2025-05-09T14:15:00-0400,2025-05-09,DUNE,21.977458,22.083183,21.968588,22.054241,47826
2025-05-09T14:15:00-0400,2025-05-09,ECHO,304.589643,306.32297,303.892041,305.878611,7293
2025-05-09T14:20:00-0400,2025-05-09,AURA,44.23001,44.232983,44.173949,44.207995,19696
2025-05-09T14:20:00-0400,2025-05-09,BOLT,124.54379,124.904278,124.402262,124.877697,8464
2025-05-09T14:20:00-0400,2025-05-09,CRUX,79.114322,79.425928,78.967522,79.387479,9542
2025-05-09T14:20:00-0400,2025-05-09,DUNE,22.052071,22.072146,21.963397,21.970899,81047
2025-05-09T14:20:00-0400,2025-05-09,ECHO,305.738999,309.304033,305.723258,307.852267,7907
2025-05-09T14:25:00-0400,2025-05-09,AURA,44.210344,44.261187,44.140693,44.250315,17961
2025-05-09T14:25:00-0400,2025-05-09,BOLT,124.884379,124.922383,124.755034,124.81039,23765
2025-05-09T14:25:00-0400,2025-05-09,CRUX,79.353532,79.36446,79.148617,79.267467,25632
2025-05-09T14:25:00-0400,2025-05-09,DUNE,21.979506,22.115341,21.927225,22.07743,40237
2025-05-09T14:25:00-0400,2025-05-09,ECHO,307.676978,312.473793,307.58112,311.407676,14970
2025-05-09T14:30:00-0400,2025-05-09,AURA,44.232105,44.294237,44.145974,44.278225,11994
2025-05-09T14:30:00-0400,2025-05-09,BOLT,124.762821,124.799861,124.742195,124.748802,8488
2025-05-09T14:30:00-0400,2025-05-09,CRUX,79.279899,79.350003,79.134544,79.271257,16534
2025-05-09T14:30:00-0400,2025-05-09,DUNE,22.051638,22.252712,22.046766,22.151636,37146
2025-05-09T14:30:00-0400,2025-05-09,ECHO,311.372165,312.300845,310.750229,312.169623,16491
2025-05-09T14:35:00-0400,2025-05-09,AURA,44.270554,44.318068,44.248978,44.305432,21994
2025-05-09T14:35:00-0400,2025-05-09,BOLT,124.75647,124.960376,124.376881,124.543821,9154
2025-05-09T14:35:00-0400,2025-05-09,CRUX,79.300432,79.44817,79.202433,79.262856,27868
2025-05-09T14:35:00-0400,2025-05-09,DUNE,22.158452,22.213523,22.140917,22.170556,47723
2025-05-09T14:35:00-0400,2025-05-09,ECHO,312.114955,313.468087,310.672762,310.793443,5984
2025-05-09T14:40:00-0400,2025-05-09,AURA,44.320313,44.375711,44.266814,44.289774,29656
2025-05-09T14:40:00-0400,2025-05-09,BOLT,124.50961,124.698496,124.107736,124.476005,13737
2025-05-09T14:40:00-0400,2025-05-09,CRUX,79.323015,79.48701,79.22556,79.389603,30725
2025-05-09T14:40:00-0400,2025-05-09,DUNE,22.160293,22.164125,22.094036,22.105263,53006
2025-05-09T14:40:00-0400,2025-05-09,ECHO,311.373594,311.533272,310.531972,311.238872,6876
2025-05-09T14:45:00-0400,2025-05-09,AURA,44.276412,44.320437,44.214196,44.249043,12257
2025-05-09T14:45:00-0400,2025-05-09,BOLT,124.444957,124.853577,124.431978,124.583856,11817
2025-05-09T14:45:00-0400,2025-05-09,CRUX,79.38294,79.488373,79.136653,79.232849,16725
2025-05-09T14:45:00-0400,2025-05-09,DUNE,22.123739,22.319511,22.073927,22.244048,38563
2025-05-09T14:45:00-0400,2025-05-09,ECHO,311.375021,313.041801,310.306689,312.962246,7474
2025-05-09T14:50:00-0400,2025-05-09,AURA,44.270155,44.343198,44.256997,44.324826,21473
2025-05-09T14:50:00-0400,2025-05-09,BOLT,124.567762,124.669142,124.253628,124.45996,11695
2025-05-09T14:50:00-0400,2025-05-09,CRUX,79.164147,79.45792,79.086712,79.441161,22904
2025-05-09T14:50:00-0400,2025-05-09,DUNE,22.232392,22.24195,22.209055,22.229179,66877
2025-05-09T14:50:00-0400,2025-05-09,ECHO,312.900452,313.72943,311.747219,313.103663,4418
2025-05-09T14:55:00-0400,2025-05-09,AURA,44.340495,44.43978,44.334935,44.432957,21471
2025-05-09T14:55:00-0400,2025-05-09,BOLT,124.418237,124.948256,124.368668,124.890772,15773
2025-05-09T14:55:00-0400,2025-05-09,CRUX,79.461845,79.605512,79.311624,79.346829,27834
2025-05-09T14:55:00-0400,2025-05-09,DUNE,22.236562,22.396441,22.190489,22.35478,87125
2025-05-09T14:55:00-0400,2025-05-09,ECHO,313.720065,314.726758,312.187059,314.174266,7527
2025-05-09T15:00:00-0400,2025-05-09,AURA,44.433528,44.461849,44.390686,44.393777,35725
2025-05-09T15:00:00-0400,2025-05-09,BOLT,124.918718,125.052776,124.776839,125.05168,22860
2025-05-09T15:00:00-0400,2025-05-09,CRUX,79.340106,79.363532,78.690243,78.83761,26533
2025-05-09T15:00:00-0400,2025-05-09,DUNE,22.377814,22.425351,22.220157,22.24379,54309
2025-05-09T15:00:00-0400,2025-05-09,ECHO,314.010437,315.941253,311.659628,313.276557,5329
2025-05-09T15:05:00-0400,2025-05-09,AURA,44.395865,44.426975,44.227567,44.259312,22122
2025-05-09T15:05:00-0400,2025-05-09,BOLT,125.008651,125.157375,124.533804,124.614137,17499
2025-05-09T15:05:00-0400,2025-05-09,CRUX,78.845638,79.031033,78.53198,78.700845,28307
2025-05-09T15:05:00-0400,2025-05-09,DUNE,22.212557,22.367821,22.182226,22.283815,32265
2025-05-09T15:05:00-0400,2025-05-09,ECHO,312.947774,313.306352,310.188082,310.960878,13122
2025-05-09T15:10:00-0400,2025-05-09,AURA,44.259328,44.322414,44.250565,44.294594,19264
2025-05-09T15:10:00-0400,2025-05-09,BOLT,124.58884,124.602978,123.900862,124.04732,11072
2025-05-09T15:10:00-0400,2025-05-09,CRUX,78.680865,78.982717,78.63086,78.729522,38090
2025-05-09T15:10:00-0400,2025-05-09,DUNE,22.306856,22.333721,22.279969,22.313798,30026
2025-05-09T15:10:00-0400,2025-05-09,ECHO,310.782366,311.275745,307.2293,307.568702,9623
2025-05-09T15:15:00-0400,2025-05-09,AURA,44.322049,44.376045,44.318465,44.367555,30417
2025-05-09T15:15:00-0400,2025-05-09,BOLT,124.065088,124.517093,124.011906,124.452501,12710
2025-05-09T15:15:00-0400,2025-05-09,CRUX,78.748364,78.967413,78.498414,78.924053,44157
2025-05-09T15:15:00-0400,2025-05-09,DUNE,22.302187,22.466677,22.268951,22.441662,60993
2025-05-09T15:15:00-0400,2025-05-09,ECHO,307.251129,307.850902,306.698019,307.05078,9477
2025-05-09T15:20:00-0400,2025-05-09,AURA,44.356053,44.397581,44.217609,44.264812,26620
2025-05-09T15:20:00-0400,2025-05-09,BOLT,124.457539,124.565481,124.392705,124.559427,14247
2025-05-09T15:20:00-0400,2025-05-09,CRUX,78.943686,79.154003,78.608187,78.629164,30263
2025-05-09T15:20:00-0400,2025-05-09,DUNE,22.447906,22.452627,22.207933,22.281711,52458
2025-05-09T15:20:00-0400,2025-05-09,ECHO,306.702359,306.838944,304.375812,306.766545,4048
2025-05-09T15:25:00-0400,2025-05-09,AURA,44.25788,44.36139,44.224482,44.340739,21567
2025-05-09T15:25:00-0400,2025-05-09,BOLT,124.569605,124.606271,124.210359,124.497127,17499
2025-05-09T15:25:00-0400,2025-05-09,CRUX,78.642671,78.873054,78.468318,78.747435,20727
2025-05-09T15:25:00-0400,2025-05-09,DUNE,22.267047,22.463815,22.264313,22.447654,51333
2025-05-09T15:25:00-0400,2025-05-09,ECHO,306.355942,309.924119,305.120539,308.715911,3508
2025-05-09T15:30:00-0400,2025-05-09,AURA,44.325347,44.340678,44.188232,44.252674,23528
2025-05-09T15:30:00-0400,2025-05-09,BOLT,124.471063,124.480224,124.146065,124.197064,21960
2025-05-09T15:30:00-0400,2025-05-09,CRUX,78.766142,78.811503,78.328078,78.416965,31142
2025-05-09T15:30:00-0400,2025-05-09,DUNE,22.450824,22.513965,22.450642,22.490317,90282
2025-05-09T15:30:00-0400,2025-05-09,ECHO,308.62083,310.573892,307.259464,310.046949,10553
2025-05-09T15:35:00-0400,2025-05-09,AURA,44.262876,44.370171,44.24154,44.364191,25827
2025-05-09T15:35:00-0400,2025-05-09,BOLT,124.138497,124.585814,124.029083,124.507824,25971
2025-05-09T15:35:00-0400,2025-05-09,CRUX,78.383251,78.636617,78.354514,78.355345,38739
2025-05-09T15:35:00-0400,2025-05-09,DUNE,22.471857,22.535091,22.41901,22.530658,47016
2025-05-09T15:35:00-0400,2025-05-09,ECHO,309.826756,312.359355,308.447165,312.068793,10663
2025-05-09T15:40:00-0400,2025-05-09,AURA,44.360409,44.371265,44.333735,44.336719,29394
2025-05-09T15:40:00-0400,2025-05-09,BOLT,124.512067,125.055552,124.409615,125.017899,11114
2025-05-09T15:40:00-0400,2025-05-09,CRUX,78.286969,78.299349,78.143302,78.257293,42737
2025-05-09T15:40:00-0400,2025-05-09,DUNE,22.508978,22.627823,22.497701,22.551026,131611
2025-05-09T15:40:00-0400,2025-05-09,ECHO,312.372597,313.744018,311.996138,313.072219,5773
2025-05-09T15:45:00-0400,2025-05-09,AURA,44.347577,44.464119,44.326579,44.383881,31492
2025-05-09T15:45:00-0400,2025-05-09,BOLT,125.105443,125.367961,124.995099,125.132219,35757
2025-05-09T15:45:00-0400,2025-05-09,CRUX,78.276801,78.59974,78.241837,78.362854,30447
2025-05-09T15:45:00-0400,2025-05-09,DUNE,22.551006,22.561512,22.47037,22.484609,58764
2025-05-09T15:45:00-0400,2025-05-09,ECHO,312.797561,312.961719,310.148537,311.341973,9715
2025-05-09T15:50:00-0400,2025-05-09,AURA,44.397679,44.420104,44.269274,44.316863,25777
2025-05-09T15:50:00-0400,2025-05-09,BOLT,125.101144,125.375659,124.991502,125.044818,16136
2025-05-09T15:50:00-0400,2025-05-09,CRUX,78.288395,78.355906,78.180426,78.277781,30657
2025-05-09T15:50:00-0400,2025-05-09,DUNE,22.501221,22.508748,22.244723,22.288182,121587
2025-05-09T15:50:00-0400,2025-05-09,ECHO,311.390377,311.884533,310.964339,311.776357,14514
2025-05-09T15:55:00-0400,2025-05-09,AURA,44.307781,44.36997,44.260206,44.36818,20317
2025-05-09T15:55:00-0400,2025-05-09,BOLT,125.099306,125.360415,125.041042,125.348835,25787
2025-05-09T15:55:00-0400,2025-05-09,CRUX,78.295164,78.524481,78.119987,78.262306,32941
2025-05-09T15:55:00-0400,2025-05-09,DUNE,22.280462,22.335324,22.197168,22.207938,83256
2025-05-09T15:55:00-0400,2025-05-09,ECHO,311.790204,314.316433,311.66546,313.331214,6398
